{"type":"FeatureCollection","features":[{"type":"Feature","properties":{"mtfcc_code":"S1400"},"geometry":{"type":"LineString","coordinates":[[-106.79009,39.37567],[-106.78998,39.37586],[-106.78998,39.37624],[-106.79038,39.37732],[-106.79033,39.37771],[-106.79017,39.37787]]}},{"type":"Feature","properties":{"mtfcc_code":"S1400"},"geometry":{"type":"LineString","coordinates":[[-106.73062,39.28886],[-106.73064,39.2896],[-106.73078,39.29016],[-106.7311,39.29042],[-106.73131,39.29082],[-106.73175,39.29107],[-106.73197,39.2914],[-106.73237,39.29161]]}},{"type":"Feature","properties":{"name":"FORK WAYS","mtfcc_code":"S1400"},"geometry":{"type":"LineString","coordinates":[[-106.73935,39.27453],[-106.73957,39.27405],[-106.73973,39.2739],[-106.73945,39.27346],[-106.74033,39.27353],[-106.74094,39.27335],[-106.74273,39.27391],[-106.74342,39.27393],[-106.74372,39.27365],[-106.74437,39.27347],[-106.74482,39.27353],[-106.74465,39.27261],[-106.74582,39.27245],[-106.74636,39.27246],[-106.74649,39.27232],[-106.74582,39.27193],[-106.74502,39.27126],[-106.74424,39.27116],[-106.743,39.2708],[-106.74458,39.27016],[-106.74497,39.26975],[-106.74584,39.2699],[-106.74746,39.26996],[-106.74693,39.26943],[-106.74434,39.26917],[-106.7441,39.26908],[-106.74408,39.26893],[-106.74493,39.26847],[-106.74781,39.26735],[-106.74834,39.26702],[-106.74891,39.26618],[-106.74896,39.26598],[-106.74892,39.26531],[-106.74905,39.26435]]}},{"type":"Feature","properties":{"name":"SECTION 14","mtfcc_code":"S1400"},"geometry":{"type":"LineString","coordinates":[[-106.74779,39.26618],[-106.74732,39.26508],[-106.74722,39.26495],[-106.74671,39.26465],[-106.7461,39.26451],[-106.74601,39.26476],[-106.74576,39.26507]]}},{"type":"Feature","properties":{"name":"LOWER LAST CHANCE DC ROAD","mtfcc_code":"S1400"},"geometry":{"type":"LineString","coordinates":[[-106.65696,39.34366],[-106.65701,39.34396],[-106.65682,39.34498],[-106.65643,39.34571],[-106.65606,39.34624],[-106.6561,39.34631]]}},{"type":"Feature","properties":{"mtfcc_code":"S1400"},"geometry":{"type":"LineString","coordinates":[[-106.67706,39.34462],[-106.67757,39.34422]]}},{"type":"Feature","properties":{"name":"White Star Ln","mtfcc_code":"S1400"},"geometry":{"type":"LineString","coordinates":[[-106.87212,39.25239],[-106.87227,39.25267],[-106.87186,39.25289]]}},{"type":"Feature","properties":{"name":"COLLINS SPUR #2","mtfcc_code":"S1400"},"geometry":{"type":"LineString","coordinates":[[-106.77761,39.28433],[-106.77693,39.28368],[-106.77658,39.28323],[-106.77628,39.28234],[-106.77603,39.28192],[-106.77499,39.28107],[-106.77449,39.28075],[-106.77299,39.28002],[-106.77274,39.27995],[-106.77234,39.27996],[-106.77169,39.28053],[-106.7715,39.28062],[-106.77022,39.28061],[-106.76978,39.2808],[-106.76915,39.28096],[-106.76869,39.28124]]}},{"type":"Feature","properties":{"mtfcc_code":"S1400"},"geometry":{"type":"LineString","coordinates":[[-106.82019,39.38422],[-106.81909,39.38335],[-106.81702,39.38202]]}},{"type":"Feature","properties":{"mtfcc_code":"S1400"},"geometry":{"type":"LineString","coordinates":[[-106.8168,39.38589],[-106.8165,39.38589],[-106.81586,39.38546],[-106.81552,39.38533],[-106.81519,39.38529],[-106.81395,39.38537]]}},{"type":"Feature","properties":{"name":"NORRIE","mtfcc_code":"S1400"},"geometry":{"type":"LineString","coordinates":[[-106.6555,39.32469],[-106.65576,39.32463],[-106.65597,39.32447],[-106.65611,39.32428],[-106.65661,39.32405]]}},{"type":"Feature","properties":{"name":"HARRY GATES","mtfcc_code":"S1400"},"geometry":{"type":"LineString","coordinates":[[-106.65413,39.39814],[-106.65314,39.39869],[-106.65256,39.39886],[-106.65194,39.3992],[-106.65027,39.40051],[-106.64971,39.40114],[-106.64952,39.40123],[-106.64935,39.40118],[-106.64929,39.40107],[-106.64932,39.40064],[-106.64954,39.39977],[-106.64947,39.39966]]}},{"type":"Feature","properties":{"mtfcc_code":"S1400"},"geometry":{"type":"LineString","coordinates":[[-106.78884,39.37707],[-106.78923,39.37741],[-106.78936,39.37783]]}},{"type":"Feature","properties":{"name":"LEEMAN GULCH","mtfcc_code":"S1400"},"geometry":{"type":"LineString","coordinates":[[-106.73711,39.452],[-106.73699,39.4518],[-106.73685,39.45172],[-106.73605,39.45162],[-106.73568,39.45148],[-106.73509,39.45082],[-106.73457,39.45085],[-106.7342,39.45074],[-106.73406,39.4506],[-106.73398,39.45024],[-106.73384,39.45016]]}},{"type":"Feature","properties":{"name":"Co Rd 18A","mtfcc_code":"S1400"},"geometry":{"type":"LineString","coordinates":[[-106.87835,39.27669],[-106.87848,39.27725],[-106.87839,39.27779],[-106.87825,39.2782],[-106.87737,39.27993],[-106.87697,39.28052],[-106.87599,39.28146],[-106.87474,39.28229],[-106.87403,39.28285]]}},{"type":"Feature","properties":{"mtfcc_code":"S1400"},"geometry":{"type":"LineString","coordinates":[[-106.77761,39.29476],[-106.77726,39.29459],[-106.77679,39.29447],[-106.77597,39.29446],[-106.77508,39.29433],[-106.77465,39.29416],[-106.77391,39.29368]]}},{"type":"Feature","properties":{"mtfcc_code":"S1400"},"geometry":{"type":"LineString","coordinates":[[-106.6555,39.32469],[-106.65468,39.32421],[-106.65463,39.32399],[-106.65347,39.32353],[-106.65286,39.32298]]}},{"type":"Feature","properties":{"mtfcc_code":"S1400"},"geometry":{"type":"LineString","coordinates":[[-106.82934,39.39275],[-106.82972,39.39265],[-106.82988,39.39254]]}},{"type":"Feature","properties":{"mtfcc_code":"S1400"},"geometry":{"type":"LineString","coordinates":[[-106.71798,39.27478],[-106.71753,39.27467],[-106.71697,39.2744],[-106.71693,39.27425],[-106.71704,39.27397],[-106.71765,39.27374],[-106.71886,39.27343],[-106.72076,39.2726],[-106.72169,39.27247],[-106.72336,39.27209]]}},{"type":"Feature","properties":{"name":"MONTGOMERY FLATS","mtfcc_code":"S1400"},"geometry":{"type":"LineString","coordinates":[[-106.64561,39.36717],[-106.64821,39.36653],[-106.64893,39.36614],[-106.64905,39.36589],[-106.64914,39.36459],[-106.6493,39.36395],[-106.64981,39.36331]]}},{"type":"Feature","properties":{"name":"LEEMAN GULCH","mtfcc_code":"S1400"},"geometry":{"type":"LineString","coordinates":[[-106.73853,39.46309],[-106.73958,39.46271],[-106.73995,39.46225],[-106.74022,39.46202],[-106.74164,39.46141],[-106.74205,39.46109],[-106.7423,39.46058],[-106.7427,39.46014],[-106.74316,39.4601],[-106.74348,39.46028],[-106.74366,39.46028],[-106.74447,39.45984],[-106.74444,39.45963],[-106.74418,39.45923],[-106.74416,39.45891],[-106.74438,39.45855],[-106.7448,39.45839],[-106.74491,39.45823],[-106.74487,39.45756],[-106.74512,39.45677],[-106.74518,39.45601],[-106.74517,39.45565],[-106.74504,39.45526],[-106.74524,39.4546],[-106.74578,39.45408],[-106.74583,39.45381],[-106.74571,39.45362],[-106.7452,39.4534],[-106.7446,39.45323],[-106.74436,39.4531],[-106.74402,39.45308],[-106.7436,39.45323],[-106.74297,39.45329],[-106.74252,39.45402],[-106.74233,39.45411],[-106.74204,39.45389],[-106.7419,39.45355],[-106.74157,39.45312],[-106.74134,39.45298],[-106.74106,39.45295],[-106.74045,39.45309],[-106.74022,39.4536],[-106.74011,39.4537],[-106.73976,39.45374],[-106.73925,39.45368],[-106.73888,39.45389],[-106.73871,39.4539],[-106.73844,39.45374],[-106.73797,39.45307],[-106.73732,39.45237],[-106.73711,39.452]]}},{"type":"Feature","properties":{"mtfcc_code":"S1400"},"geometry":{"type":"LineString","coordinates":[[-106.82639,39.39028],[-106.8266,39.39053],[-106.8267,39.39094],[-106.82688,39.39131],[-106.827,39.39127],[-106.82704,39.39085],[-106.82732,39.39005],[-106.82763,39.38987],[-106.8281,39.38989],[-106.82842,39.39012],[-106.8288,39.39052],[-106.82909,39.39121],[-106.82991,39.39204],[-106.83016,39.39214]]}},{"type":"Feature","properties":{"name":"White Star Ln","mtfcc_code":"S1400"},"geometry":{"type":"LineString","coordinates":[[-106.87303,39.26356],[-106.87327,39.26411],[-106.8735,39.26445],[-106.87412,39.26468]]}},{"type":"Feature","properties":{"mtfcc_code":"S1400"},"geometry":{"type":"LineString","coordinates":[[-106.74975,39.35229],[-106.74961,39.35261],[-106.74935,39.35296]]}},{"type":"Feature","properties":{"name":"TEETUM RIDGE ROAD","mtfcc_code":"S1400"},"geometry":{"type":"LineString","coordinates":[[-106.66069,39.3103],[-106.66064,39.31014],[-106.66055,39.31007],[-106.65971,39.30991],[-106.6592,39.30944],[-106.65916,39.30922],[-106.65936,39.30902],[-106.65939,39.30884],[-106.65951,39.30867],[-106.65943,39.30849],[-106.65918,39.3085],[-106.65774,39.30799],[-106.65731,39.30804]]}},{"type":"Feature","properties":{"name":"CLIFF WAYS","mtfcc_code":"S1400"},"geometry":{"type":"LineString","coordinates":[[-106.73305,39.25771],[-106.73266,39.25746],[-106.73224,39.25731],[-106.7314,39.25728],[-106.73089,39.25715],[-106.7301,39.25707],[-106.7299,39.25697],[-106.73002,39.25679],[-106.73151,39.25588],[-106.73208,39.25541],[-106.73226,39.25516],[-106.7323,39.2549],[-106.73217,39.25465],[-106.73155,39.25424],[-106.7311,39.25414]]}},{"type":"Feature","properties":{"mtfcc_code":"S1400"},"geometry":{"type":"LineString","coordinates":[[-106.74613,39.36323],[-106.74638,39.36309],[-106.74677,39.36308],[-106.74692,39.36301],[-106.74874,39.36291],[-106.74885,39.36287],[-106.74887,39.36257],[-106.74939,39.36267],[-106.74979,39.36257],[-106.75027,39.36259],[-106.75047,39.36255],[-106.75059,39.36242],[-106.75111,39.36224],[-106.7514,39.36225],[-106.75149,39.36228],[-106.75165,39.3625],[-106.75206,39.36355],[-106.75273,39.36406],[-106.7532,39.36492],[-106.75333,39.36495],[-106.75361,39.36475],[-106.7538,39.36476],[-106.75427,39.36517],[-106.75458,39.36532],[-106.75467,39.3653],[-106.75468,39.36501],[-106.7549,39.3642],[-106.75523,39.36366],[-106.75567,39.36328],[-106.7563,39.36317],[-106.75686,39.3633],[-106.75744,39.36326],[-106.75777,39.36361],[-106.75839,39.36408],[-106.75868,39.36488],[-106.75885,39.36514],[-106.75904,39.36527],[-106.75917,39.36553],[-106.75939,39.36571],[-106.75966,39.36567],[-106.75993,39.36582],[-106.76012,39.36551],[-106.76013,39.36523],[-106.76021,39.36504],[-106.76063,39.36481],[-106.76091,39.36454],[-106.76085,39.36427],[-106.76089,39.36414],[-106.76139,39.36412],[-106.76164,39.36404],[-106.76209,39.36437],[-106.76233,39.36442],[-106.76277,39.36391],[-106.76297,39.36385],[-106.76321,39.36398],[-106.76346,39.36452],[-106.76382,39.36471],[-106.76403,39.365],[-106.76469,39.365],[-106.76495,39.36507],[-106.76537,39.36484],[-106.76569,39.36488],[-106.76645,39.36529],[-106.76693,39.36547],[-106.76752,39.36586],[-106.76775,39.36585],[-106.76842,39.36563],[-106.76901,39.36565],[-106.76997,39.36604],[-106.77028,39.36636],[-106.77052,39.36678]]}},{"type":"Feature","properties":{"name":"EAGLE-THOMASVILLE","mtfcc_code":"S1400","main":1},"geometry":{"type":"LineString","coordinates":[[-106.73388,39.48011],[-106.73231,39.48015],[-106.73197,39.48021],[-106.73192,39.48028],[-106.73198,39.48055],[-106.73217,39.48076],[-106.73234,39.48074],[-106.73278,39.48052],[-106.73306,39.48052],[-106.73335,39.48064]]}},{"type":"Feature","properties":{"name":"CLIFF WAYS","mtfcc_code":"S1400"},"geometry":{"type":"LineString","coordinates":[[-106.74052,39.25761],[-106.74083,39.25768],[-106.74125,39.25763],[-106.74164,39.25715],[-106.7432,39.25574],[-106.74315,39.25565],[-106.74245,39.25557],[-106.7416,39.2553],[-106.74151,39.25521],[-106.74149,39.25507],[-106.74212,39.25472],[-106.74475,39.25478],[-106.74487,39.25469],[-106.74485,39.25455],[-106.74373,39.25405],[-106.7427,39.25382],[-106.74203,39.25379],[-106.74115,39.25352],[-106.7389,39.25327],[-106.73801,39.25303],[-106.73785,39.25279],[-106.7378,39.25258],[-106.73782,39.25194],[-106.73717,39.25146],[-106.73651,39.25126],[-106.73634,39.25111],[-106.73648,39.25106],[-106.73704,39.25108],[-106.73855,39.25137],[-106.74041,39.25143],[-106.74107,39.25156],[-106.74155,39.25174],[-106.74199,39.25277],[-106.74183,39.25301]]}},{"type":"Feature","properties":{"mtfcc_code":"S1400"},"geometry":{"type":"LineString","coordinates":[[-106.81762,39.38537],[-106.81706,39.3858],[-106.8168,39.38589]]}},{"type":"Feature","properties":{"name":"KNOB WAYS","mtfcc_code":"S1400"},"geometry":{"type":"LineString","coordinates":[[-106.77761,39.29476],[-106.77791,39.29484],[-106.77823,39.29478],[-106.77896,39.29443],[-106.77931,39.29357]]}},{"type":"Feature","properties":{"mtfcc_code":"S1400"},"geometry":{"type":"LineString","coordinates":[[-106.69018,39.35714],[-106.69083,39.35789],[-106.69164,39.35903],[-106.69229,39.35961],[-106.6934,39.35986],[-106.6945,39.35997],[-106.69495,39.35994],[-106.69567,39.36053],[-106.69613,39.3604],[-106.69654,39.36063],[-106.69718,39.36116],[-106.69752,39.3612],[-106.69787,39.36115],[-106.69793,39.36108],[-106.69792,39.3609],[-106.69714,39.36012]]}},{"type":"Feature","properties":{"mtfcc_code":"S1400"},"geometry":{"type":"LineString","coordinates":[[-106.65661,39.32405],[-106.65716,39.3251],[-106.65789,39.3256],[-106.65802,39.32603],[-106.65799,39.32624],[-106.6577,39.32638]]}},{"type":"Feature","properties":{"name":"CHAPMAN CREEK","mtfcc_code":"S1400"},"geometry":{"type":"LineString","coordinates":[[-106.63111,39.2623],[-106.63042,39.26148],[-106.63041,39.26111]]}},{"type":"Feature","properties":{"mtfcc_code":"S1400"},"geometry":{"type":"LineString","coordinates":[[-106.78744,39.38491],[-106.78679,39.38582],[-106.78673,39.38608]]}},{"type":"Feature","properties":{"name":"MONTGOMERY FLATS","mtfcc_code":"S1400"},"geometry":{"type":"LineString","coordinates":[[-106.65953,39.35791],[-106.66277,39.35729],[-106.66398,39.35726],[-106.66503,39.35742],[-106.66526,39.3574],[-106.66568,39.35722],[-106.66625,39.35712],[-106.66693,39.35688]]}},{"type":"Feature","properties":{"name":"NORRIE POWERLINE","mtfcc_code":"S1400"},"geometry":{"type":"LineString","coordinates":[[-106.646,39.32854],[-106.64549,39.32817],[-106.64504,39.32803],[-106.64435,39.32805],[-106.64398,39.32786],[-106.64354,39.32789],[-106.64319,39.32782],[-106.64292,39.3275],[-106.64303,39.32737],[-106.64339,39.32722],[-106.64341,39.32696],[-106.64328,39.32689],[-106.64273,39.3268],[-106.64187,39.32693],[-106.64158,39.32689],[-106.64103,39.32619],[-106.64067,39.32588],[-106.64041,39.3253],[-106.63979,39.32466],[-106.63919,39.32436],[-106.63895,39.32436],[-106.63879,39.32429],[-106.63874,39.32414],[-106.6388,39.32396],[-106.63863,39.32382],[-106.63867,39.32362],[-106.63863,39.32356],[-106.63791,39.32327],[-106.63745,39.32291],[-106.63729,39.32264],[-106.63667,39.32224],[-106.63653,39.32202],[-106.63613,39.32166],[-106.63548,39.32141],[-106.63529,39.32124],[-106.6345,39.32086],[-106.63259,39.32073],[-106.6318,39.32104],[-106.63154,39.32088],[-106.6311,39.32084],[-106.63089,39.32072],[-106.63025,39.32058],[-106.62878,39.32085],[-106.62845,39.32086],[-106.62762,39.32077],[-106.6273,39.32062],[-106.62712,39.32043],[-106.62667,39.32031],[-106.62579,39.32028],[-106.62573,39.32061],[-106.62566,39.32068],[-106.62479,39.32132],[-106.62452,39.32141]]}},{"type":"Feature","properties":{"mtfcc_code":"S1400"},"geometry":{"type":"LineString","coordinates":[[-106.81794,39.30556],[-106.8201,39.30535],[-106.8217,39.30537],[-106.82215,39.30532]]}},{"type":"Feature","properties":{"name":"KUNTZ CREEK DC ROAD","mtfcc_code":"S1400"},"geometry":{"type":"LineString","coordinates":[[-106.67698,39.38997],[-106.67615,39.38939],[-106.67571,39.38932],[-106.6754,39.38941],[-106.67514,39.38932],[-106.67497,39.38934],[-106.67493,39.38914],[-106.67452,39.3892],[-106.67449,39.38926],[-106.67458,39.38931],[-106.6745,39.38938],[-106.67415,39.3891],[-106.6743,39.38876],[-106.67422,39.38866],[-106.67321,39.38863],[-106.67279,39.3884],[-106.67259,39.38839],[-106.67217,39.38847],[-106.67189,39.38861],[-106.67136,39.38931],[-106.67128,39.38967],[-106.67135,39.39019],[-106.67152,39.39044],[-106.67179,39.39061]]}},{"type":"Feature","properties":{"mtfcc_code":"S1400"},"geometry":{"type":"LineString","coordinates":[[-106.67695,39.34467],[-106.67706,39.34462]]}},{"type":"Feature","properties":{"mtfcc_code":"S1400"},"geometry":{"type":"LineString","coordinates":[[-106.83911,39.48591],[-106.83938,39.48551],[-106.83942,39.48535],[-106.83934,39.48525],[-106.8385,39.48497],[-106.83797,39.48515],[-106.83719,39.4856]]}},{"type":"Feature","properties":{"mtfcc_code":"S1400"},"geometry":{"type":"LineString","coordinates":[[-106.8061,39.38094],[-106.80656,39.38099]]}},{"type":"Feature","properties":{"name":"EAGLE-THOMASVILLE","mtfcc_code":"S1400","main":1},"geometry":{"type":"LineString","coordinates":[[-106.73476,39.48005],[-106.73426,39.47994],[-106.73402,39.48013]]}},{"type":"Feature","properties":{"mtfcc_code":"S1400"},"geometry":{"type":"LineString","coordinates":[[-106.77931,39.29357],[-106.77841,39.29308],[-106.77762,39.29346],[-106.77728,39.29348],[-106.77689,39.2932],[-106.77678,39.29303],[-106.77709,39.29257],[-106.77765,39.29205],[-106.77819,39.29135],[-106.77859,39.29115],[-106.77885,39.29077],[-106.77965,39.2904],[-106.78118,39.29029],[-106.78153,39.29022],[-106.78207,39.28998],[-106.78315,39.28933],[-106.78318,39.2891],[-106.78337,39.28886],[-106.78359,39.2882],[-106.78369,39.28808],[-106.78445,39.28781],[-106.78467,39.28767],[-106.78492,39.28737],[-106.78546,39.28722],[-106.78644,39.28711]]}},{"type":"Feature","properties":{"name":"EAGLE-THOMASVILLE","mtfcc_code":"S1400","main":1},"geometry":{"type":"LineString","coordinates":[[-106.73288,39.47944],[-106.73221,39.47959],[-106.73221,39.47973],[-106.73235,39.47975]]}},{"type":"Feature","properties":{"mtfcc_code":"S1400"},"geometry":{"type":"LineString","coordinates":[[-106.79393,39.38184],[-106.79396,39.38211],[-106.79461,39.38269],[-106.79459,39.3829]]}},{"type":"Feature","properties":{"name":"LITTLE DEADMAN","mtfcc_code":"S1400"},"geometry":{"type":"LineString","coordinates":[[-106.69218,39.35285],[-106.69245,39.3527],[-106.69263,39.35268],[-106.69414,39.35282],[-106.69517,39.35274],[-106.6958,39.35262],[-106.69717,39.35219]]}},{"type":"Feature","properties":{"name":"JAKEMAN","mtfcc_code":"S1400"},"geometry":{"type":"LineString","coordinates":[[-106.70562,39.40143],[-106.70518,39.40211],[-106.70447,39.40284],[-106.70416,39.40331],[-106.7036,39.40447],[-106.70356,39.40497],[-106.70344,39.40537],[-106.70306,39.40609],[-106.70281,39.40643],[-106.70255,39.40659],[-106.70245,39.40679],[-106.70191,39.40713]]}},{"type":"Feature","properties":{"name":"FREEMAN POWERLINE DC ROAD","mtfcc_code":"S1400"},"geometry":{"type":"LineString","coordinates":[[-106.77307,39.3697],[-106.77337,39.36993],[-106.77356,39.3704]]}},{"type":"Feature","properties":{"mtfcc_code":"S1400"},"geometry":{"type":"LineString","coordinates":[[-106.80601,39.38927],[-106.80614,39.38959],[-106.80631,39.38974],[-106.80654,39.38977]]}},{"type":"Feature","properties":{"name":"FORK WAYS","mtfcc_code":"S1400"},"geometry":{"type":"LineString","coordinates":[[-106.74299,39.2769],[-106.74178,39.27641],[-106.74119,39.27654],[-106.74032,39.27649],[-106.73978,39.27657],[-106.73864,39.2764],[-106.73789,39.27654],[-106.73656,39.27662],[-106.7353,39.27662],[-106.73448,39.27636],[-106.73362,39.27625],[-106.73253,39.27636],[-106.73228,39.27645],[-106.73211,39.27663],[-106.73179,39.27672],[-106.73042,39.27671],[-106.72971,39.27656],[-106.7291,39.27624],[-106.72828,39.27593],[-106.7274,39.27569],[-106.72733,39.27563],[-106.72716,39.27515],[-106.72702,39.27495],[-106.72677,39.27477],[-106.72679,39.27448],[-106.72672,39.27435],[-106.72649,39.27411],[-106.72635,39.27405],[-106.72569,39.27398],[-106.72503,39.27379],[-106.72483,39.27366],[-106.72462,39.27364],[-106.72376,39.27382],[-106.72339,39.27414]]}},{"type":"Feature","properties":{"name":"EAGLE-THOMASVILLE","mtfcc_code":"S1400","main":1},"geometry":{"type":"LineString","coordinates":[[-106.73513,39.47987],[-106.7351,39.48054],[-106.73515,39.48072],[-106.7355,39.48094],[-106.73585,39.48097],[-106.73606,39.4809],[-106.73618,39.48074],[-106.73616,39.48066],[-106.73564,39.48023],[-106.73529,39.47981]]}},{"type":"Feature","properties":{"mtfcc_code":"S1400"},"geometry":{"type":"LineString","coordinates":[[-106.78108,39.29299],[-106.7814,39.29298],[-106.78153,39.29306],[-106.78166,39.29306],[-106.78247,39.29281],[-106.78347,39.29274],[-106.78406,39.29256],[-106.78523,39.29116],[-106.78567,39.29078],[-106.78669,39.28921],[-106.78692,39.28898],[-106.78853,39.28811],[-106.78903,39.28773],[-106.78973,39.28708],[-106.79004,39.28692],[-106.79022,39.28666],[-106.79046,39.28657],[-106.79131,39.2859],[-106.79147,39.28492],[-106.79038,39.28598],[-106.789,39.28677],[-106.78823,39.28751],[-106.78763,39.28796],[-106.78693,39.28827],[-106.78631,39.28845],[-106.78594,39.28872],[-106.78585,39.28918],[-106.78528,39.29032],[-106.78435,39.2911],[-106.78397,39.29154],[-106.78304,39.29238],[-106.78204,39.29256],[-106.78162,39.29284],[-106.78108,39.29299]]}},{"type":"Feature","properties":{"mtfcc_code":"S1400"},"geometry":{"type":"LineString","coordinates":[[-106.74975,39.35229],[-106.75,39.35223],[-106.75045,39.35227],[-106.75078,39.35249],[-106.75119,39.35365],[-106.75135,39.35371],[-106.75153,39.35372],[-106.75218,39.35355],[-106.75305,39.35393],[-106.75451,39.35424],[-106.75555,39.3542],[-106.75645,39.35432],[-106.75723,39.3542],[-106.7587,39.35418],[-106.75944,39.35403],[-106.75972,39.35406],[-106.76025,39.35433],[-106.76133,39.3547],[-106.7618,39.35509],[-106.7623,39.35532]]}},{"type":"Feature","properties":{"mtfcc_code":"S1400"},"geometry":{"type":"LineString","coordinates":[[-106.80919,39.3788],[-106.80939,39.37903],[-106.80941,39.37916],[-106.809,39.37948],[-106.80899,39.37965],[-106.80919,39.37972],[-106.80971,39.37965],[-106.80987,39.3797],[-106.8099,39.37977],[-106.80983,39.37995],[-106.80943,39.38029],[-106.80945,39.38042],[-106.80992,39.38068],[-106.81042,39.38064]]}},{"type":"Feature","properties":{"mtfcc_code":"S1400"},"geometry":{"type":"LineString","coordinates":[[-106.76775,39.28023],[-106.76794,39.28009],[-106.76823,39.27947],[-106.76864,39.27896],[-106.76879,39.27864],[-106.76914,39.27827]]}},{"type":"Feature","properties":{"mtfcc_code":"S1400"},"geometry":{"type":"LineString","coordinates":[[-106.80204,39.28801],[-106.80238,39.28778],[-106.80283,39.28769],[-106.80322,39.28783],[-106.804,39.28844],[-106.80445,39.28861],[-106.80463,39.28883],[-106.80544,39.28902]]}},{"type":"Feature","properties":{"mtfcc_code":"S1400"},"geometry":{"type":"LineString","coordinates":[[-106.83719,39.4856],[-106.83738,39.48582],[-106.83773,39.48603],[-106.83791,39.48633],[-106.8376,39.48638]]}},{"type":"Feature","properties":{"mtfcc_code":"S1400"},"geometry":{"type":"LineString","coordinates":[[-106.66406,39.46981],[-106.66423,39.46992],[-106.66555,39.47002],[-106.66587,39.4701],[-106.66689,39.47045],[-106.66775,39.47084],[-106.66877,39.47078],[-106.66955,39.47087],[-106.67038,39.47121],[-106.67086,39.47157],[-106.67119,39.47172]]}},{"type":"Feature","properties":{"name":"EAGLE-THOMASVILLE","mtfcc_code":"S1400","main":1},"geometry":{"type":"LineString","coordinates":[[-106.73762,39.48079],[-106.73813,39.48113]]}},{"type":"Feature","properties":{"mtfcc_code":"S1400"},"geometry":{"type":"LineString","coordinates":[[-106.78582,39.37456],[-106.78525,39.37457],[-106.785,39.37437],[-106.78474,39.37433],[-106.78425,39.37454],[-106.78345,39.37434],[-106.78295,39.37431],[-106.78253,39.3741],[-106.78229,39.37405]]}},{"type":"Feature","properties":{"mtfcc_code":"S1400"},"geometry":{"type":"LineString","coordinates":[[-106.81852,39.30432],[-106.8189,39.30447],[-106.81921,39.30444],[-106.81942,39.30432],[-106.81977,39.30375],[-106.82005,39.30295],[-106.82005,39.30277]]}},{"type":"Feature","properties":{"mtfcc_code":"S1400"},"geometry":{"type":"LineString","coordinates":[[-106.82988,39.39254],[-106.82986,39.39309],[-106.82996,39.39329],[-106.83076,39.39381],[-106.83102,39.39411],[-106.83114,39.39436],[-106.83169,39.395],[-106.83191,39.39505],[-106.83223,39.39497]]}},{"type":"Feature","properties":{"mtfcc_code":"S1400"},"geometry":{"type":"LineString","coordinates":[[-106.67356,39.45496],[-106.67258,39.45499],[-106.67146,39.45482],[-106.67081,39.45491],[-106.66919,39.45487],[-106.66842,39.45495]]}},{"type":"Feature","properties":{"mtfcc_code":"S1400"},"geometry":{"type":"LineString","coordinates":[[-106.82459,39.3862],[-106.82492,39.38718],[-106.82504,39.3878],[-106.82526,39.38814],[-106.82559,39.38891],[-106.82576,39.38954]]}},{"type":"Feature","properties":{"mtfcc_code":"S1400"},"geometry":{"type":"LineString","coordinates":[[-106.80869,39.37982],[-106.80824,39.37984],[-106.80793,39.38004],[-106.80795,39.38021],[-106.80825,39.38086],[-106.80826,39.38099],[-106.80819,39.38106],[-106.80802,39.38108],[-106.80765,39.38087],[-106.80731,39.38082],[-106.80684,39.38083],[-106.80656,39.38099]]}},{"type":"Feature","properties":{"name":"OLD MEREDITH","mtfcc_code":"S1400"},"geometry":{"type":"LineString","coordinates":[[-106.73609,39.36121],[-106.73614,39.36182],[-106.73544,39.362],[-106.73472,39.36195],[-106.73378,39.36198],[-106.73354,39.36193],[-106.73243,39.36197],[-106.73197,39.3619],[-106.73136,39.36196],[-106.73115,39.36186]]}},{"type":"Feature","properties":{"name":"CLIFF WAYS","mtfcc_code":"S1400"},"geometry":{"type":"LineString","coordinates":[[-106.7311,39.25414],[-106.73087,39.25415],[-106.73061,39.25405],[-106.73052,39.2538],[-106.73061,39.25341],[-106.73043,39.25309],[-106.73047,39.25297],[-106.73032,39.25284],[-106.73029,39.25268],[-106.72999,39.2524],[-106.72925,39.2519],[-106.72916,39.25166]]}},{"type":"Feature","properties":{"mtfcc_code":"S1400"},"geometry":{"type":"LineString","coordinates":[[-106.81762,39.38537],[-106.81741,39.38505],[-106.81728,39.38439],[-106.81773,39.38387],[-106.81779,39.38366]]}},{"type":"Feature","properties":{"mtfcc_code":"S1400"},"geometry":{"type":"LineString","coordinates":[[-106.79017,39.37787],[-106.79006,39.37796],[-106.78974,39.37799],[-106.78936,39.37783]]}},{"type":"Feature","properties":{"name":"EAGLE-THOMASVILLE","mtfcc_code":"S1400","main":1},"geometry":{"type":"LineString","coordinates":[[-106.73604,39.4796],[-106.73638,39.47953],[-106.73666,39.47956],[-106.73746,39.48001],[-106.73768,39.48022],[-106.73778,39.48043],[-106.73777,39.48061],[-106.73762,39.48079]]}},{"type":"Feature","properties":{"name":"FORK WAYS","mtfcc_code":"S1400"},"geometry":{"type":"LineString","coordinates":[[-106.74299,39.2769],[-106.74354,39.27739],[-106.74374,39.27746],[-106.7449,39.27832],[-106.74563,39.27851],[-106.7461,39.27848],[-106.74679,39.27855],[-106.74699,39.27879],[-106.74756,39.27919],[-106.74748,39.27928],[-106.74708,39.27934],[-106.74707,39.27941],[-106.74726,39.27951],[-106.74755,39.27954],[-106.74767,39.27962],[-106.74769,39.27971],[-106.74754,39.27977],[-106.74691,39.27957],[-106.74648,39.27935],[-106.74563,39.27917],[-106.74553,39.27918],[-106.74557,39.27926],[-106.74586,39.27949],[-106.74614,39.27961],[-106.74616,39.27973],[-106.7452,39.27944],[-106.74417,39.27942],[-106.7426,39.2786],[-106.74167,39.27856],[-106.74131,39.27848],[-106.74091,39.27837],[-106.74006,39.27797],[-106.73976,39.2779],[-106.73906,39.27796],[-106.73758,39.27769],[-106.73658,39.27766],[-106.73484,39.27793],[-106.73354,39.27806],[-106.73122,39.27812],[-106.73026,39.27828]]}},{"type":"Feature","properties":{"mtfcc_code":"S1400"},"geometry":{"type":"LineString","coordinates":[[-106.76542,39.28217],[-106.76552,39.28185],[-106.76623,39.28051],[-106.76672,39.28029],[-106.76775,39.28023]]}},{"type":"Feature","properties":{"name":"COLLINS SPUR #4","mtfcc_code":"S1400"},"geometry":{"type":"LineString","coordinates":[[-106.78166,39.28929],[-106.78158,39.28866]]}},{"type":"Feature","properties":{"name":"FORK WAYS","mtfcc_code":"S1400"},"geometry":{"type":"LineString","coordinates":[[-106.74643,39.27605],[-106.74657,39.2762],[-106.7466,39.27642],[-106.74691,39.27681],[-106.7472,39.27706],[-106.74742,39.27744],[-106.74728,39.27764],[-106.74648,39.27749],[-106.74632,39.27754],[-106.74624,39.27762],[-106.74625,39.2777],[-106.74647,39.27784],[-106.74643,39.27797],[-106.74629,39.27804],[-106.74518,39.27787],[-106.74485,39.27791],[-106.74447,39.27779],[-106.74418,39.27764],[-106.74394,39.27735],[-106.74396,39.27712],[-106.74352,39.27713],[-106.74299,39.2769]]}},{"type":"Feature","properties":{"name":"LEDE CG","mtfcc_code":"S1400"},"geometry":{"type":"LineString","coordinates":[[-106.77748,39.46764],[-106.77738,39.46784],[-106.77756,39.46798],[-106.77762,39.46811],[-106.7775,39.4682]]}},{"type":"Feature","properties":{"name":"SECTION 14","mtfcc_code":"S1400"},"geometry":{"type":"LineString","coordinates":[[-106.74324,39.2655],[-106.74267,39.26544],[-106.74234,39.26559],[-106.74182,39.26635],[-106.7416,39.26652],[-106.74079,39.26691],[-106.74056,39.26722],[-106.73989,39.26756],[-106.73875,39.26747],[-106.73803,39.26749],[-106.73742,39.26738],[-106.73721,39.26741],[-106.73653,39.26803],[-106.73633,39.26853]]}},{"type":"Feature","properties":{"mtfcc_code":"S1400"},"geometry":{"type":"LineString","coordinates":[[-106.83189,39.32389],[-106.83048,39.32321],[-106.82998,39.32265],[-106.82921,39.32221],[-106.82909,39.32195],[-106.8291,39.32151],[-106.82885,39.32136],[-106.82855,39.32083],[-106.82835,39.32067],[-106.82826,39.32036],[-106.82776,39.32016],[-106.82749,39.31995],[-106.82727,39.31968],[-106.82727,39.3195],[-106.82717,39.3193],[-106.82647,39.31893],[-106.8263,39.31877],[-106.82555,39.31869],[-106.82521,39.31852],[-106.82509,39.31853],[-106.82475,39.31861],[-106.82431,39.31884],[-106.82392,39.31876],[-106.82319,39.31901]]}},{"type":"Feature","properties":{"name":"BIGLOW","mtfcc_code":"S1400"},"geometry":{"type":"LineString","coordinates":[[-106.66938,39.34636],[-106.66949,39.34645],[-106.66963,39.34681],[-106.66977,39.34693],[-106.66993,39.34694],[-106.6701,39.34684],[-106.67011,39.34669],[-106.66997,39.34647],[-106.66974,39.34635],[-106.66938,39.34636]]}},{"type":"Feature","properties":{"name":"CROOKED CREEK SPUR","mtfcc_code":"S1400"},"geometry":{"type":"LineString","coordinates":[[-106.65557,39.42246],[-106.65546,39.42238],[-106.65457,39.42259],[-106.65378,39.42248],[-106.65326,39.42253],[-106.65258,39.42288],[-106.65208,39.42298],[-106.65142,39.42334],[-106.6504,39.42351],[-106.64878,39.42421],[-106.64867,39.42423],[-106.64844,39.42414],[-106.64815,39.42438]]}},{"type":"Feature","properties":{"name":"White Star Ln","mtfcc_code":"S1400"},"geometry":{"type":"LineString","coordinates":[[-106.8712,39.25702],[-106.87141,39.25774],[-106.87216,39.2591],[-106.87251,39.25996],[-106.87261,39.26053],[-106.87272,39.26258],[-106.87303,39.26356]]}},{"type":"Feature","properties":{"name":"BURNT MTN TIMBER ROAD","mtfcc_code":"S1400"},"geometry":{"type":"LineString","coordinates":[[-106.66173,39.36963],[-106.66166,39.36975],[-106.66123,39.37002],[-106.66091,39.37069],[-106.66074,39.37088],[-106.66036,39.37116],[-106.65993,39.37118],[-106.65963,39.37162],[-106.65848,39.37253],[-106.65803,39.37276],[-106.6569,39.3731],[-106.65647,39.37338],[-106.65617,39.37366],[-106.65532,39.37469],[-106.65403,39.37551],[-106.65268,39.3765],[-106.65203,39.37715],[-106.65146,39.37808]]}},{"type":"Feature","properties":{"name":"COLLINS SPUR #2","mtfcc_code":"S1400"},"geometry":{"type":"LineString","coordinates":[[-106.76869,39.28124],[-106.76826,39.28166],[-106.76827,39.28192],[-106.76822,39.28199],[-106.76747,39.28219]]}},{"type":"Feature","properties":{"mtfcc_code":"S1400"},"geometry":{"type":"LineString","coordinates":[[-106.78664,39.29994],[-106.78599,39.29944],[-106.78577,39.29855],[-106.78574,39.298],[-106.78599,39.29656],[-106.78599,39.29634],[-106.78588,39.29618]]}},{"type":"Feature","properties":{"name":"CLIFF WAYS","mtfcc_code":"S1400"},"geometry":{"type":"LineString","coordinates":[[-106.74047,39.26033],[-106.73935,39.26055],[-106.73871,39.26113],[-106.73841,39.26146],[-106.73837,39.26159],[-106.73845,39.26172],[-106.73963,39.26176],[-106.73994,39.26185],[-106.74015,39.26201],[-106.74051,39.26248],[-106.74066,39.26293],[-106.73944,39.26292],[-106.73912,39.263],[-106.73893,39.26315],[-106.73841,39.26374],[-106.73785,39.26503],[-106.7374,39.26543],[-106.73731,39.26579],[-106.73715,39.26603]]}},{"type":"Feature","properties":{"mtfcc_code":"S1400"},"geometry":{"type":"LineString","coordinates":[[-106.87211,39.252],[-106.87205,39.2521],[-106.87212,39.25239]]}},{"type":"Feature","properties":{"name":"CRAIG PEAK","mtfcc_code":"S1400"},"geometry":{"type":"LineString","coordinates":[[-106.64555,39.49994],[-106.64561,39.50003]]}},{"type":"Feature","properties":{"name":"EAGLE-THOMASVILLE","mtfcc_code":"S1400","main":1},"geometry":{"type":"LineString","coordinates":[[-106.73456,39.48068],[-106.73459,39.48055],[-106.73446,39.48026]]}},{"type":"Feature","properties":{"mtfcc_code":"S1400"},"geometry":{"type":"LineString","coordinates":[[-106.78936,39.37082],[-106.78949,39.37162],[-106.78931,39.37203],[-106.78885,39.37243],[-106.78856,39.37252]]}},{"type":"Feature","properties":{"name":"SECTION 14","mtfcc_code":"S1400"},"geometry":{"type":"LineString","coordinates":[[-106.74905,39.26435],[-106.74851,39.26382],[-106.74833,39.26372],[-106.74723,39.26339],[-106.7469,39.26323],[-106.7468,39.26322],[-106.74671,39.2633],[-106.74672,39.26343],[-106.74684,39.26357],[-106.74763,39.26414],[-106.74783,39.26466],[-106.74786,39.2652],[-106.74779,39.26618]]}},{"type":"Feature","properties":{"name":"CRAIG PEAK","mtfcc_code":"S1400"},"geometry":{"type":"LineString","coordinates":[[-106.64817,39.50057],[-106.64809,39.50032],[-106.6481,39.49968],[-106.64787,39.49877],[-106.64783,39.49812],[-106.64813,39.49654],[-106.64803,39.49566],[-106.64809,39.49518],[-106.64798,39.49526],[-106.64764,39.49585],[-106.64751,39.49629],[-106.64702,39.49725],[-106.64652,39.49792],[-106.64581,39.49907],[-106.64555,39.49994]]}},{"type":"Feature","properties":{"name":"Red Oak Ln","mtfcc_code":"S1400"},"geometry":{"type":"LineString","coordinates":[[-106.86897,39.25701],[-106.86873,39.25724],[-106.86798,39.25842],[-106.8679,39.25863]]}},{"type":"Feature","properties":{"name":"LEDE CG","mtfcc_code":"S1400"},"geometry":{"type":"LineString","coordinates":[[-106.77639,39.46873],[-106.77674,39.46826]]}},{"type":"Feature","properties":{"mtfcc_code":"S1400"},"geometry":{"type":"LineString","coordinates":[[-106.77618,39.28756],[-106.77529,39.28739]]}},{"type":"Feature","properties":{"name":"FRYINGPAN CORRALS DC ROAD","mtfcc_code":"S1400"},"geometry":{"type":"LineString","coordinates":[[-106.68064,39.34744],[-106.68111,39.34761],[-106.68232,39.34832],[-106.68303,39.34858],[-106.68391,39.34907]]}},{"type":"Feature","properties":{"mtfcc_code":"S1400"},"geometry":{"type":"LineString","coordinates":[[-106.67508,39.48527],[-106.67487,39.48533],[-106.67417,39.48528],[-106.67331,39.48535],[-106.67208,39.48504],[-106.67188,39.48504],[-106.67121,39.48534],[-106.6708,39.48534]]}},{"type":"Feature","properties":{"mtfcc_code":"S1400"},"geometry":{"type":"LineString","coordinates":[[-106.51015,39.27598],[-106.51037,39.27664]]}},{"type":"Feature","properties":{"mtfcc_code":"S1400"},"geometry":{"type":"LineString","coordinates":[[-106.69959,39.41777],[-106.6996,39.41703],[-106.69973,39.41673],[-106.70025,39.41596],[-106.70073,39.41568],[-106.70084,39.41545],[-106.7016,39.41526],[-106.7023,39.41518],[-106.70362,39.41539],[-106.70403,39.4152],[-106.70422,39.415]]}},{"type":"Feature","properties":{"mtfcc_code":"S1400"},"geometry":{"type":"LineString","coordinates":[[-106.78673,39.38608],[-106.78644,39.38592],[-106.78596,39.38548],[-106.78574,39.38554],[-106.78494,39.38598],[-106.78425,39.38622],[-106.78392,39.38689],[-106.78369,39.38714]]}},{"type":"Feature","properties":{"name":"NORTH SELLAR","mtfcc_code":"S1400"},"geometry":{"type":"LineString","coordinates":[[-106.58646,39.32458],[-106.5859,39.32491],[-106.58523,39.32491],[-106.58456,39.32471],[-106.58429,39.32453],[-106.58417,39.32433],[-106.58369,39.32402],[-106.58329,39.32394],[-106.58172,39.32383],[-106.58078,39.32363],[-106.57896,39.32391],[-106.57791,39.32389]]}},{"type":"Feature","properties":{"mtfcc_code":"S1400"},"geometry":{"type":"LineString","coordinates":[[-106.78644,39.28711],[-106.78708,39.28688],[-106.7872,39.28672],[-106.78791,39.28622],[-106.78934,39.2854]]}},{"type":"Feature","properties":{"name":"LOWER LAST CHANCE DC ROAD","mtfcc_code":"S1400"},"geometry":{"type":"LineString","coordinates":[[-106.63327,39.35879],[-106.63235,39.35906],[-106.63165,39.35911],[-106.63,39.3587]]}},{"type":"Feature","properties":{"mtfcc_code":"S1400"},"geometry":{"type":"LineString","coordinates":[[-106.80983,39.29901],[-106.80964,39.29921],[-106.80943,39.29924],[-106.80888,39.29905],[-106.80738,39.29834],[-106.80657,39.29824],[-106.80537,39.29829],[-106.80489,39.29858],[-106.80457,39.29889],[-106.80407,39.29919],[-106.80313,39.29954],[-106.8028,39.29957],[-106.80138,39.29933],[-106.80106,39.29923],[-106.80048,39.29887]]}},{"type":"Feature","properties":{"name":"McLain Flats Rd","mtfcc_code":"S1400"},"geometry":{"type":"LineString","coordinates":[[-106.8707,39.24992],[-106.8708,39.25007]]}},{"type":"Feature","properties":{"name":"BEAR GULCH","mtfcc_code":"S1400"},"geometry":{"type":"LineString","coordinates":[[-106.81833,39.48307],[-106.81833,39.48348],[-106.81732,39.484],[-106.81649,39.48426],[-106.81576,39.4846],[-106.81467,39.48543],[-106.81428,39.48592],[-106.81383,39.48619],[-106.81248,39.48663],[-106.812,39.48668],[-106.81182,39.48679],[-106.81176,39.4869],[-106.81179,39.48718],[-106.81188,39.48724],[-106.81207,39.4872],[-106.8119,39.48745],[-106.81184,39.48775],[-106.81162,39.48793],[-106.81181,39.48887],[-106.81201,39.4892],[-106.81203,39.48938],[-106.81177,39.48999],[-106.81165,39.49014],[-106.81158,39.49044]]}},{"type":"Feature","properties":{"mtfcc_code":"S1400"},"geometry":{"type":"LineString","coordinates":[[-106.76775,39.28023],[-106.76817,39.28017],[-106.76873,39.27992],[-106.76936,39.27981],[-106.76975,39.27949],[-106.77039,39.27931],[-106.7709,39.27942],[-106.77118,39.27955],[-106.77154,39.27944],[-106.77302,39.27856]]}},{"type":"Feature","properties":{"mtfcc_code":"S1400"},"geometry":{"type":"LineString","coordinates":[[-106.68064,39.34744],[-106.67977,39.34778],[-106.67923,39.34791]]}},{"type":"Feature","properties":{"mtfcc_code":"S1400"},"geometry":{"type":"LineString","coordinates":[[-106.85399,39.36967],[-106.85444,39.36923],[-106.85618,39.36972],[-106.85713,39.36964]]}},{"type":"Feature","properties":{"name":"SECTION 14","mtfcc_code":"S1400"},"geometry":{"type":"LineString","coordinates":[[-106.73544,39.27318],[-106.73471,39.27305],[-106.73441,39.27293],[-106.73437,39.27286],[-106.73443,39.27204],[-106.73468,39.27163],[-106.73592,39.271],[-106.73639,39.27092],[-106.73697,39.27068],[-106.73739,39.27031],[-106.73781,39.26981],[-106.73942,39.26935],[-106.74029,39.26892],[-106.74246,39.26825],[-106.74347,39.26769],[-106.74388,39.26758],[-106.74453,39.26753],[-106.74495,39.26734],[-106.74525,39.2671],[-106.74595,39.26633],[-106.74628,39.26571],[-106.74631,39.26557],[-106.74605,39.26525],[-106.74576,39.26507]]}},{"type":"Feature","properties":{"mtfcc_code":"S1400"},"geometry":{"type":"LineString","coordinates":[[-106.67481,39.34587],[-106.675,39.34537],[-106.6751,39.34483],[-106.67521,39.34467],[-106.67629,39.34481],[-106.67675,39.34476],[-106.67695,39.34467]]}},{"type":"Feature","properties":{"mtfcc_code":"S1400"},"geometry":{"type":"LineString","coordinates":[[-106.58378,39.32892],[-106.58383,39.32936],[-106.58392,39.32961],[-106.58397,39.33035],[-106.5839,39.33049],[-106.58352,39.33083],[-106.5834,39.33106],[-106.58346,39.3316],[-106.58389,39.3322],[-106.5843,39.3325],[-106.58541,39.33274],[-106.58596,39.33301],[-106.58852,39.33368]]}},{"type":"Feature","properties":{"mtfcc_code":"S1400"},"geometry":{"type":"LineString","coordinates":[[-106.7256,39.3617],[-106.72557,39.36216],[-106.72547,39.36229],[-106.72468,39.36241],[-106.72409,39.36263],[-106.72264,39.36288]]}},{"type":"Feature","properties":{"mtfcc_code":"S1400"},"geometry":{"type":"LineString","coordinates":[[-106.77937,39.29345],[-106.77993,39.2933],[-106.78053,39.29295],[-106.78108,39.29299]]}},{"type":"Feature","properties":{"name":"McLain Flats Rd","mtfcc_code":"S1400"},"geometry":{"type":"LineString","coordinates":[[-106.8708,39.25007],[-106.87211,39.252]]}},{"type":"Feature","properties":{"mtfcc_code":"S1400"},"geometry":{"type":"LineString","coordinates":[[-106.74877,39.35381],[-106.74882,39.35392],[-106.74878,39.35423],[-106.74902,39.35464]]}},{"type":"Feature","properties":{"name":"SECTION 14","mtfcc_code":"S1400"},"geometry":{"type":"LineString","coordinates":[[-106.73191,39.27217],[-106.73237,39.27143],[-106.73242,39.27067],[-106.7325,39.27052],[-106.73281,39.2704],[-106.73404,39.27028],[-106.73556,39.26996],[-106.73622,39.26957],[-106.73632,39.26922]]}},{"type":"Feature","properties":{"mtfcc_code":"S1400"},"geometry":{"type":"LineString","coordinates":[[-106.72979,39.36204],[-106.72967,39.3619],[-106.72929,39.36177],[-106.72884,39.36171],[-106.72809,39.36176],[-106.72727,39.36142],[-106.72637,39.36126],[-106.72469,39.36132],[-106.72454,39.36127],[-106.72454,39.36118]]}},{"type":"Feature","properties":{"name":"CLIFF WAYS","mtfcc_code":"S1400"},"geometry":{"type":"LineString","coordinates":[[-106.72994,39.26234],[-106.7309,39.26283],[-106.73135,39.2629],[-106.73197,39.26288],[-106.73234,39.26284],[-106.7332,39.26233],[-106.73468,39.26174],[-106.73511,39.26173],[-106.73522,39.26191],[-106.73551,39.26198],[-106.73566,39.26194],[-106.73575,39.26164],[-106.73536,39.2609],[-106.73526,39.26066],[-106.73528,39.26054],[-106.73597,39.25993],[-106.73617,39.2594],[-106.73645,39.25916],[-106.73643,39.25907],[-106.7363,39.25895],[-106.73586,39.25878],[-106.73569,39.25857],[-106.73527,39.25834],[-106.73444,39.2582],[-106.73418,39.25822],[-106.73371,39.25865],[-106.73348,39.259],[-106.73252,39.25974],[-106.73208,39.25998],[-106.732,39.26012],[-106.73203,39.26047],[-106.7319,39.2607],[-106.73129,39.26107],[-106.72994,39.26234]]}},{"type":"Feature","properties":{"name":"RED HILL","mtfcc_code":"S1400"},"geometry":{"type":"LineString","coordinates":[[-106.81635,39.37571],[-106.81668,39.37579],[-106.81684,39.37574],[-106.81676,39.37552],[-106.81634,39.37511],[-106.81637,39.37493],[-106.8165,39.37473],[-106.8165,39.37423],[-106.81616,39.37319],[-106.8161,39.37268],[-106.81586,39.37252],[-106.81581,39.37222],[-106.81573,39.37209],[-106.81598,39.37173],[-106.81578,39.37166],[-106.81561,39.37175],[-106.81548,39.37173],[-106.81542,39.37155],[-106.81549,39.37111],[-106.81556,39.37104],[-106.81608,39.37095],[-106.81668,39.37127],[-106.81724,39.37137],[-106.81778,39.37124],[-106.81858,39.37134],[-106.81877,39.37127],[-106.81898,39.37109],[-106.81924,39.37054],[-106.81962,39.37038],[-106.81985,39.37058],[-106.82037,39.37191],[-106.82023,39.37311],[-106.82111,39.37359],[-106.82192,39.37381],[-106.82238,39.37425],[-106.82273,39.37477],[-106.82324,39.37529],[-106.82524,39.37682]]}},{"type":"Feature","properties":{"name":"EAGLE-THOMASVILLE","mtfcc_code":"S1400","main":1},"geometry":{"type":"LineString","coordinates":[[-106.73813,39.48113],[-106.73845,39.48125],[-106.7388,39.48126],[-106.73901,39.48119],[-106.73903,39.48106],[-106.73865,39.48072],[-106.73854,39.4807],[-106.73832,39.48083],[-106.73813,39.48113]]}},{"type":"Feature","properties":{"name":"JAKEMAN LANDING NO 2","mtfcc_code":"S1400"},"geometry":{"type":"LineString","coordinates":[[-106.69774,39.41411],[-106.69871,39.41339],[-106.69932,39.41282],[-106.69941,39.41263],[-106.69943,39.41228]]}},{"type":"Feature","properties":{"name":"COW CAMP","mtfcc_code":"S1400"},"geometry":{"type":"LineString","coordinates":[[-106.67592,39.40271],[-106.6741,39.40164],[-106.67298,39.40139],[-106.67156,39.40133],[-106.67072,39.40104]]}},{"type":"Feature","properties":{"mtfcc_code":"S1400"},"geometry":{"type":"LineString","coordinates":[[-106.83125,39.3929],[-106.83016,39.39214]]}},{"type":"Feature","properties":{"name":"LEDE CG","mtfcc_code":"S1400"},"geometry":{"type":"LineString","coordinates":[[-106.77639,39.46873],[-106.7764,39.46883],[-106.77619,39.46889],[-106.77564,39.46864],[-106.77532,39.46861],[-106.77467,39.46896],[-106.77421,39.469],[-106.77379,39.46917],[-106.77285,39.46935],[-106.77241,39.46927],[-106.77216,39.46941],[-106.77181,39.46944],[-106.77146,39.46965],[-106.77089,39.46973],[-106.77078,39.46997],[-106.77062,39.47007],[-106.77048,39.47007],[-106.77,39.46987],[-106.76964,39.46986],[-106.76891,39.47028],[-106.76884,39.47038],[-106.7688,39.47074],[-106.76865,39.47108]]}},{"type":"Feature","properties":{"mtfcc_code":"S1400"},"geometry":{"type":"LineString","coordinates":[[-106.7456,39.27648],[-106.74599,39.27558],[-106.74637,39.27523],[-106.74643,39.27479],[-106.7465,39.27466],[-106.74694,39.27412],[-106.74754,39.27386],[-106.74824,39.27379],[-106.74939,39.27335],[-106.74985,39.27359],[-106.75089,39.27361],[-106.75165,39.27379],[-106.75251,39.27384],[-106.75328,39.27422]]}},{"type":"Feature","properties":{"name":"FRYING PAN","mtfcc_code":"S1400","main":1},"geometry":{"type":"LineString","coordinates":[[-106.84599,39.36386],[-106.84606,39.36357],[-106.84601,39.36326],[-106.84579,39.36291],[-106.84547,39.36263],[-106.84306,39.36133],[-106.84234,39.36113],[-106.8417,39.36113],[-106.84076,39.36125],[-106.83869,39.36185],[-106.83757,39.36193],[-106.83646,39.36227],[-106.83506,39.36248],[-106.8335,39.36307],[-106.8315,39.36308]]}},{"type":"Feature","properties":{"name":"KOKAMEE CREEK","mtfcc_code":"S1400"},"geometry":{"type":"LineString","coordinates":[[-106.69153,39.35252],[-106.69152,39.35279],[-106.6916,39.35319],[-106.69182,39.35337],[-106.69205,39.35344]]}},{"type":"Feature","properties":{"name":"FREEMAN ROAD","mtfcc_code":"S1400"},"geometry":{"type":"LineString","coordinates":[[-106.76433,39.37159],[-106.76394,39.37144],[-106.76268,39.37125],[-106.76072,39.37081]]}},{"type":"Feature","properties":{"name":"FRYINGPAN CORRALS DC ROAD","mtfcc_code":"S1400"},"geometry":{"type":"LineString","coordinates":[[-106.68038,39.34727],[-106.68041,39.34733],[-106.68064,39.34744]]}},{"type":"Feature","properties":{"name":"JOE CHAMBERS","mtfcc_code":"S1400"},"geometry":{"type":"LineString","coordinates":[[-106.70469,39.45607],[-106.70447,39.45611],[-106.70395,39.45641],[-106.70384,39.45634],[-106.70393,39.45616],[-106.70417,39.4559],[-106.70417,39.4558],[-106.70472,39.45532],[-106.70479,39.45517],[-106.70551,39.45489],[-106.70575,39.45465],[-106.70622,39.45372],[-106.70659,39.45329],[-106.70683,39.45279],[-106.70688,39.45244],[-106.70666,39.45203],[-106.70664,39.45185],[-106.70676,39.45176],[-106.70706,39.45175],[-106.70729,39.45166],[-106.70769,39.45172],[-106.70788,39.45162],[-106.70798,39.45118],[-106.70778,39.4511],[-106.70719,39.45116],[-106.70691,39.45097],[-106.7069,39.45081],[-106.70698,39.45078],[-106.70726,39.45086],[-106.70756,39.45082],[-106.70837,39.45037]]}},{"type":"Feature","properties":{"mtfcc_code":"S1400"},"geometry":{"type":"LineString","coordinates":[[-106.79055,39.30029],[-106.79046,39.30001],[-106.79089,39.29934],[-106.7912,39.29916],[-106.79129,39.29889],[-106.7906,39.29763],[-106.79026,39.29655],[-106.78997,39.29644],[-106.78961,39.29658]]}},{"type":"Feature","properties":{"name":"GYPSUM CREEK","mtfcc_code":"S1400","main":1},"geometry":{"type":"LineString","coordinates":[[-106.79395,39.48616],[-106.79345,39.48572],[-106.79322,39.48531],[-106.79228,39.48491],[-106.79152,39.48418],[-106.79082,39.4837],[-106.79019,39.48288],[-106.78935,39.48201],[-106.78861,39.48148],[-106.78812,39.48085],[-106.78745,39.48041],[-106.78584,39.47967],[-106.78575,39.47939],[-106.78554,39.47773],[-106.78549,39.47757],[-106.78501,39.47699],[-106.78506,39.47672],[-106.78499,39.4764],[-106.78445,39.47594],[-106.78387,39.47508],[-106.78331,39.47441],[-106.78137,39.47284],[-106.78104,39.47206],[-106.78041,39.4713],[-106.77958,39.47077],[-106.77902,39.47026],[-106.77853,39.47006],[-106.77825,39.46966],[-106.77809,39.46915],[-106.77762,39.46851],[-106.77744,39.46798],[-106.7773,39.4679]]}},{"type":"Feature","properties":{"name":"KNOB WAYS","mtfcc_code":"S1400"},"geometry":{"type":"LineString","coordinates":[[-106.77761,39.29476],[-106.77644,39.293],[-106.77535,39.29107]]}},{"type":"Feature","properties":{"mtfcc_code":"S1400"},"geometry":{"type":"LineString","coordinates":[[-106.78582,39.37456],[-106.78648,39.37512],[-106.78663,39.37532],[-106.78663,39.37554],[-106.78642,39.37625],[-106.7864,39.37715],[-106.78648,39.37731],[-106.7867,39.37738],[-106.78692,39.37735],[-106.78735,39.37712],[-106.78772,39.37677],[-106.78813,39.3766],[-106.78834,39.37666],[-106.78884,39.37707]]}},{"type":"Feature","properties":{"mtfcc_code":"S1400"},"geometry":{"type":"LineString","coordinates":[[-106.80656,39.38099],[-106.80619,39.38121],[-106.80602,39.38124],[-106.80591,39.38104],[-106.8061,39.38094]]}},{"type":"Feature","properties":{"name":"CLIFF WAYS","mtfcc_code":"S1400"},"geometry":{"type":"LineString","coordinates":[[-106.72304,39.27091],[-106.7231,39.27073],[-106.72427,39.26975],[-106.72449,39.26933],[-106.72444,39.26909],[-106.72368,39.26788],[-106.72345,39.26718],[-106.72343,39.26647],[-106.72351,39.26592],[-106.7237,39.26541],[-106.72442,39.2647],[-106.72596,39.26342],[-106.72638,39.26332],[-106.72664,39.26313],[-106.7278,39.26273],[-106.72841,39.26219],[-106.72899,39.262],[-106.72938,39.262],[-106.72994,39.26234]]}},{"type":"Feature","properties":{"mtfcc_code":"S1400"},"geometry":{"type":"LineString","coordinates":[[-106.81158,39.49044],[-106.81151,39.49029],[-106.81149,39.4896],[-106.81139,39.48946],[-106.81102,39.48922],[-106.81095,39.48899],[-106.81062,39.48856],[-106.81037,39.48796],[-106.81002,39.48779],[-106.80978,39.4878],[-106.80915,39.48801],[-106.80757,39.48878],[-106.80708,39.48881],[-106.80676,39.48873],[-106.80633,39.48878],[-106.80615,39.48873],[-106.80594,39.48852],[-106.80577,39.48846],[-106.80569,39.48856],[-106.8058,39.48918],[-106.80577,39.4893],[-106.80566,39.4894],[-106.80484,39.48944],[-106.80445,39.4894],[-106.80406,39.48952],[-106.80377,39.48932],[-106.80356,39.48931],[-106.80307,39.48955],[-106.80194,39.48988],[-106.80077,39.48988],[-106.80054,39.48983],[-106.80012,39.48958],[-106.79971,39.48954],[-106.79927,39.48934],[-106.79841,39.48929],[-106.79824,39.48934],[-106.79805,39.48975],[-106.79753,39.49021],[-106.79643,39.49037],[-106.79619,39.49034],[-106.7961,39.49025],[-106.79613,39.49007],[-106.79634,39.4897],[-106.79632,39.48961],[-106.79616,39.48951],[-106.79585,39.48949],[-106.7952,39.4897],[-106.79485,39.48973],[-106.79341,39.48962],[-106.79285,39.48975],[-106.79279,39.4899],[-106.79283,39.49021],[-106.79272,39.49034],[-106.7924,39.49046],[-106.79203,39.49039],[-106.79159,39.48999],[-106.79084,39.48955],[-106.78976,39.48932],[-106.78907,39.489],[-106.7875,39.48892],[-106.78719,39.48884],[-106.78678,39.4885],[-106.78668,39.48827]]}},{"type":"Feature","properties":{"name":"EAGLE-THOMASVILLE","mtfcc_code":"S1400","main":1},"geometry":{"type":"LineString","coordinates":[[-106.73446,39.48026],[-106.73402,39.48013]]}},{"type":"Feature","properties":{"name":"SECTION 14","mtfcc_code":"S1400"},"geometry":{"type":"LineString","coordinates":[[-106.73544,39.27318],[-106.73542,39.27373],[-106.73565,39.2743],[-106.73563,39.27444],[-106.73545,39.27459],[-106.73476,39.27481],[-106.73391,39.27482],[-106.7335,39.2747],[-106.73317,39.27442],[-106.73291,39.27435]]}},{"type":"Feature","properties":{"name":"LITTLE DEADMAN","mtfcc_code":"S1400"},"geometry":{"type":"LineString","coordinates":[[-106.69717,39.35219],[-106.69826,39.35162],[-106.69998,39.34968]]}},{"type":"Feature","properties":{"mtfcc_code":"S1400"},"geometry":{"type":"LineString","coordinates":[[-106.78664,39.29994],[-106.78644,39.29913],[-106.78646,39.29887],[-106.78656,39.2987],[-106.7863,39.29845],[-106.78627,39.29821],[-106.78645,39.29741],[-106.78671,39.29714],[-106.78698,39.29705],[-106.78701,39.29689],[-106.78699,39.2968],[-106.78684,39.2967],[-106.78639,39.29661]]}},{"type":"Feature","properties":{"name":"LEDE CG","mtfcc_code":"S1400"},"geometry":{"type":"LineString","coordinates":[[-106.77674,39.46826],[-106.7764,39.46827],[-106.77639,39.46873]]}},{"type":"Feature","properties":{"name":"Co Rd 18A","mtfcc_code":"S1400"},"geometry":{"type":"LineString","coordinates":[[-106.8712,39.28549],[-106.87025,39.28544],[-106.8694,39.28594],[-106.86817,39.28622],[-106.86763,39.28651],[-106.86739,39.28677],[-106.86732,39.28748],[-106.86708,39.28788],[-106.86548,39.2888],[-106.86443,39.28894],[-106.86398,39.28916],[-106.86184,39.28956],[-106.86122,39.28976],[-106.86085,39.29004],[-106.86039,39.29026],[-106.85933,39.29041]]}},{"type":"Feature","properties":{"mtfcc_code":"S1400"},"geometry":{"type":"LineString","coordinates":[[-106.81098,39.29989],[-106.81126,39.29983],[-106.81165,39.29959],[-106.81216,39.29962],[-106.81244,39.29973],[-106.81275,39.29996],[-106.81287,39.30025],[-106.813,39.30028],[-106.81396,39.29976],[-106.81446,39.29982]]}},{"type":"Feature","properties":{"mtfcc_code":"S1400"},"geometry":{"type":"LineString","coordinates":[[-106.69714,39.36012],[-106.69681,39.35993]]}},{"type":"Feature","properties":{"name":"SECTION 14","mtfcc_code":"S1400"},"geometry":{"type":"LineString","coordinates":[[-106.73291,39.27435],[-106.7333,39.27391],[-106.73331,39.27366],[-106.7335,39.27305],[-106.73422,39.2719],[-106.73503,39.27094],[-106.73687,39.26993],[-106.73942,39.26895],[-106.74109,39.26792],[-106.74268,39.2674],[-106.74289,39.26724],[-106.74311,39.26687],[-106.74372,39.26653],[-106.74426,39.2664],[-106.74456,39.26606],[-106.74456,39.26593],[-106.7445,39.26586],[-106.74405,39.26564],[-106.74324,39.2655]]}},{"type":"Feature","properties":{"mtfcc_code":"S1400"},"geometry":{"type":"LineString","coordinates":[[-106.79403,39.29765],[-106.79346,39.29718],[-106.79319,39.29704],[-106.79308,39.29689],[-106.79285,39.29626],[-106.79238,39.2957],[-106.79236,39.29541],[-106.79248,39.29497],[-106.79282,39.29462],[-106.79306,39.29426]]}},{"type":"Feature","properties":{"name":"KNOB WAYS","mtfcc_code":"S1400"},"geometry":{"type":"LineString","coordinates":[[-106.77931,39.29357],[-106.77937,39.29345]]}},{"type":"Feature","properties":{"mtfcc_code":"S1400"},"geometry":{"type":"LineString","coordinates":[[-106.69321,39.41781],[-106.69343,39.41741],[-106.69377,39.41735],[-106.69432,39.41702],[-106.69481,39.4157],[-106.69485,39.41504],[-106.69493,39.41486],[-106.69615,39.41444],[-106.69657,39.41344],[-106.69655,39.41337],[-106.69626,39.41321],[-106.69637,39.4129],[-106.69672,39.41281],[-106.69844,39.41273],[-106.69877,39.41255],[-106.69906,39.41229],[-106.69943,39.41228]]}},{"type":"Feature","properties":{"name":"EAGLE-THOMASVILLE","mtfcc_code":"S1400","main":1},"geometry":{"type":"LineString","coordinates":[[-106.73476,39.48005],[-106.73513,39.47987]]}},{"type":"Feature","properties":{"mtfcc_code":"S1400"},"geometry":{"type":"LineString","coordinates":[[-106.81383,39.37895],[-106.81361,39.38018],[-106.81362,39.38112],[-106.81368,39.38125],[-106.81389,39.38125],[-106.81428,39.38086],[-106.81426,39.38042],[-106.81406,39.38021],[-106.81438,39.37917],[-106.81472,39.37915],[-106.81551,39.3793],[-106.81595,39.37951],[-106.81691,39.38047],[-106.81883,39.38177],[-106.82018,39.38283],[-106.82073,39.38308],[-106.82173,39.38328],[-106.82208,39.38345],[-106.82222,39.38359],[-106.82219,39.38372],[-106.82177,39.38409],[-106.82108,39.38443],[-106.82057,39.38445],[-106.82019,39.38422]]}},{"type":"Feature","properties":{"name":"RED CREEK","mtfcc_code":"S1400"},"geometry":{"type":"LineString","coordinates":[[-106.83972,39.49151],[-106.83967,39.49139],[-106.83932,39.49133],[-106.83899,39.49116],[-106.83825,39.49062],[-106.83738,39.49015],[-106.83712,39.48992]]}},{"type":"Feature","properties":{"mtfcc_code":"S1400"},"geometry":{"type":"LineString","coordinates":[[-106.77389,39.28803],[-106.77504,39.28836],[-106.77566,39.28835],[-106.77591,39.28816],[-106.77618,39.28756]]}},{"type":"Feature","properties":{"mtfcc_code":"S1400"},"geometry":{"type":"LineString","coordinates":[[-106.69998,39.34968],[-106.6998,39.3495],[-106.69944,39.34944],[-106.69881,39.34953],[-106.69816,39.34981],[-106.69729,39.35057]]}},{"type":"Feature","properties":{"name":"BETTY BEAR HUT","mtfcc_code":"S1400"},"geometry":{"type":"LineString","coordinates":[[-106.52285,39.2554],[-106.52277,39.25555],[-106.52281,39.25569],[-106.5232,39.25585],[-106.52329,39.25583],[-106.52334,39.25572],[-106.52398,39.25549]]}},{"type":"Feature","properties":{"mtfcc_code":"S1400"},"geometry":{"type":"LineString","coordinates":[[-106.69046,39.43994],[-106.69021,39.44024],[-106.69007,39.44029],[-106.68952,39.44042],[-106.68921,39.44041],[-106.68869,39.44028],[-106.68825,39.43989],[-106.68791,39.43971],[-106.6877,39.43968],[-106.68755,39.44011],[-106.68719,39.44046],[-106.68704,39.44076],[-106.68637,39.44159],[-106.68639,39.44178],[-106.6867,39.44219]]}},{"type":"Feature","properties":{"mtfcc_code":"S1400"},"geometry":{"type":"LineString","coordinates":[[-106.78961,39.29658],[-106.78936,39.29692],[-106.78942,39.29761],[-106.78905,39.29854],[-106.78846,39.29952],[-106.78826,39.29964],[-106.78822,39.29988]]}},{"type":"Feature","properties":{"mtfcc_code":"S1400"},"geometry":{"type":"LineString","coordinates":[[-106.66728,39.46964],[-106.66871,39.47002],[-106.67018,39.47022],[-106.67066,39.47037],[-106.67261,39.47149]]}},{"type":"Feature","properties":{"name":"EAGLE-THOMASVILLE","mtfcc_code":"S1400","main":1},"geometry":{"type":"LineString","coordinates":[[-106.73519,39.47985],[-106.73529,39.47981]]}},{"type":"Feature","properties":{"mtfcc_code":"S1400"},"geometry":{"type":"LineString","coordinates":[[-106.71381,39.36109],[-106.71383,39.36127],[-106.71402,39.36156],[-106.71436,39.36179],[-106.71441,39.36192],[-106.71397,39.36202],[-106.71383,39.36222],[-106.71338,39.36217],[-106.71298,39.36236]]}},{"type":"Feature","properties":{"name":"Yellow Fox Ln","mtfcc_code":"S1400"},"geometry":{"type":"LineString","coordinates":[[-106.86651,39.2555],[-106.86711,39.25642],[-106.86751,39.25677],[-106.86823,39.25702],[-106.86897,39.25701]]}},{"type":"Feature","properties":{"name":"TEETUM RIDGE ROAD","mtfcc_code":"S1400"},"geometry":{"type":"LineString","coordinates":[[-106.66069,39.3103],[-106.66185,39.31054],[-106.66204,39.31065],[-106.66215,39.31081],[-106.66214,39.31111],[-106.66179,39.31185],[-106.66172,39.31264],[-106.66178,39.31313]]}},{"type":"Feature","properties":{"name":"NORRIE GUARD STATION","mtfcc_code":"S1400"},"geometry":{"type":"LineString","coordinates":[[-106.65765,39.33121],[-106.65749,39.33135],[-106.65744,39.33161],[-106.65748,39.33196],[-106.6576,39.3321]]}},{"type":"Feature","properties":{"name":"KNOB WAYS","mtfcc_code":"S1400"},"geometry":{"type":"LineString","coordinates":[[-106.78076,39.30145],[-106.7808,39.3013],[-106.78101,39.30113],[-106.78099,39.30094],[-106.78034,39.29994],[-106.77996,39.29913],[-106.7795,39.29869],[-106.7793,39.29824],[-106.77859,39.29723],[-106.77845,39.29673],[-106.77824,39.29648],[-106.77815,39.29618],[-106.77772,39.29552],[-106.77761,39.29476]]}},{"type":"Feature","properties":{"mtfcc_code":"S1400"},"geometry":{"type":"LineString","coordinates":[[-106.73769,39.36082],[-106.73715,39.36069],[-106.73689,39.36055]]}},{"type":"Feature","properties":{"mtfcc_code":"S1400"},"geometry":{"type":"LineString","coordinates":[[-106.74067,39.35414],[-106.74169,39.35388],[-106.74202,39.35349],[-106.74221,39.35339],[-106.7425,39.35344],[-106.74269,39.35356],[-106.74295,39.35396],[-106.7433,39.3542],[-106.74378,39.35426],[-106.74436,39.35418],[-106.7446,39.35405],[-106.74534,39.35401],[-106.74678,39.35358],[-106.74729,39.3535],[-106.74771,39.35336],[-106.74797,39.35319],[-106.74866,39.35316],[-106.7489,39.35306],[-106.7491,39.35277],[-106.74916,39.35257],[-106.74932,39.35242],[-106.74975,39.35229]]}},{"type":"Feature","properties":{"name":"NORRIE POWERLINE SPUR","mtfcc_code":"S1400"},"geometry":{"type":"LineString","coordinates":[[-106.63296,39.32563],[-106.63274,39.32549],[-106.63256,39.32486],[-106.6327,39.32433],[-106.63306,39.32391],[-106.63303,39.32369],[-106.63271,39.32322],[-106.63099,39.32265],[-106.62979,39.32269],[-106.62933,39.32231],[-106.62899,39.32229],[-106.62862,39.32239],[-106.62822,39.3223],[-106.62789,39.32235],[-106.62709,39.3223],[-106.62618,39.32187],[-106.62452,39.32141]]}},{"type":"Feature","properties":{"name":"IVANHOE DITCH ROAD","mtfcc_code":"S1400"},"geometry":{"type":"LineString","coordinates":[[-106.51124,39.27563],[-106.51124,39.2758],[-106.51079,39.27583],[-106.51055,39.27595],[-106.51044,39.27584],[-106.51029,39.27583],[-106.51015,39.27598]]}},{"type":"Feature","properties":{"mtfcc_code":"S1400"},"geometry":{"type":"LineString","coordinates":[[-106.75042,39.35341],[-106.74969,39.35316],[-106.74935,39.35296]]}},{"type":"Feature","properties":{"mtfcc_code":"S1400"},"geometry":{"type":"LineString","coordinates":[[-106.77529,39.28739],[-106.7751,39.28752],[-106.77476,39.28748],[-106.77441,39.28735],[-106.7739,39.28695],[-106.77383,39.2867],[-106.77401,39.28658],[-106.77408,39.28641],[-106.77405,39.28568],[-106.7741,39.28539],[-106.77394,39.2847],[-106.7731,39.28391],[-106.7727,39.28339],[-106.772,39.28304],[-106.7716,39.28305],[-106.77085,39.28285],[-106.77043,39.28255],[-106.77022,39.28213]]}},{"type":"Feature","properties":{"mtfcc_code":"S1400"},"geometry":{"type":"LineString","coordinates":[[-106.78597,39.47686],[-106.786,39.47707],[-106.78619,39.47719],[-106.78626,39.47765],[-106.78623,39.47794],[-106.78615,39.47805],[-106.78617,39.47826],[-106.78604,39.47905],[-106.78574,39.47936]]}},{"type":"Feature","properties":{"mtfcc_code":"S1400"},"geometry":{"type":"LineString","coordinates":[[-106.82005,39.30277],[-106.82007,39.30267],[-106.81952,39.30218],[-106.81941,39.30191],[-106.81907,39.30151],[-106.81877,39.30146],[-106.81866,39.3015],[-106.81852,39.30183],[-106.81846,39.30275],[-106.81755,39.30358],[-106.81749,39.30382]]}},{"type":"Feature","properties":{"mtfcc_code":"S1400"},"geometry":{"type":"LineString","coordinates":[[-106.70186,39.36042],[-106.70172,39.36051],[-106.70149,39.36053],[-106.70066,39.36022],[-106.7003,39.36037],[-106.70016,39.36051],[-106.70004,39.36052],[-106.6996,39.3604],[-106.69897,39.36034],[-106.69841,39.36015]]}},{"type":"Feature","properties":{"name":"EAGLE-THOMASVILLE","mtfcc_code":"S1400","main":1},"geometry":{"type":"LineString","coordinates":[[-106.73288,39.47944],[-106.73283,39.47926]]}},{"type":"Feature","properties":{"name":"Chaparral Dr","mtfcc_code":"S1400"},"geometry":{"type":"LineString","coordinates":[[-106.88432,39.28563],[-106.88414,39.28589],[-106.88402,39.28595],[-106.88304,39.2862],[-106.88268,39.28637],[-106.88243,39.28682],[-106.88192,39.28714],[-106.88132,39.28767],[-106.88065,39.28771],[-106.88,39.28794],[-106.87954,39.28851],[-106.87923,39.28861],[-106.87888,39.28894],[-106.87884,39.28904],[-106.87889,39.2891],[-106.87936,39.28901],[-106.87943,39.28915],[-106.87882,39.28979],[-106.8786,39.2901],[-106.87854,39.29036],[-106.87904,39.29062],[-106.87988,39.29077],[-106.87996,39.29125],[-106.87994,39.29196],[-106.87971,39.29231],[-106.87913,39.29268],[-106.8777,39.29335],[-106.87653,39.29414],[-106.87536,39.2959],[-106.87503,39.29743],[-106.87403,39.29929],[-106.87354,39.30047],[-106.87322,39.30088],[-106.87232,39.30153],[-106.87122,39.30347],[-106.87063,39.30375],[-106.87004,39.3039],[-106.86946,39.30393],[-106.8693,39.30403],[-106.8697,39.30433],[-106.87001,39.30483],[-106.87019,39.30554],[-106.87048,39.30567],[-106.87062,39.30583],[-106.87083,39.30594],[-106.87123,39.3059],[-106.87152,39.30597],[-106.87162,39.30613],[-106.8714,39.30635],[-106.87091,39.30651]]}},{"type":"Feature","properties":{"name":"EAGLE-THOMASVILLE","mtfcc_code":"S1400","main":1},"geometry":{"type":"LineString","coordinates":[[-106.73468,39.48131],[-106.73444,39.48101],[-106.73456,39.48068]]}},{"type":"Feature","properties":{"mtfcc_code":"S1400"},"geometry":{"type":"LineString","coordinates":[[-106.82988,39.39254],[-106.83016,39.39214]]}},{"type":"Feature","properties":{"name":"REC.RESIDENCE","mtfcc_code":"S1400"},"geometry":{"type":"LineString","coordinates":[[-106.65939,39.33027],[-106.66015,39.33165],[-106.66105,39.33269],[-106.66168,39.33321],[-106.66185,39.33347],[-106.66279,39.33406],[-106.66382,39.33503],[-106.66437,39.33543],[-106.66453,39.33587],[-106.66471,39.336]]}},{"type":"Feature","properties":{"name":"WOODS LAKE SPECIAL USE L","mtfcc_code":"S1400"},"geometry":{"type":"LineString","coordinates":[[-106.62909,39.42582],[-106.62795,39.42714]]}},{"type":"Feature","properties":{"mtfcc_code":"S1400"},"geometry":{"type":"LineString","coordinates":[[-106.69841,39.36015],[-106.69787,39.3603],[-106.69714,39.36012]]}},{"type":"Feature","properties":{"mtfcc_code":"S1400"},"geometry":{"type":"LineString","coordinates":[[-106.80747,39.29769],[-106.80741,39.2974],[-106.80726,39.29717],[-106.80706,39.29702],[-106.8065,39.2968],[-106.80571,39.2967],[-106.80539,39.29683],[-106.80464,39.29689]]}},{"type":"Feature","properties":{"name":"SECTION 14","mtfcc_code":"S1400"},"geometry":{"type":"LineString","coordinates":[[-106.73291,39.27435],[-106.73249,39.27448],[-106.73239,39.27441],[-106.73248,39.27362],[-106.73244,39.27335],[-106.73199,39.27283],[-106.73191,39.27217]]}},{"type":"Feature","properties":{"mtfcc_code":"S1400"},"geometry":{"type":"LineString","coordinates":[[-106.5105,39.27488],[-106.51024,39.275],[-106.50974,39.27504],[-106.50976,39.27519],[-106.50996,39.27539],[-106.51003,39.27585],[-106.51015,39.27598]]}},{"type":"Feature","properties":{"name":"SECTION 14","mtfcc_code":"S1400"},"geometry":{"type":"LineString","coordinates":[[-106.74576,39.26507],[-106.74553,39.26524],[-106.74527,39.2653],[-106.74468,39.26536],[-106.74414,39.26533],[-106.74324,39.2655]]}},{"type":"Feature","properties":{"name":"LIME CREEK CANYON WESTSIDE","mtfcc_code":"S1400"},"geometry":{"type":"LineString","coordinates":[[-106.65237,39.4104],[-106.65282,39.40931],[-106.653,39.40906],[-106.65374,39.40874],[-106.65441,39.40833],[-106.65478,39.40825],[-106.65517,39.408],[-106.65533,39.40769]]}},{"type":"Feature","properties":{"name":"EAGLE-THOMASVILLE","mtfcc_code":"S1400","main":1},"geometry":{"type":"LineString","coordinates":[[-106.73388,39.48011],[-106.73387,39.47986],[-106.73381,39.47977],[-106.73304,39.47996],[-106.73288,39.47944]]}},{"type":"Feature","properties":{"mtfcc_code":"S1400"},"geometry":{"type":"LineString","coordinates":[[-106.79017,39.37787],[-106.7906,39.37824],[-106.79112,39.37848],[-106.79145,39.37891]]}},{"type":"Feature","properties":{"name":"CLIFF WAYS","mtfcc_code":"S1400"},"geometry":{"type":"LineString","coordinates":[[-106.7311,39.25414],[-106.73157,39.2534],[-106.73202,39.25308],[-106.73203,39.25299],[-106.7322,39.25287],[-106.7326,39.25276],[-106.7333,39.25293],[-106.7335,39.2533],[-106.73374,39.25353],[-106.7342,39.25416],[-106.73482,39.25421],[-106.735,39.25429],[-106.73525,39.25459],[-106.73521,39.2551],[-106.73529,39.25522],[-106.73565,39.25519],[-106.73688,39.25539],[-106.73717,39.25549],[-106.73785,39.25599],[-106.73811,39.25609],[-106.73836,39.25611],[-106.73871,39.2563],[-106.73917,39.25712],[-106.73921,39.25777]]}},{"type":"Feature","properties":{"name":"FORK WAYS","mtfcc_code":"S1400"},"geometry":{"type":"LineString","coordinates":[[-106.74905,39.26435],[-106.74908,39.2641],[-106.74834,39.26331],[-106.74805,39.26241],[-106.74772,39.26206],[-106.7474,39.26151],[-106.74738,39.26134]]}},{"type":"Feature","properties":{"name":"EAGLE-THOMASVILLE","mtfcc_code":"S1400","main":1},"geometry":{"type":"LineString","coordinates":[[-106.73456,39.48068],[-106.73479,39.48109],[-106.73468,39.48131]]}},{"type":"Feature","properties":{"mtfcc_code":"S1400"},"geometry":{"type":"LineString","coordinates":[[-106.74935,39.35296],[-106.7491,39.35343],[-106.74877,39.35381]]}},{"type":"Feature","properties":{"mtfcc_code":"S1400"},"geometry":{"type":"LineString","coordinates":[[-106.82019,39.38422],[-106.81975,39.38444],[-106.81891,39.38461],[-106.8179,39.38515],[-106.81762,39.38537]]}},{"type":"Feature","properties":{"mtfcc_code":"S1400"},"geometry":{"type":"LineString","coordinates":[[-106.818,39.30404],[-106.81834,39.30376],[-106.81877,39.30323],[-106.81917,39.30259],[-106.81936,39.30255],[-106.82005,39.30277]]}},{"type":"Feature","properties":{"mtfcc_code":"S1400"},"geometry":{"type":"LineString","coordinates":[[-106.80225,39.28804],[-106.80269,39.28807],[-106.80291,39.28817],[-106.80363,39.28875],[-106.80407,39.28921],[-106.80509,39.28939],[-106.80535,39.28953],[-106.80544,39.28966],[-106.80527,39.28975],[-106.80385,39.28968],[-106.80374,39.28962],[-106.80334,39.28913],[-106.80303,39.28897],[-106.80272,39.2889]]}},{"type":"Feature","properties":{"name":"CHAPMAN GULCH DC ROAD","mtfcc_code":"S1400"},"geometry":{"type":"LineString","coordinates":[[-106.63903,39.29468],[-106.63898,39.29435],[-106.63925,39.29401],[-106.63909,39.2937],[-106.63944,39.2931],[-106.63937,39.29108],[-106.63923,39.2903],[-106.63898,39.28961],[-106.63849,39.28856]]}},{"type":"Feature","properties":{"mtfcc_code":"S1400"},"geometry":{"type":"LineString","coordinates":[[-106.79756,39.29225],[-106.7976,39.29205],[-106.79753,39.2915],[-106.79548,39.2903],[-106.79486,39.29007],[-106.79483,39.29003],[-106.79495,39.28978],[-106.79532,39.28947],[-106.79633,39.28901],[-106.79656,39.28897],[-106.79686,39.28899],[-106.79734,39.28917],[-106.79878,39.28998]]}},{"type":"Feature","properties":{"name":"EAGLE-THOMASVILLE","mtfcc_code":"S1400","main":1},"geometry":{"type":"LineString","coordinates":[[-106.73402,39.48013],[-106.73388,39.48011]]}},{"type":"Feature","properties":{"name":"JAKEMAN SPUR NO. 2","mtfcc_code":"S1400"},"geometry":{"type":"LineString","coordinates":[[-106.70098,39.40543],[-106.70011,39.40669],[-106.69958,39.40784],[-106.69894,39.40896],[-106.6988,39.4093],[-106.6988,39.40979],[-106.69897,39.41027],[-106.69915,39.41049],[-106.69979,39.41089],[-106.70026,39.4115],[-106.70042,39.41195],[-106.7004,39.41262],[-106.70017,39.4129],[-106.6995,39.41321],[-106.69929,39.41335],[-106.69909,39.41364],[-106.69868,39.41387],[-106.69834,39.41417],[-106.69776,39.41479],[-106.6974,39.41532],[-106.69713,39.41581],[-106.69705,39.41614],[-106.69706,39.41647],[-106.69732,39.41707],[-106.69798,39.41739],[-106.69959,39.41777]]}},{"type":"Feature","properties":{"name":"GYPSUM CREEK","mtfcc_code":"S1400","main":1},"geometry":{"type":"LineString","coordinates":[[-106.79843,39.48716],[-106.79749,39.48711],[-106.7964,39.48718],[-106.79591,39.48714],[-106.79395,39.48616]]}},{"type":"Feature","properties":{"name":"JAKEMAN SPUR NO. 4","mtfcc_code":"S1400"},"geometry":{"type":"LineString","coordinates":[[-106.70422,39.415],[-106.70445,39.41496],[-106.70582,39.41383],[-106.70707,39.4129],[-106.70758,39.41235],[-106.70765,39.41215],[-106.70751,39.41199],[-106.70693,39.41186],[-106.70686,39.41178],[-106.70685,39.41154],[-106.70649,39.41121],[-106.70547,39.41069],[-106.70451,39.41002],[-106.70434,39.40982],[-106.70424,39.40916],[-106.70408,39.40897],[-106.70403,39.40873],[-106.70407,39.40853],[-106.70419,39.40842],[-106.70468,39.40825],[-106.70528,39.40823],[-106.70613,39.408],[-106.70659,39.40768],[-106.70717,39.40693],[-106.70764,39.40648],[-106.70781,39.40555],[-106.70812,39.40472],[-106.70813,39.40439],[-106.70856,39.40379],[-106.70932,39.40301],[-106.70988,39.40208]]}},{"type":"Feature","properties":{"name":"HAGGERMAN TUNNEL","mtfcc_code":"S1400"},"geometry":{"type":"LineString","coordinates":[[-106.50279,39.25583],[-106.50218,39.25577],[-106.50175,39.2556],[-106.50107,39.25512],[-106.50045,39.25481],[-106.49943,39.25445],[-106.49889,39.25436],[-106.49767,39.25429],[-106.49359,39.2544],[-106.49292,39.25448],[-106.4923,39.25465],[-106.49069,39.25553],[-106.49008,39.25553]]}},{"type":"Feature","properties":{"name":"SECTION 14","mtfcc_code":"S1400"},"geometry":{"type":"LineString","coordinates":[[-106.74779,39.26618],[-106.74744,39.26653],[-106.74692,39.26685],[-106.74537,39.26731],[-106.74418,39.26792],[-106.74332,39.26848],[-106.74126,39.2693],[-106.74011,39.26983],[-106.73887,39.27025],[-106.73802,39.27073],[-106.73657,39.2714],[-106.73546,39.27273],[-106.73544,39.27318]]}},{"type":"Feature","properties":{"name":"LEDE CG","mtfcc_code":"S1400"},"geometry":{"type":"LineString","coordinates":[[-106.7775,39.4682],[-106.77716,39.46812],[-106.77674,39.46826]]}},{"type":"Feature","properties":{"name":"JAKEMAN SPUR NO. 4","mtfcc_code":"S1400"},"geometry":{"type":"LineString","coordinates":[[-106.70191,39.40713],[-106.7015,39.40763],[-106.70114,39.40822],[-106.70111,39.40929],[-106.70129,39.40943],[-106.70245,39.40989],[-106.70286,39.41037],[-106.70305,39.41074],[-106.70484,39.41174],[-106.70499,39.41208],[-106.70553,39.41241],[-106.7057,39.41258],[-106.70581,39.41279],[-106.7058,39.41318],[-106.70563,39.41346],[-106.7052,39.41403],[-106.70422,39.41492],[-106.70422,39.415]]}},{"type":"Feature","properties":{"mtfcc_code":"S1400"},"geometry":{"type":"LineString","coordinates":[[-106.61044,39.30413],[-106.61039,39.30428],[-106.61047,39.3044],[-106.61048,39.30458],[-106.6102,39.30492],[-106.61013,39.30551],[-106.61074,39.30618],[-106.6109,39.30646],[-106.61091,39.30672],[-106.61089,39.30699],[-106.61042,39.30729]]}},{"type":"Feature","properties":{"mtfcc_code":"S1400"},"geometry":{"type":"LineString","coordinates":[[-106.82575,39.48462],[-106.82759,39.48566],[-106.82786,39.48569],[-106.82865,39.48554],[-106.8287,39.48566],[-106.82831,39.48597],[-106.82827,39.48626],[-106.82831,39.48648],[-106.82903,39.48664],[-106.82904,39.48684]]}},{"type":"Feature","properties":{"name":"JAKEMAN SPUR NO. 2","mtfcc_code":"S1400"},"geometry":{"type":"LineString","coordinates":[[-106.69959,39.41777],[-106.69998,39.41786],[-106.70004,39.41793],[-106.69988,39.418],[-106.69906,39.41803],[-106.69758,39.41829],[-106.69646,39.41865],[-106.696,39.41886],[-106.69572,39.41987],[-106.69531,39.42063]]}},{"type":"Feature","properties":{"name":"JAKEMAN LANDING NO 2","mtfcc_code":"S1400"},"geometry":{"type":"LineString","coordinates":[[-106.69943,39.41228],[-106.69946,39.41209],[-106.69882,39.41139],[-106.69811,39.411],[-106.69774,39.41065],[-106.6976,39.41024],[-106.69758,39.40912],[-106.69777,39.40863],[-106.698,39.40829],[-106.6987,39.40761],[-106.69953,39.40651],[-106.70098,39.40543]]}},{"type":"Feature","properties":{"name":"JAKEMAN","mtfcc_code":"S1400"},"geometry":{"type":"LineString","coordinates":[[-106.70191,39.40713],[-106.70105,39.40764],[-106.70056,39.40816],[-106.70019,39.40869],[-106.7001,39.40893],[-106.70007,39.40955],[-106.70031,39.41006],[-106.70046,39.41014],[-106.70153,39.41027],[-106.70169,39.4104],[-106.7016,39.41062],[-106.70204,39.41078],[-106.70208,39.41085],[-106.70201,39.41111],[-106.70209,39.41135],[-106.70222,39.41153],[-106.70257,39.4118],[-106.70256,39.41214],[-106.70296,39.41264],[-106.703,39.4132],[-106.70297,39.41335],[-106.70284,39.41354]]}},{"type":"Feature","properties":{"name":"Star Mesa Rd","mtfcc_code":"S1400"},"geometry":{"type":"LineString","coordinates":[[-106.87048,39.24958],[-106.8657,39.24957],[-106.86553,39.24965],[-106.86539,39.24984],[-106.86497,39.25083],[-106.86476,39.25091],[-106.86454,39.25076],[-106.8641,39.24967],[-106.86398,39.24958],[-106.86382,39.24957],[-106.86366,39.2497],[-106.86357,39.24993],[-106.86353,39.25021],[-106.86356,39.25093],[-106.8635,39.25106],[-106.86339,39.25109],[-106.86328,39.25108],[-106.86315,39.25094],[-106.86266,39.2499],[-106.86254,39.24982],[-106.86238,39.24982],[-106.86227,39.25001],[-106.86228,39.25162],[-106.86191,39.25236],[-106.86155,39.25249],[-106.86095,39.25251],[-106.86034,39.25262],[-106.85947,39.25258],[-106.85931,39.25265],[-106.8592,39.25279],[-106.85914,39.25322],[-106.85879,39.25409],[-106.8587,39.25457],[-106.85907,39.2551],[-106.86007,39.25576]]}},{"type":"Feature","properties":{"mtfcc_code":"S1400"},"geometry":{"type":"LineString","coordinates":[[-106.82028,39.37942],[-106.82027,39.37985],[-106.8201,39.37995],[-106.81981,39.38001],[-106.81804,39.38005],[-106.81796,39.38014],[-106.81816,39.38037]]}},{"type":"Feature","properties":{"mtfcc_code":"S1400"},"geometry":{"type":"LineString","coordinates":[[-106.77618,39.28756],[-106.77643,39.28682],[-106.77648,39.28615],[-106.7763,39.28546],[-106.77598,39.28478],[-106.77504,39.28393],[-106.77487,39.28356],[-106.77452,39.28327],[-106.77445,39.28279],[-106.77392,39.2822],[-106.7731,39.28162],[-106.77236,39.28131],[-106.77215,39.28129],[-106.77183,39.28139],[-106.77115,39.28198],[-106.7711,39.28214],[-106.77197,39.28245],[-106.77253,39.28282],[-106.77318,39.2835],[-106.77441,39.28429],[-106.77484,39.28523],[-106.77484,39.28606],[-106.77529,39.28739]]}},{"type":"Feature","properties":{"name":"Co Rd 18","mtfcc_code":"S1400"},"geometry":{"type":"LineString","coordinates":[[-106.87459,39.27614],[-106.87835,39.27669]]}},{"type":"Feature","properties":{"mtfcc_code":"S1400"},"geometry":{"type":"LineString","coordinates":[[-106.61675,39.32027],[-106.616,39.32031],[-106.61517,39.32026],[-106.61506,39.32028],[-106.61495,39.32045]]}},{"type":"Feature","properties":{"name":"CROOKED CREEK RESERVOIR","mtfcc_code":"S1400"},"geometry":{"type":"LineString","coordinates":[[-106.65739,39.42829],[-106.65553,39.42804],[-106.65441,39.42766],[-106.65395,39.42736],[-106.65265,39.42581],[-106.65211,39.42543],[-106.65177,39.42527],[-106.65106,39.42507],[-106.65009,39.42506],[-106.64916,39.42527],[-106.64776,39.4265]]}},{"type":"Feature","properties":{"mtfcc_code":"S1400"},"geometry":{"type":"LineString","coordinates":[[-106.67706,39.34462],[-106.67716,39.34466],[-106.67745,39.34505],[-106.67784,39.34514],[-106.67803,39.34531],[-106.67841,39.34539]]}},{"type":"Feature","properties":{"mtfcc_code":"S1400"},"geometry":{"type":"LineString","coordinates":[[-106.7093,39.3429],[-106.70908,39.34292],[-106.70874,39.34357],[-106.70709,39.34497],[-106.70633,39.345],[-106.70282,39.34741],[-106.70105,39.34826],[-106.70025,39.34944],[-106.69998,39.34968]]}},{"type":"Feature","properties":{"mtfcc_code":"S1400"},"geometry":{"type":"LineString","coordinates":[[-106.78856,39.37252],[-106.78819,39.37251],[-106.78781,39.37229],[-106.78787,39.37208],[-106.78783,39.37175],[-106.78755,39.37127],[-106.78737,39.37067],[-106.78727,39.37056],[-106.78712,39.37053],[-106.78692,39.37058],[-106.7867,39.37085],[-106.78665,39.37262],[-106.78628,39.37297],[-106.78629,39.37312],[-106.78691,39.37347],[-106.78706,39.37427],[-106.78701,39.37441],[-106.78687,39.37448],[-106.78582,39.37456]]}},{"type":"Feature","properties":{"mtfcc_code":"S1400"},"geometry":{"type":"LineString","coordinates":[[-106.73689,39.36055],[-106.73616,39.36063],[-106.73432,39.36107],[-106.733,39.36119],[-106.7323,39.36144],[-106.73196,39.36162],[-106.73185,39.36175]]}},{"type":"Feature","properties":{"name":"EAGLE-THOMASVILLE","mtfcc_code":"S1400","main":1},"geometry":{"type":"LineString","coordinates":[[-106.73529,39.47981],[-106.73604,39.4796]]}},{"type":"Feature","properties":{"mtfcc_code":"S1400"},"geometry":{"type":"LineString","coordinates":[[-106.78453,39.37083],[-106.7839,39.37082],[-106.7836,39.37097],[-106.78305,39.37136],[-106.78296,39.37171],[-106.78304,39.37174],[-106.78323,39.37164],[-106.78362,39.3713],[-106.78388,39.37132]]}},{"type":"Feature","properties":{"name":"NORRIE POWERLINE","mtfcc_code":"S1400"},"geometry":{"type":"LineString","coordinates":[[-106.66735,39.34039],[-106.6672,39.34047],[-106.66717,39.34056],[-106.66731,39.34105],[-106.66709,39.34117],[-106.66694,39.3415],[-106.66672,39.34158],[-106.66643,39.34184],[-106.66572,39.34197],[-106.66523,39.34234],[-106.66499,39.34238],[-106.66458,39.34203],[-106.66446,39.34169],[-106.66396,39.3411],[-106.66361,39.34092],[-106.6618,39.34053],[-106.66151,39.34028],[-106.661,39.33998],[-106.66055,39.33938],[-106.66041,39.33905],[-106.66029,39.33838],[-106.66022,39.33819],[-106.66005,39.33801],[-106.65959,39.33783],[-106.65915,39.33791],[-106.65782,39.33857],[-106.65747,39.3386],[-106.65738,39.33878],[-106.65726,39.33879],[-106.65698,39.33859],[-106.65704,39.33852],[-106.65701,39.33811],[-106.65712,39.338],[-106.65693,39.33752],[-106.65693,39.3373],[-106.65683,39.33699],[-106.65612,39.3365],[-106.65576,39.33643],[-106.65572,39.3362],[-106.6556,39.33615],[-106.65512,39.33601],[-106.65467,39.33608],[-106.65458,39.33605],[-106.65445,39.33577],[-106.65446,39.33525],[-106.6543,39.33514],[-106.65429,39.33506],[-106.65387,39.33488],[-106.65363,39.33461],[-106.65336,39.33453],[-106.65263,39.33493],[-106.65198,39.33502],[-106.65188,39.33496],[-106.65177,39.33472],[-106.65158,39.3346],[-106.6508,39.33434],[-106.65038,39.33429],[-106.65018,39.33417],[-106.65003,39.33376],[-106.64993,39.333],[-106.64969,39.33222],[-106.64953,39.33196],[-106.6491,39.33149],[-106.64868,39.33078],[-106.64774,39.3297],[-106.64695,39.32909],[-106.646,39.32854]]}},{"type":"Feature","properties":{"name":"EAGLE-THOMASVILLE","mtfcc_code":"S1400","main":1},"geometry":{"type":"LineString","coordinates":[[-106.73446,39.48026],[-106.73476,39.48005]]}},{"type":"Feature","properties":{"mtfcc_code":"S1400"},"geometry":{"type":"LineString","coordinates":[[-106.82459,39.3862],[-106.8232,39.38612],[-106.82253,39.38624],[-106.82191,39.38612],[-106.8211,39.38621],[-106.82088,39.38616],[-106.82081,39.38581],[-106.8209,39.38514],[-106.82031,39.38447],[-106.82019,39.38422]]}},{"type":"Feature","properties":{"name":"TEETUM RIDGE ROAD","mtfcc_code":"S1400"},"geometry":{"type":"LineString","coordinates":[[-106.65881,39.31051],[-106.65906,39.31043],[-106.66021,39.31042],[-106.66069,39.3103]]}},{"type":"Feature","properties":{"name":"SELLAR LOGGING ROAD","mtfcc_code":"S1400"},"geometry":{"type":"LineString","coordinates":[[-106.60371,39.32873],[-106.6049,39.32922],[-106.60607,39.3294],[-106.60851,39.32948],[-106.60952,39.3296],[-106.61064,39.32979],[-106.61203,39.33016],[-106.61283,39.33016],[-106.61337,39.33005]]}},{"type":"Feature","properties":{"mtfcc_code":"S1400"},"geometry":{"type":"LineString","coordinates":[[-106.78936,39.37783],[-106.78933,39.37851],[-106.7894,39.37968],[-106.78936,39.3799],[-106.78921,39.38009],[-106.78935,39.38037]]}},{"type":"Feature","properties":{"mtfcc_code":"S1400"},"geometry":{"type":"LineString","coordinates":[[-106.74877,39.35381],[-106.74857,39.35402],[-106.74759,39.35426]]}},{"type":"Feature","properties":{"name":"EAGLE-THOMASVILLE","mtfcc_code":"S1400","main":1},"geometry":{"type":"LineString","coordinates":[[-106.73513,39.47987],[-106.73519,39.47985]]}},{"type":"Feature","properties":{"mtfcc_code":"S1400"},"geometry":{"type":"LineString","coordinates":[[-106.82576,39.38954],[-106.82586,39.38985],[-106.82639,39.39028]]}},{"type":"Feature","properties":{"name":"JAKEMAN SPUR NO. 2","mtfcc_code":"S1400"},"geometry":{"type":"LineString","coordinates":[[-106.70564,39.40127],[-106.70291,39.40293],[-106.70223,39.4036],[-106.70172,39.40447],[-106.70098,39.40543]]}},{"type":"Feature","properties":{"name":"McLain Flats Rd","mtfcc_code":"S1400"},"geometry":{"type":"LineString","coordinates":[[-106.87211,39.252],[-106.87244,39.25236],[-106.87339,39.25314],[-106.87397,39.2533],[-106.87454,39.25354],[-106.87617,39.25391]]}},{"type":"Feature","properties":{"mtfcc_code":"S1400"},"geometry":{"type":"LineString","coordinates":[[-106.71468,39.44719],[-106.71392,39.4468],[-106.71188,39.44653],[-106.71133,39.44616],[-106.71073,39.44596],[-106.71083,39.44623],[-106.71138,39.44682],[-106.71175,39.44705],[-106.71218,39.44716],[-106.71225,39.44723],[-106.71225,39.44738],[-106.71216,39.44742],[-106.71115,39.4474],[-106.71075,39.44726],[-106.71026,39.44682],[-106.71018,39.44683],[-106.71016,39.44707],[-106.7103,39.44754],[-106.71014,39.44803],[-106.71037,39.44815],[-106.71123,39.44817],[-106.71124,39.44828],[-106.71092,39.44836],[-106.70999,39.44835],[-106.70956,39.44797],[-106.7094,39.44771],[-106.70923,39.4477],[-106.70912,39.44782],[-106.70899,39.44817],[-106.70898,39.4483],[-106.70909,39.44848],[-106.70951,39.44874],[-106.70999,39.44893],[-106.71041,39.44895],[-106.71053,39.44908],[-106.71031,39.4491],[-106.7097,39.4495],[-106.7094,39.44959],[-106.70907,39.44955],[-106.70891,39.44945],[-106.70873,39.44946],[-106.70826,39.44978],[-106.70776,39.44993]]}},{"type":"Feature","properties":{"mtfcc_code":"S1400"},"geometry":{"type":"LineString","coordinates":[[-106.78744,39.38491],[-106.78783,39.38414]]}},{"type":"Feature","properties":{"name":"MONTGOMERY FLATS","mtfcc_code":"S1400"},"geometry":{"type":"LineString","coordinates":[[-106.64981,39.36331],[-106.65103,39.36257],[-106.65188,39.36229],[-106.65303,39.36125],[-106.65351,39.36067],[-106.65397,39.3606],[-106.65459,39.36023],[-106.65537,39.35955],[-106.65578,39.35929],[-106.65786,39.35847],[-106.65953,39.35791]]}},{"type":"Feature","properties":{"mtfcc_code":"S1400"},"geometry":{"type":"LineString","coordinates":[[-106.79403,39.29765],[-106.79347,39.29755],[-106.79295,39.29735],[-106.79262,39.29705],[-106.79226,39.2966],[-106.79193,39.29571],[-106.79189,39.29521],[-106.79202,39.29468],[-106.79188,39.2946],[-106.7915,39.29458],[-106.79101,39.29486],[-106.79052,39.29526],[-106.78992,39.29558],[-106.78961,39.29658]]}},{"type":"Feature","properties":{"name":"COLLINS SPUR #4","mtfcc_code":"S1400"},"geometry":{"type":"LineString","coordinates":[[-106.78158,39.28866],[-106.7814,39.28812],[-106.78119,39.288],[-106.78052,39.28799],[-106.78016,39.2877],[-106.77998,39.28745],[-106.7798,39.28697],[-106.77957,39.28676]]}},{"type":"Feature","properties":{"name":"Co Rd 18A","mtfcc_code":"S1400"},"geometry":{"type":"LineString","coordinates":[[-106.87403,39.28285],[-106.87251,39.28451],[-106.8712,39.28549]]}},{"type":"Feature","properties":{"name":"KNOB WAYS","mtfcc_code":"S1400"},"geometry":{"type":"LineString","coordinates":[[-106.77937,39.29345],[-106.77963,39.2931],[-106.78052,39.29231],[-106.78125,39.29198],[-106.78167,39.29187],[-106.78261,39.29137],[-106.78287,39.29105],[-106.78317,39.2908],[-106.78411,39.2902],[-106.78446,39.28986],[-106.78495,39.2891],[-106.78501,39.28887],[-106.78561,39.28812],[-106.78676,39.28748],[-106.78839,39.28629],[-106.78941,39.28596],[-106.78976,39.28562],[-106.78987,39.28533],[-106.79031,39.28484],[-106.7914,39.28419],[-106.79185,39.28367]]}},{"type":"Feature","properties":{"mtfcc_code":"S1400"},"geometry":{"type":"LineString","coordinates":[[-106.78066,39.36405],[-106.7809,39.36398],[-106.78086,39.36383],[-106.7809,39.36376],[-106.78124,39.36376],[-106.78138,39.36384],[-106.78146,39.36401],[-106.78117,39.36405],[-106.78121,39.36424]]}},{"type":"Feature","properties":{"mtfcc_code":"S1400"},"geometry":{"type":"LineString","coordinates":[[-106.68929,39.39707],[-106.68931,39.39723],[-106.68901,39.39803],[-106.68906,39.39838],[-106.68928,39.39852],[-106.68934,39.39864],[-106.68928,39.39894],[-106.68913,39.39916],[-106.6891,39.39934]]}},{"type":"Feature","properties":{"name":"LAMONT PASTURE","mtfcc_code":"S1400"},"geometry":{"type":"LineString","coordinates":[[-106.66216,39.31955],[-106.66231,39.31964],[-106.66291,39.31977],[-106.66347,39.3197],[-106.6643,39.31934],[-106.66445,39.31918],[-106.66451,39.31889],[-106.66506,39.31832],[-106.66523,39.31782],[-106.66541,39.31755],[-106.66602,39.31719],[-106.66663,39.31697],[-106.66713,39.31687]]}},{"type":"Feature","properties":{"name":"CABIN","mtfcc_code":"S1400"},"geometry":{"type":"LineString","coordinates":[[-106.62252,39.31887],[-106.62278,39.31898],[-106.62308,39.319],[-106.62359,39.31885],[-106.62435,39.31877],[-106.62442,39.31865],[-106.62442,39.31837],[-106.62435,39.31825],[-106.62422,39.31819]]}},{"type":"Feature","properties":{"mtfcc_code":"S1400"},"geometry":{"type":"LineString","coordinates":[[-106.8712,39.28549],[-106.86958,39.2865],[-106.8679,39.28794]]}},{"type":"Feature","properties":{"name":"SELLAR LAKE","mtfcc_code":"S1400"},"geometry":{"type":"LineString","coordinates":[[-106.58646,39.32458],[-106.58645,39.32413],[-106.58658,39.32358],[-106.5868,39.32324],[-106.58678,39.32256],[-106.58649,39.32219],[-106.58632,39.32187],[-106.58544,39.32161]]}},{"type":"Feature","properties":{"mtfcc_code":"S1400"},"geometry":{"type":"LineString","coordinates":[[-106.80766,39.38442],[-106.80728,39.38426],[-106.80727,39.38413],[-106.80741,39.38402],[-106.80746,39.38333]]}},{"type":"Feature","properties":{"mtfcc_code":"S1400"},"geometry":{"type":"LineString","coordinates":[[-106.81702,39.38202],[-106.81646,39.38144],[-106.81597,39.38072],[-106.81579,39.38055],[-106.81549,39.38068],[-106.81518,39.38094],[-106.81504,39.38179],[-106.81496,39.38196],[-106.81459,39.38209],[-106.81426,39.38195]]}},{"type":"Feature","properties":{"name":"EAGLE-THOMASVILLE","mtfcc_code":"S1400","main":1},"geometry":{"type":"LineString","coordinates":[[-106.73762,39.48079],[-106.73736,39.48089],[-106.73721,39.48084],[-106.73694,39.48039],[-106.73627,39.47996],[-106.73604,39.4796]]}},{"type":"Feature","properties":{"mtfcc_code":"S1400"},"geometry":{"type":"LineString","coordinates":[[-106.69681,39.35993],[-106.69651,39.35949]]}},{"type":"Feature","properties":{"name":"CHAPMAN CREEK","mtfcc_code":"S1400"},"geometry":{"type":"LineString","coordinates":[[-106.63085,39.26325],[-106.63042,39.26335],[-106.63004,39.26331]]}},{"type":"Feature","properties":{"mtfcc_code":"S1400"},"geometry":{"type":"LineString","coordinates":[[-106.67555,39.41024],[-106.67637,39.41075],[-106.67682,39.41089],[-106.67714,39.41091]]}},{"type":"Feature","properties":{"name":"POWERLINE","mtfcc_code":"S1400"},"geometry":{"type":"LineString","coordinates":[[-106.646,39.32854],[-106.64551,39.32856],[-106.64468,39.32845],[-106.6446,39.32852],[-106.64457,39.32867],[-106.64465,39.32886],[-106.64497,39.3292],[-106.64487,39.32961],[-106.64448,39.32989],[-106.64371,39.33013],[-106.64314,39.33071],[-106.63635,39.32728],[-106.63529,39.32664],[-106.63467,39.32657],[-106.63387,39.32621],[-106.63311,39.32575],[-106.63035,39.32444],[-106.63016,39.32398],[-106.62975,39.32373],[-106.63071,39.32262]]}},{"type":"Feature","properties":{"mtfcc_code":"S1400"},"geometry":{"type":"LineString","coordinates":[[-106.79154,39.30568],[-106.79093,39.30504],[-106.78981,39.3036]]}},{"type":"Feature","properties":{"mtfcc_code":"S1400"},"geometry":{"type":"LineString","coordinates":[[-106.78389,39.49714],[-106.78423,39.49774],[-106.78453,39.4979],[-106.78762,39.49847],[-106.78814,39.49862],[-106.78844,39.49878],[-106.78876,39.49913],[-106.78893,39.49985],[-106.78913,39.50033],[-106.78935,39.50056],[-106.78975,39.50074],[-106.79013,39.50116],[-106.79028,39.50209],[-106.79057,39.50254],[-106.79063,39.50275],[-106.79201,39.50333],[-106.79277,39.50406],[-106.79363,39.50448],[-106.79407,39.50486],[-106.7944,39.50498],[-106.79487,39.50504],[-106.79703,39.50502]]}},{"type":"Feature","properties":{"mtfcc_code":"S1400"},"geometry":{"type":"LineString","coordinates":[[-106.83106,39.39682],[-106.83084,39.396],[-106.83054,39.39559],[-106.83021,39.39489],[-106.82979,39.39442],[-106.82929,39.39412],[-106.82873,39.39391],[-106.82801,39.39352],[-106.82724,39.39259],[-106.82709,39.39253],[-106.82687,39.39205],[-106.82619,39.39173],[-106.82605,39.39145],[-106.82601,39.3908],[-106.82609,39.39047],[-106.82639,39.39028]]}},{"type":"Feature","properties":{"name":"WILBER CREEK","mtfcc_code":"S1400"},"geometry":{"type":"LineString","coordinates":[[-106.76735,39.26025],[-106.76616,39.26132],[-106.76579,39.26141],[-106.76569,39.26153],[-106.7657,39.26161],[-106.76603,39.2619],[-106.76615,39.26216],[-106.76624,39.26288],[-106.76621,39.26312],[-106.76567,39.26424],[-106.76486,39.26528],[-106.76475,39.26554],[-106.76469,39.26596]]}},{"type":"Feature","properties":{"name":"Meadow Lark Ln","mtfcc_code":"S1400"},"geometry":{"type":"LineString","coordinates":[[-106.87303,39.26356],[-106.87143,39.26428]]}},{"type":"Feature","properties":{"mtfcc_code":"S1400"},"geometry":{"type":"LineString","coordinates":[[-106.87293,39.37862],[-106.87314,39.3783],[-106.8734,39.3782],[-106.87356,39.37801],[-106.87366,39.37798],[-106.874,39.37807],[-106.87471,39.37846],[-106.87512,39.37845],[-106.87566,39.37766],[-106.87576,39.37762],[-106.87593,39.37765],[-106.87634,39.3779],[-106.87712,39.37778],[-106.87809,39.37809]]}},{"type":"Feature","properties":{"name":"SELLAR SNOTEL ROAD","mtfcc_code":"S1400"},"geometry":{"type":"LineString","coordinates":[[-106.61689,39.31822],[-106.61687,39.31791],[-106.61701,39.3179],[-106.61713,39.31777]]}},{"type":"Feature","properties":{"name":"Yellow Fox Ln","mtfcc_code":"S1400"},"geometry":{"type":"LineString","coordinates":[[-106.86897,39.25701],[-106.8712,39.25702]]}},{"type":"Feature","properties":{"mtfcc_code":"S1400"},"geometry":{"type":"LineString","coordinates":[[-106.80766,39.38442],[-106.80783,39.38454],[-106.80785,39.38468],[-106.80722,39.38488],[-106.80683,39.38515],[-106.8059,39.38645],[-106.80553,39.38706],[-106.80549,39.38733],[-106.80553,39.38773],[-106.80601,39.38927]]}},{"type":"Feature","properties":{"name":"REC.RESIDENCE","mtfcc_code":"S1400"},"geometry":{"type":"LineString","coordinates":[[-106.65917,39.33019],[-106.6592,39.33076],[-106.65906,39.3319],[-106.65929,39.33244]]}},{"type":"Feature","properties":{"name":"FRYING PAN","mtfcc_code":"S1400","main":1},"geometry":{"type":"LineString","coordinates":[[-106.78392,39.36604],[-106.7831,39.36532],[-106.78133,39.36431],[-106.78082,39.36407],[-106.78061,39.36404],[-106.78012,39.36413],[-106.77931,39.36458],[-106.77898,39.36483],[-106.77862,39.36536],[-106.77834,39.36557],[-106.7778,39.36568],[-106.77742,39.36562],[-106.77711,39.36545],[-106.77687,39.36518],[-106.77668,39.36411],[-106.77648,39.3637],[-106.77594,39.36339],[-106.77541,39.36323]]}},{"type":"Feature","properties":{"name":"NORTH FORK","mtfcc_code":"S1400","main":1},"geometry":{"type":"LineString","coordinates":[[-106.53513,39.35693],[-106.53466,39.35808],[-106.53464,39.35824],[-106.53472,39.35846],[-106.53515,39.35914],[-106.53614,39.36001]]}},{"type":"Feature","properties":{"name":"DIEMER LAKE","mtfcc_code":"S1400"},"geometry":{"type":"LineString","coordinates":[[-106.60378,39.32849],[-106.60375,39.32869],[-106.60347,39.32894],[-106.60264,39.3292],[-106.60183,39.32959],[-106.6014,39.32986],[-106.60118,39.33013],[-106.60022,39.3309],[-106.59998,39.33136],[-106.59991,39.33165],[-106.60002,39.33165],[-106.6004,39.33112],[-106.60067,39.33094],[-106.60196,39.33028],[-106.60277,39.33003],[-106.60369,39.33],[-106.60397,39.33005],[-106.60477,39.33046],[-106.60555,39.33071],[-106.60697,39.33103],[-106.60769,39.33099],[-106.60829,39.33109],[-106.60947,39.33168],[-106.61251,39.33224],[-106.6129,39.33244],[-106.61318,39.33249],[-106.61351,39.33272],[-106.6138,39.33283],[-106.6148,39.33288],[-106.61478,39.33299],[-106.61376,39.3337],[-106.61358,39.33406],[-106.61225,39.33457],[-106.61204,39.33476],[-106.61171,39.33483],[-106.61121,39.33481],[-106.61104,39.33501],[-106.61056,39.33523],[-106.61035,39.33522],[-106.60993,39.33499],[-106.60906,39.33507],[-106.60847,39.33526],[-106.60815,39.33546]]}},{"type":"Feature","properties":{"name":"POWERLINE - CROOKED CREEK","mtfcc_code":"S1400","main":1},"geometry":{"type":"LineString","coordinates":[[-106.68568,39.43908],[-106.68568,39.43852],[-106.68493,39.43814],[-106.68379,39.43691],[-106.68365,39.43653],[-106.68371,39.43573],[-106.68334,39.43383],[-106.68344,39.43315],[-106.68336,39.43205],[-106.68348,39.43147],[-106.68369,39.43085],[-106.68419,39.43004],[-106.68473,39.42873],[-106.6846,39.42868],[-106.68368,39.4288],[-106.68344,39.42873],[-106.68341,39.42836],[-106.68317,39.42784],[-106.68309,39.4273],[-106.68282,39.42702],[-106.68284,39.42662],[-106.68231,39.42625],[-106.68231,39.42607],[-106.68297,39.42526],[-106.68242,39.42481],[-106.68238,39.42462],[-106.68303,39.42398],[-106.68307,39.42386],[-106.68266,39.42352],[-106.68248,39.42321],[-106.68239,39.42266],[-106.68241,39.42206],[-106.68228,39.42129],[-106.68288,39.42031],[-106.68374,39.41964],[-106.68386,39.41945],[-106.68351,39.41894],[-106.68284,39.4184],[-106.6815,39.41768],[-106.68142,39.41755],[-106.68129,39.41697],[-106.68125,39.41649],[-106.68092,39.41591],[-106.6807,39.41517],[-106.68082,39.41488],[-106.6817,39.41448],[-106.68229,39.41431],[-106.68367,39.41425],[-106.6838,39.4142],[-106.68383,39.41402],[-106.68339,39.41305],[-106.68237,39.4123],[-106.68074,39.41091],[-106.68062,39.41041],[-106.68074,39.40961],[-106.68013,39.4083],[-106.68007,39.40798],[-106.67965,39.4072],[-106.67946,39.40712],[-106.67876,39.40708],[-106.67856,39.40686],[-106.67856,39.40661],[-106.67865,39.40646],[-106.67914,39.40624],[-106.68003,39.40613],[-106.6815,39.40617],[-106.68162,39.40614],[-106.68165,39.40606],[-106.68076,39.4055],[-106.68016,39.40493],[-106.67919,39.40418],[-106.67829,39.40385],[-106.67782,39.4035],[-106.6774,39.40302],[-106.6772,39.40222],[-106.67676,39.40198]]}},{"type":"Feature","properties":{"mtfcc_code":"S1400"},"geometry":{"type":"LineString","coordinates":[[-106.77079,39.36695],[-106.77074,39.36714],[-106.77121,39.36762],[-106.77157,39.36837],[-106.77175,39.3686],[-106.77233,39.36875],[-106.77307,39.36948]]}},{"type":"Feature","properties":{"mtfcc_code":"S1400"},"geometry":{"type":"LineString","coordinates":[[-106.79987,39.29313],[-106.80073,39.29281],[-106.80191,39.29276],[-106.80274,39.29259],[-106.80392,39.2925],[-106.80409,39.29229],[-106.8042,39.29194],[-106.80443,39.29156],[-106.80478,39.29115],[-106.80524,39.2909],[-106.80586,39.29088]]}},{"type":"Feature","properties":{"mtfcc_code":"S1400"},"geometry":{"type":"LineString","coordinates":[[-106.67923,39.34791],[-106.67896,39.34795]]}},{"type":"Feature","properties":{"mtfcc_code":"S1400"},"geometry":{"type":"LineString","coordinates":[[-106.67896,39.34795],[-106.67861,39.34813],[-106.67844,39.34812],[-106.67843,39.34828],[-106.67871,39.34876],[-106.67871,39.34897],[-106.67825,39.34937],[-106.67809,39.34968],[-106.67747,39.34985],[-106.67709,39.34967],[-106.67653,39.34954],[-106.67598,39.34952],[-106.67579,39.34957]]}},{"type":"Feature","properties":{"name":"LENADO","mtfcc_code":"S1400","main":1},"geometry":{"type":"LineString","coordinates":[[-106.82439,39.25153],[-106.82392,39.25149]]}},{"type":"Feature","properties":{"name":"LENADO","mtfcc_code":"S1400","main":1},"geometry":{"type":"LineString","coordinates":[[-106.83136,39.2515],[-106.83207,39.25187],[-106.83303,39.25209],[-106.83361,39.25263],[-106.83422,39.25295],[-106.8347,39.25312],[-106.83584,39.25324]]}},{"type":"Feature","properties":{"name":"LENADO","mtfcc_code":"S1400","main":1},"geometry":{"type":"LineString","coordinates":[[-106.83136,39.2515],[-106.8313,39.25147]]}},{"type":"Feature","properties":{"name":"LENADO","mtfcc_code":"S1400","main":1},"geometry":{"type":"LineString","coordinates":[[-106.8313,39.25147],[-106.83105,39.25135],[-106.83067,39.25132],[-106.82931,39.25136],[-106.82816,39.25149],[-106.82439,39.25153]]}},{"type":"Feature","properties":{"name":"LENADO","mtfcc_code":"S1400","main":1},"geometry":{"type":"LineString","coordinates":[[-106.82392,39.25149],[-106.82356,39.25133],[-106.82262,39.25072],[-106.82223,39.25059]]}},{"type":"Feature","properties":{"name":"LENADO","mtfcc_code":"S1400","main":1},"geometry":{"type":"LineString","coordinates":[[-106.82223,39.25059],[-106.82206,39.25054]]}},{"type":"Feature","properties":{"name":"LENADO","mtfcc_code":"S1400","main":1},"geometry":{"type":"LineString","coordinates":[[-106.82206,39.25054],[-106.82117,39.25011],[-106.82075,39.24998],[-106.82042,39.24977],[-106.81986,39.24922],[-106.81894,39.24885]]}},{"type":"Feature","properties":{"mtfcc_code":"S1400"},"geometry":{"type":"LineString","coordinates":[[-106.67507,39.34346],[-106.67506,39.34366]]}},{"type":"Feature","properties":{"mtfcc_code":"S1400"},"geometry":{"type":"LineString","coordinates":[[-106.67506,39.34366],[-106.67521,39.34387],[-106.6757,39.34427],[-106.676,39.34439],[-106.67663,39.3445],[-106.67695,39.34467]]}},{"type":"Feature","properties":{"mtfcc_code":"S1400"},"geometry":{"type":"LineString","coordinates":[[-106.73689,39.36055],[-106.73686,39.36047],[-106.73721,39.35949],[-106.73711,39.35944],[-106.73679,39.35949]]}},{"type":"Feature","properties":{"mtfcc_code":"S1400"},"geometry":{"type":"LineString","coordinates":[[-106.73679,39.35949],[-106.73599,39.35964],[-106.73587,39.35958],[-106.73591,39.35951],[-106.7362,39.35941],[-106.73666,39.35879]]}},{"type":"Feature","properties":{"mtfcc_code":"S1400"},"geometry":{"type":"LineString","coordinates":[[-106.62601,39.34373],[-106.62628,39.3439]]}},{"type":"Feature","properties":{"mtfcc_code":"S1400"},"geometry":{"type":"LineString","coordinates":[[-106.6256,39.34372],[-106.62584,39.34368],[-106.62601,39.34373]]}},{"type":"Feature","properties":{"name":"DEADMAN","mtfcc_code":"S1400"},"geometry":{"type":"LineString","coordinates":[[-106.70743,39.36193],[-106.70759,39.36181]]}},{"type":"Feature","properties":{"name":"DEADMAN","mtfcc_code":"S1400"},"geometry":{"type":"LineString","coordinates":[[-106.70759,39.36181],[-106.70777,39.36172],[-106.70877,39.3619],[-106.70901,39.36187],[-106.71057,39.36106],[-106.71116,39.36041],[-106.71165,39.36014],[-106.71192,39.35982],[-106.71225,39.35959],[-106.71251,39.35916],[-106.71309,39.35887],[-106.71322,39.3586],[-106.71327,39.35824],[-106.71342,39.35804],[-106.71393,39.35788],[-106.714,39.35747],[-106.71381,39.35687],[-106.71385,39.35659],[-106.71502,39.35644],[-106.71682,39.35562],[-106.71689,39.35533],[-106.71685,39.35444]]}},{"type":"Feature","properties":{"name":"LENADO","mtfcc_code":"S1400","main":1},"geometry":{"type":"LineString","coordinates":[[-106.83594,39.25326],[-106.83584,39.25324]]}},{"type":"Feature","properties":{"name":"MILLER","mtfcc_code":"S1400"},"geometry":{"type":"LineString","coordinates":[[-106.73171,39.32775],[-106.73157,39.32775],[-106.73061,39.32814],[-106.73019,39.32851]]}},{"type":"Feature","properties":{"name":"MILLER","mtfcc_code":"S1400"},"geometry":{"type":"LineString","coordinates":[[-106.73604,39.31966],[-106.736,39.31971]]}},{"type":"Feature","properties":{"name":"MILLER","mtfcc_code":"S1400"},"geometry":{"type":"LineString","coordinates":[[-106.736,39.31971],[-106.73504,39.32102],[-106.73454,39.3221],[-106.73321,39.32594],[-106.73324,39.32664],[-106.73315,39.32689],[-106.73275,39.32745],[-106.73234,39.32836],[-106.73228,39.3284],[-106.73207,39.32835],[-106.7319,39.32786],[-106.73171,39.32775]]}},{"type":"Feature","properties":{"name":"BIGLOW","mtfcc_code":"S1400"},"geometry":{"type":"LineString","coordinates":[[-106.66852,39.34311],[-106.66866,39.34343],[-106.66889,39.34368]]}},{"type":"Feature","properties":{"name":"BIGLOW","mtfcc_code":"S1400"},"geometry":{"type":"LineString","coordinates":[[-106.66889,39.34368],[-106.66895,39.34391],[-106.66885,39.34455],[-106.66897,39.34513],[-106.66876,39.34583],[-106.66889,39.34599],[-106.66938,39.34636]]}},{"type":"Feature","properties":{"name":"NORRIE","mtfcc_code":"S1400"},"geometry":{"type":"LineString","coordinates":[[-106.65711,39.32992],[-106.6553,39.32705],[-106.65519,39.32652],[-106.65594,39.32604],[-106.65599,39.32591],[-106.65587,39.3257],[-106.65545,39.32533],[-106.65541,39.32502],[-106.6555,39.32469]]}},{"type":"Feature","properties":{"mtfcc_code":"S1400"},"geometry":{"type":"LineString","coordinates":[[-106.61337,39.32025],[-106.61321,39.32013],[-106.61317,39.32],[-106.61346,39.31955]]}},{"type":"Feature","properties":{"mtfcc_code":"S1400"},"geometry":{"type":"LineString","coordinates":[[-106.61495,39.32045],[-106.61359,39.32035],[-106.61337,39.32025]]}},{"type":"Feature","properties":{"name":"MILLER","mtfcc_code":"S1400"},"geometry":{"type":"LineString","coordinates":[[-106.73853,39.35799],[-106.73882,39.35792],[-106.73908,39.35774]]}},{"type":"Feature","properties":{"name":"MILLER","mtfcc_code":"S1400"},"geometry":{"type":"LineString","coordinates":[[-106.7405,39.35491],[-106.74067,39.35414]]}},{"type":"Feature","properties":{"name":"MILLER","mtfcc_code":"S1400"},"geometry":{"type":"LineString","coordinates":[[-106.73908,39.35774],[-106.73928,39.35729],[-106.73918,39.35675],[-106.7395,39.35612],[-106.73972,39.35587],[-106.73989,39.35578],[-106.74064,39.35583],[-106.741,39.35556],[-106.74109,39.35532],[-106.74102,39.35515],[-106.74058,39.35508],[-106.7405,39.35491]]}},{"type":"Feature","properties":{"name":"NORTH FORK","mtfcc_code":"S1400","main":1},"geometry":{"type":"LineString","coordinates":[[-106.62687,39.34372],[-106.62592,39.34398],[-106.62382,39.34425],[-106.62047,39.34435],[-106.61713,39.34423],[-106.61311,39.34473],[-106.61273,39.34465],[-106.61228,39.34403],[-106.61189,39.34401],[-106.60989,39.34462],[-106.60877,39.34465],[-106.60733,39.34495],[-106.60696,39.34485],[-106.60656,39.34459],[-106.60621,39.34445],[-106.60562,39.34439],[-106.60431,39.34485],[-106.60214,39.34539],[-106.6008,39.34615],[-106.59967,39.34629],[-106.59641,39.34691],[-106.59444,39.34759],[-106.59146,39.34833],[-106.59097,39.34865],[-106.58998,39.34873],[-106.58981,39.34879],[-106.58904,39.3494],[-106.58851,39.34958],[-106.58808,39.34983],[-106.58575,39.35021],[-106.58524,39.35038],[-106.58405,39.35097],[-106.58345,39.35139],[-106.58304,39.35207],[-106.58234,39.35286],[-106.58007,39.35488],[-106.57898,39.35503],[-106.57862,39.35514],[-106.5784,39.35528],[-106.57813,39.35568],[-106.57788,39.35634],[-106.57763,39.35669],[-106.57649,39.35743],[-106.57623,39.3577],[-106.57567,39.35784],[-106.57458,39.35785],[-106.57359,39.35772],[-106.57337,39.35784],[-106.5731,39.35818],[-106.57222,39.35844],[-106.57048,39.35932],[-106.56967,39.35999],[-106.56877,39.36054],[-106.5684,39.36113],[-106.56807,39.3613],[-106.56791,39.36132],[-106.56769,39.36122],[-106.56761,39.36078],[-106.56752,39.36064],[-106.56716,39.36028],[-106.5669,39.36019],[-106.56616,39.36023],[-106.56554,39.36017],[-106.56456,39.36062],[-106.56363,39.36069],[-106.56287,39.36055],[-106.56201,39.36063],[-106.56169,39.3607],[-106.56135,39.36092],[-106.5612,39.36094],[-106.56033,39.36081],[-106.55931,39.36084],[-106.55834,39.3604],[-106.55807,39.36038],[-106.55703,39.36046],[-106.55591,39.36082],[-106.55499,39.36094],[-106.55407,39.36125],[-106.55361,39.36124],[-106.55299,39.361],[-106.55249,39.36097],[-106.55124,39.36138],[-106.55047,39.3613],[-106.54797,39.36155],[-106.54666,39.3619],[-106.54596,39.36191],[-106.54561,39.36209],[-106.54522,39.36212],[-106.54491,39.36199],[-106.54476,39.36179],[-106.54533,39.36099],[-106.54537,39.36086],[-106.5452,39.36062],[-106.54497,39.36054],[-106.5443,39.36049],[-106.54403,39.36014],[-106.54382,39.36002],[-106.54334,39.3599],[-106.54187,39.35976],[-106.5416,39.35947],[-106.54094,39.3592],[-106.54024,39.35918],[-106.53978,39.35926],[-106.53913,39.35951],[-106.53886,39.3595],[-106.53855,39.35938],[-106.53839,39.35913],[-106.53841,39.35883],[-106.53829,39.35868],[-106.53751,39.35834],[-106.53702,39.35828],[-106.53593,39.35773],[-106.5355,39.35719],[-106.53513,39.35693],[-106.53549,39.35619],[-106.53552,39.35597],[-106.53496,39.35566],[-106.53449,39.3556]]}},{"type":"Feature","properties":{"name":"NORTH FORK","mtfcc_code":"S1400","main":1},"geometry":{"type":"LineString","coordinates":[[-106.66877,39.34321],[-106.66831,39.34301],[-106.66674,39.34269],[-106.66581,39.34289],[-106.66473,39.34329],[-106.66421,39.34342],[-106.66135,39.34278],[-106.65882,39.34264],[-106.65834,39.3428],[-106.6571,39.34361],[-106.65658,39.34377],[-106.65617,39.3438],[-106.65427,39.34354],[-106.65301,39.34322],[-106.65223,39.34297],[-106.65107,39.3424]]}},{"type":"Feature","properties":{"name":"NORTH FORK","mtfcc_code":"S1400","main":1},"geometry":{"type":"LineString","coordinates":[[-106.65107,39.3424],[-106.64977,39.34214],[-106.64738,39.34148],[-106.647,39.34144],[-106.64512,39.34152],[-106.64439,39.34132],[-106.64347,39.34122],[-106.64104,39.34147],[-106.63804,39.34164],[-106.63766,39.34172],[-106.63604,39.34245],[-106.63558,39.3426],[-106.63181,39.34303],[-106.63088,39.34319],[-106.62914,39.34313],[-106.62814,39.34333],[-106.62687,39.34372]]}},{"type":"Feature","properties":{"name":"BESSIE PARK","mtfcc_code":"S1400"},"geometry":{"type":"LineString","coordinates":[[-106.70383,39.35075],[-106.70254,39.35026],[-106.70058,39.34976],[-106.69998,39.34968]]}},{"type":"Feature","properties":{"name":"BESSIE PARK","mtfcc_code":"S1400"},"geometry":{"type":"LineString","coordinates":[[-106.71685,39.35444],[-106.7164,39.35445],[-106.71586,39.3547],[-106.71556,39.3547],[-106.714,39.3537],[-106.7138,39.3534],[-106.71371,39.3531],[-106.71358,39.35302],[-106.71337,39.35305],[-106.7128,39.35338],[-106.71217,39.35348],[-106.70994,39.35304],[-106.70946,39.35302],[-106.70818,39.35274],[-106.70784,39.35272],[-106.70718,39.35244],[-106.70539,39.35146],[-106.70383,39.35075]]}},{"type":"Feature","properties":{"name":"LOWER RED CANYON","mtfcc_code":"S1400"},"geometry":{"type":"LineString","coordinates":[[-106.87091,39.30651],[-106.87056,39.30662],[-106.86981,39.30662],[-106.86946,39.30651]]}},{"type":"Feature","properties":{"name":"LOWER RED CANYON","mtfcc_code":"S1400"},"geometry":{"type":"LineString","coordinates":[[-106.86946,39.30651],[-106.86886,39.30612],[-106.86858,39.30601],[-106.86799,39.30616],[-106.86643,39.30613],[-106.86597,39.30627],[-106.86507,39.3063],[-106.86451,39.3064],[-106.86322,39.30629],[-106.8627,39.30608],[-106.86216,39.30599],[-106.86157,39.30599],[-106.86127,39.30601],[-106.86082,39.30615],[-106.86031,39.30651]]}},{"type":"Feature","properties":{"name":"BESSIE PARK","mtfcc_code":"S1400"},"geometry":{"type":"LineString","coordinates":[[-106.69683,39.35438],[-106.69717,39.35219]]}},{"type":"Feature","properties":{"name":"EAGLE-THOMASVILLE","mtfcc_code":"S1400","main":1},"geometry":{"type":"LineString","coordinates":[[-106.68405,39.36244],[-106.68473,39.36197],[-106.68551,39.36207],[-106.68566,39.36181],[-106.68592,39.36165]]}},{"type":"Feature","properties":{"name":"EAGLE-THOMASVILLE","mtfcc_code":"S1400","main":1},"geometry":{"type":"LineString","coordinates":[[-106.68592,39.36165],[-106.68639,39.36108],[-106.68686,39.36106],[-106.68707,39.36033],[-106.68816,39.35965],[-106.6887,39.35951],[-106.68893,39.35906],[-106.6897,39.35842],[-106.68983,39.35806]]}},{"type":"Feature","properties":{"name":"EAGLE-THOMASVILLE","mtfcc_code":"S1400","main":1},"geometry":{"type":"LineString","coordinates":[[-106.68983,39.35806],[-106.69,39.35748]]}},{"type":"Feature","properties":{"name":"EAGLE-THOMASVILLE","mtfcc_code":"S1400","main":1},"geometry":{"type":"LineString","coordinates":[[-106.69,39.35748],[-106.69036,39.35686],[-106.69034,39.35671],[-106.69017,39.35667],[-106.69,39.35677],[-106.68983,39.35733]]}},{"type":"Feature","properties":{"name":"EAGLE-THOMASVILLE","mtfcc_code":"S1400","main":1},"geometry":{"type":"LineString","coordinates":[[-106.68983,39.35733],[-106.68943,39.35806]]}},{"type":"Feature","properties":{"name":"EAGLE-THOMASVILLE","mtfcc_code":"S1400","main":1},"geometry":{"type":"LineString","coordinates":[[-106.68943,39.35806],[-106.68923,39.35823],[-106.68872,39.35841],[-106.6882,39.3588],[-106.68805,39.35882],[-106.68756,39.35868],[-106.68664,39.35893],[-106.68639,39.35906],[-106.68587,39.35953],[-106.68556,39.36037],[-106.68532,39.36044],[-106.68499,39.36039],[-106.68478,39.36019],[-106.68474,39.36002],[-106.68481,39.3598],[-106.68535,39.35847],[-106.68552,39.35824],[-106.68584,39.35805]]}},{"type":"Feature","properties":{"name":"EAGLE-THOMASVILLE","mtfcc_code":"S1400","main":1},"geometry":{"type":"LineString","coordinates":[[-106.68584,39.35805],[-106.68654,39.35755],[-106.68776,39.35687],[-106.68794,39.35664],[-106.68823,39.35607],[-106.68945,39.35499],[-106.69031,39.35448],[-106.69059,39.35437],[-106.69123,39.35429],[-106.69134,39.35418],[-106.69132,39.35393],[-106.69088,39.35358],[-106.69054,39.35316],[-106.69023,39.35233],[-106.69011,39.35219],[-106.68992,39.35203],[-106.68919,39.35173],[-106.68894,39.35156],[-106.68889,39.35142],[-106.68904,39.35117]]}},{"type":"Feature","properties":{"name":"MEREDITH","mtfcc_code":"S1400"},"geometry":{"type":"LineString","coordinates":[[-106.73846,39.35797],[-106.73829,39.35773],[-106.73797,39.35752],[-106.73793,39.35743],[-106.73801,39.35676],[-106.73818,39.3563],[-106.73819,39.35585],[-106.73803,39.35514],[-106.73804,39.35488]]}},{"type":"Feature","properties":{"mtfcc_code":"S1400"},"geometry":{"type":"LineString","coordinates":[[-106.70301,39.36073],[-106.70292,39.36085]]}},{"type":"Feature","properties":{"mtfcc_code":"S1400"},"geometry":{"type":"LineString","coordinates":[[-106.70292,39.36085],[-106.70293,39.361],[-106.70328,39.36122],[-106.70329,39.36136],[-106.70293,39.36207],[-106.70285,39.36214],[-106.70266,39.36215]]}},{"type":"Feature","properties":{"name":"THOMASVILLE","mtfcc_code":"S1400"},"geometry":{"type":"LineString","coordinates":[[-106.69456,39.35498],[-106.69465,39.3551],[-106.69466,39.35539],[-106.6949,39.35628],[-106.69527,39.35697],[-106.6961,39.35767],[-106.69743,39.35836]]}},{"type":"Feature","properties":{"name":"THOMASVILLE","mtfcc_code":"S1400"},"geometry":{"type":"LineString","coordinates":[[-106.69743,39.35836],[-106.69754,39.35847]]}},{"type":"Feature","properties":{"name":"THOMASVILLE","mtfcc_code":"S1400"},"geometry":{"type":"LineString","coordinates":[[-106.69754,39.35847],[-106.69768,39.35867],[-106.69768,39.35879],[-106.69682,39.35875]]}},{"type":"Feature","properties":{"name":"NORRIE","mtfcc_code":"S1400"},"geometry":{"type":"LineString","coordinates":[[-106.65076,39.31868],[-106.64973,39.31798]]}},{"type":"Feature","properties":{"name":"NORRIE","mtfcc_code":"S1400"},"geometry":{"type":"LineString","coordinates":[[-106.65661,39.32405],[-106.65653,39.3238],[-106.65509,39.32277],[-106.65424,39.32181],[-106.65397,39.32129],[-106.65329,39.32098],[-106.65305,39.32064],[-106.65245,39.32018],[-106.65191,39.31934],[-106.65076,39.31868]]}},{"type":"Feature","properties":{"name":"FRYING PAN","mtfcc_code":"S1400","main":1},"geometry":{"type":"LineString","coordinates":[[-106.77541,39.36323],[-106.77217,39.36313],[-106.76918,39.36336],[-106.76885,39.36327],[-106.76823,39.3629],[-106.76791,39.36284],[-106.76738,39.36282],[-106.76616,39.36305],[-106.76575,39.36292],[-106.76518,39.36257],[-106.76444,39.36236],[-106.7636,39.36238],[-106.76067,39.36212],[-106.76025,39.36221],[-106.75965,39.3625],[-106.75924,39.36253],[-106.75814,39.36223],[-106.75681,39.36212],[-106.75582,39.36191],[-106.75466,39.36206],[-106.75406,39.36204],[-106.75232,39.36149],[-106.75183,39.36142],[-106.75012,39.36156],[-106.74881,39.36181],[-106.74717,39.36187],[-106.74599,39.36171],[-106.74462,39.36193],[-106.74351,39.36184],[-106.74163,39.36231],[-106.73997,39.3626],[-106.73943,39.36257],[-106.739,39.36242],[-106.73717,39.36139],[-106.73664,39.36123],[-106.73548,39.36127],[-106.73098,39.36188]]}},{"type":"Feature","properties":{"name":"FRYING PAN","mtfcc_code":"S1400","main":1},"geometry":{"type":"LineString","coordinates":[[-106.70201,39.36046],[-106.69872,39.35959],[-106.69772,39.35926],[-106.69668,39.35866],[-106.69467,39.35713],[-106.69439,39.35677],[-106.69429,39.35643],[-106.69456,39.35498],[-106.69452,39.35455],[-106.69424,39.35405],[-106.69379,39.3537]]}},{"type":"Feature","properties":{"name":"FRYING PAN","mtfcc_code":"S1400","main":1},"geometry":{"type":"LineString","coordinates":[[-106.69379,39.3537],[-106.68965,39.35152],[-106.68646,39.3497],[-106.68387,39.34868],[-106.68228,39.34774],[-106.68183,39.34757],[-106.67895,39.347]]}},{"type":"Feature","properties":{"name":"FRYING PAN","mtfcc_code":"S1400","main":1},"geometry":{"type":"LineString","coordinates":[[-106.67895,39.347],[-106.67613,39.34641],[-106.67427,39.34564],[-106.67184,39.3444],[-106.6694,39.34368]]}},{"type":"Feature","properties":{"name":"FRYING PAN","mtfcc_code":"S1400","main":1},"geometry":{"type":"LineString","coordinates":[[-106.6694,39.34368],[-106.66901,39.34346],[-106.66879,39.34323],[-106.66791,39.34197],[-106.66759,39.34133],[-106.66717,39.33979],[-106.66686,39.33939],[-106.66475,39.33765],[-106.66254,39.33692],[-106.66194,39.33651],[-106.66132,39.33587],[-106.66107,39.33509],[-106.66093,39.33485],[-106.65997,39.33417],[-106.65931,39.33356],[-106.65817,39.33179],[-106.65663,39.3302]]}},{"type":"Feature","properties":{"name":"FRYING PAN","mtfcc_code":"S1400","main":1},"geometry":{"type":"LineString","coordinates":[[-106.65663,39.3302],[-106.65404,39.32635],[-106.65315,39.32529],[-106.65285,39.325],[-106.65217,39.32455],[-106.65127,39.32363],[-106.65079,39.32336]]}},{"type":"Feature","properties":{"name":"FRYING PAN","mtfcc_code":"S1400","main":1},"geometry":{"type":"LineString","coordinates":[[-106.65079,39.32336],[-106.64735,39.32159],[-106.64563,39.32107],[-106.64296,39.32],[-106.64076,39.3192],[-106.637,39.31731],[-106.63365,39.3149],[-106.63289,39.31424],[-106.63232,39.31327],[-106.63224,39.31253],[-106.63206,39.31217],[-106.63104,39.31151],[-106.6306,39.31103],[-106.6301,39.31065],[-106.62798,39.3096],[-106.62695,39.30932],[-106.62433,39.30891],[-106.61876,39.3079],[-106.6182,39.30758],[-106.61717,39.30634],[-106.61676,39.30595],[-106.61609,39.30562],[-106.61552,39.30547],[-106.61394,39.30533],[-106.60697,39.30294],[-106.60471,39.30263],[-106.6017,39.3017],[-106.60054,39.30088],[-106.59938,39.30044],[-106.59908,39.30026],[-106.59891,39.30008],[-106.59863,39.29949],[-106.59805,39.2988],[-106.59761,39.29846],[-106.59672,39.29805],[-106.59518,39.29786],[-106.59375,39.29818],[-106.59171,39.29821],[-106.59118,39.29808],[-106.59039,39.29763],[-106.58994,39.29754],[-106.58969,39.29755],[-106.58873,39.29781],[-106.58791,39.29784]]}},{"type":"Feature","properties":{"name":"SELLAR PARK","mtfcc_code":"S1400"},"geometry":{"type":"LineString","coordinates":[[-106.62247,39.31868],[-106.62227,39.31886],[-106.62205,39.31892],[-106.62085,39.31894],[-106.62037,39.31877],[-106.61954,39.31874],[-106.61778,39.31842]]}},{"type":"Feature","properties":{"name":"SELLAR PARK","mtfcc_code":"S1400"},"geometry":{"type":"LineString","coordinates":[[-106.61778,39.31842],[-106.61694,39.31822],[-106.61519,39.31793],[-106.61437,39.31792],[-106.614,39.31812],[-106.61382,39.31813],[-106.61358,39.31805]]}},{"type":"Feature","properties":{"name":"SELLAR PARK","mtfcc_code":"S1400"},"geometry":{"type":"LineString","coordinates":[[-106.61358,39.31805],[-106.6131,39.31784],[-106.6127,39.31753],[-106.61247,39.31749],[-106.61195,39.31755],[-106.61156,39.31749],[-106.61069,39.31702],[-106.60994,39.31675],[-106.60919,39.31606],[-106.60892,39.31591]]}},{"type":"Feature","properties":{"name":"SELLAR PARK","mtfcc_code":"S1400"},"geometry":{"type":"LineString","coordinates":[[-106.59961,39.3082],[-106.59897,39.30771],[-106.59711,39.30739],[-106.59548,39.30683],[-106.59515,39.30679],[-106.59436,39.30649],[-106.59409,39.30647],[-106.59351,39.30612]]}},{"type":"Feature","properties":{"name":"SELLAR PARK","mtfcc_code":"S1400"},"geometry":{"type":"LineString","coordinates":[[-106.60892,39.31591],[-106.60839,39.31564],[-106.60778,39.31548],[-106.6074,39.31552],[-106.60651,39.31528],[-106.6062,39.31529],[-106.6053,39.31485],[-106.60511,39.31468],[-106.60487,39.31431],[-106.60448,39.31398],[-106.60455,39.31359],[-106.60439,39.31306],[-106.60395,39.31272],[-106.60386,39.31245],[-106.60358,39.31225],[-106.60343,39.3118],[-106.60294,39.31149],[-106.60282,39.31102],[-106.60266,39.31079],[-106.6025,39.31033],[-106.60195,39.30985],[-106.60192,39.3096],[-106.60175,39.30933],[-106.60146,39.30905],[-106.60071,39.30861],[-106.59961,39.3082]]}},{"type":"Feature","properties":{"name":"MILLER","mtfcc_code":"S1400"},"geometry":{"type":"LineString","coordinates":[[-106.74636,39.34781],[-106.74636,39.34771]]}},{"type":"Feature","properties":{"name":"MILLER","mtfcc_code":"S1400"},"geometry":{"type":"LineString","coordinates":[[-106.74067,39.35414],[-106.74048,39.35392],[-106.74033,39.35388],[-106.73989,39.35411],[-106.73937,39.35457],[-106.73922,39.35456],[-106.73955,39.35402],[-106.73972,39.35363],[-106.73969,39.35338],[-106.73937,39.353],[-106.73938,39.35289],[-106.74065,39.35248],[-106.74114,39.3521],[-106.74138,39.35179],[-106.74149,39.35135],[-106.74146,39.35101],[-106.74161,39.35081],[-106.74198,39.351],[-106.74238,39.35099],[-106.74394,39.3503],[-106.7444,39.34994],[-106.74487,39.34976],[-106.74504,39.34963],[-106.74622,39.34817],[-106.74636,39.34781]]}},{"type":"Feature","properties":{"name":"DEADMAN","mtfcc_code":"S1400"},"geometry":{"type":"LineString","coordinates":[[-106.71685,39.35444],[-106.71685,39.35443]]}},{"type":"Feature","properties":{"name":"DEADMAN","mtfcc_code":"S1400"},"geometry":{"type":"LineString","coordinates":[[-106.71685,39.35443],[-106.71638,39.35358],[-106.71626,39.35309],[-106.71628,39.35283],[-106.71691,39.35166],[-106.71711,39.35106],[-106.71751,39.35055],[-106.71821,39.35002],[-106.71879,39.34852],[-106.71913,39.34797],[-106.71946,39.34771],[-106.71988,39.34711],[-106.72001,39.34701],[-106.72036,39.34636],[-106.72043,39.34606],[-106.72049,39.34498],[-106.72073,39.34422],[-106.72081,39.34371],[-106.72073,39.3431],[-106.72043,39.34224]]}},{"type":"Feature","properties":{"name":"DEADMAN","mtfcc_code":"S1400"},"geometry":{"type":"LineString","coordinates":[[-106.72043,39.34224],[-106.72043,39.34222]]}},{"type":"Feature","properties":{"name":"DEADMAN","mtfcc_code":"S1400"},"geometry":{"type":"LineString","coordinates":[[-106.72043,39.34222],[-106.72048,39.34206],[-106.72043,39.34194]]}},{"type":"Feature","properties":{"name":"DEADMAN","mtfcc_code":"S1400"},"geometry":{"type":"LineString","coordinates":[[-106.72043,39.34194],[-106.72043,39.34188]]}},{"type":"Feature","properties":{"name":"DEADMAN","mtfcc_code":"S1400"},"geometry":{"type":"LineString","coordinates":[[-106.72043,39.34188],[-106.72043,39.34168]]}},{"type":"Feature","properties":{"name":"DEADMAN","mtfcc_code":"S1400"},"geometry":{"type":"LineString","coordinates":[[-106.72043,39.34168],[-106.72038,39.34157],[-106.72043,39.34137]]}},{"type":"Feature","properties":{"name":"DEADMAN","mtfcc_code":"S1400"},"geometry":{"type":"LineString","coordinates":[[-106.72043,39.34137],[-106.72042,39.34121]]}},{"type":"Feature","properties":{"name":"DEADMAN","mtfcc_code":"S1400"},"geometry":{"type":"LineString","coordinates":[[-106.72042,39.34121],[-106.72032,39.34097],[-106.72031,39.34053]]}},{"type":"Feature","properties":{"mtfcc_code":"S1400"},"geometry":{"type":"LineString","coordinates":[[-106.85489,39.29433],[-106.85487,39.29426],[-106.85516,39.29412],[-106.85528,39.29391],[-106.85567,39.29386],[-106.85607,39.29361],[-106.85628,39.29334],[-106.85769,39.29256]]}},{"type":"Feature","properties":{"mtfcc_code":"S1400"},"geometry":{"type":"LineString","coordinates":[[-106.85769,39.29256],[-106.85782,39.29245]]}},{"type":"Feature","properties":{"mtfcc_code":"S1400"},"geometry":{"type":"LineString","coordinates":[[-106.85782,39.29245],[-106.8584,39.291],[-106.85903,39.29046],[-106.85933,39.29041]]}},{"type":"Feature","properties":{"mtfcc_code":"S1400"},"geometry":{"type":"LineString","coordinates":[[-106.70477,39.3612],[-106.70472,39.36134]]}},{"type":"Feature","properties":{"mtfcc_code":"S1400"},"geometry":{"type":"LineString","coordinates":[[-106.70472,39.36134],[-106.7046,39.36152],[-106.70409,39.36159],[-106.70389,39.36169],[-106.70385,39.36176],[-106.70397,39.3622],[-106.70359,39.36254]]}},{"type":"Feature","properties":{"name":"DIEMER LAKE","mtfcc_code":"S1400"},"geometry":{"type":"LineString","coordinates":[[-106.61476,39.34015],[-106.61476,39.34016]]}},{"type":"Feature","properties":{"name":"DIEMER LAKE","mtfcc_code":"S1400"},"geometry":{"type":"LineString","coordinates":[[-106.60816,39.33545],[-106.60819,39.33564],[-106.60826,39.33569],[-106.60834,39.33627],[-106.60843,39.3365],[-106.60859,39.33669],[-106.6091,39.33701],[-106.6097,39.33715],[-106.61,39.33712],[-106.61078,39.33736],[-106.61283,39.33771],[-106.61458,39.33786],[-106.61479,39.33789],[-106.61487,39.33798],[-106.61432,39.33803],[-106.61384,39.33799],[-106.61139,39.33854],[-106.61093,39.33857],[-106.61068,39.3385],[-106.61021,39.33855],[-106.60958,39.33867],[-106.60941,39.33879],[-106.60944,39.33884],[-106.61074,39.33911],[-106.61107,39.33931],[-106.61125,39.33935],[-106.61197,39.3394],[-106.61229,39.33927],[-106.61262,39.33938],[-106.61407,39.33961],[-106.61464,39.33981],[-106.61477,39.34002],[-106.61476,39.34015]]}},{"type":"Feature","properties":{"name":"IVANHOE LAKE","mtfcc_code":"S1400","main":1},"geometry":{"type":"LineString","coordinates":[[-106.60526,39.32389],[-106.6051,39.32431],[-106.60494,39.32454],[-106.60432,39.32481],[-106.60407,39.32485],[-106.60368,39.32484],[-106.6033,39.32471],[-106.60242,39.3239]]}},{"type":"Feature","properties":{"name":"IVANHOE LAKE","mtfcc_code":"S1400","main":1},"geometry":{"type":"LineString","coordinates":[[-106.60676,39.32208],[-106.60662,39.32216]]}},{"type":"Feature","properties":{"name":"IVANHOE LAKE","mtfcc_code":"S1400","main":1},"geometry":{"type":"LineString","coordinates":[[-106.60662,39.32216],[-106.60608,39.32254],[-106.60545,39.32325],[-106.60526,39.32389]]}},{"type":"Feature","properties":{"name":"IVANHOE LAKE","mtfcc_code":"S1400","main":1},"geometry":{"type":"LineString","coordinates":[[-106.60242,39.3239],[-106.6019,39.32357],[-106.60107,39.32321],[-106.60069,39.3229],[-106.60003,39.32218],[-106.59962,39.32197]]}},{"type":"Feature","properties":{"name":"IVANHOE LAKE","mtfcc_code":"S1400","main":1},"geometry":{"type":"LineString","coordinates":[[-106.59962,39.32197],[-106.59898,39.32181],[-106.59755,39.32178],[-106.59713,39.32169],[-106.59694,39.32161],[-106.59665,39.32136],[-106.59646,39.32099],[-106.59645,39.32073],[-106.59697,39.31883],[-106.59715,39.31861],[-106.59747,39.3184],[-106.5985,39.31787],[-106.59878,39.31757],[-106.59897,39.31721],[-106.59931,39.31528],[-106.59939,39.31503],[-106.59957,39.31476]]}},{"type":"Feature","properties":{"name":"IVANHOE LAKE","mtfcc_code":"S1400","main":1},"geometry":{"type":"LineString","coordinates":[[-106.61096,39.32025],[-106.6098,39.32055],[-106.60894,39.32086]]}},{"type":"Feature","properties":{"name":"IVANHOE LAKE","mtfcc_code":"S1400","main":1},"geometry":{"type":"LineString","coordinates":[[-106.60894,39.32086],[-106.60676,39.32208]]}},{"type":"Feature","properties":{"name":"IVANHOE LAKE","mtfcc_code":"S1400","main":1},"geometry":{"type":"LineString","coordinates":[[-106.61359,39.31951],[-106.61096,39.32025]]}},{"type":"Feature","properties":{"name":"IVANHOE LAKE","mtfcc_code":"S1400","main":1},"geometry":{"type":"LineString","coordinates":[[-106.61824,39.31695],[-106.61868,39.31721],[-106.61937,39.31745],[-106.62181,39.31793],[-106.62236,39.3182],[-106.62247,39.31877],[-106.62256,39.31894],[-106.62242,39.31958],[-106.62212,39.31985],[-106.62074,39.32043],[-106.61942,39.32071],[-106.61884,39.32074],[-106.61826,39.32068],[-106.61733,39.32049],[-106.61473,39.31942],[-106.61427,39.31937],[-106.61359,39.31951]]}},{"type":"Feature","properties":{"name":"IVANHOE LAKE","mtfcc_code":"S1400","main":1},"geometry":{"type":"LineString","coordinates":[[-106.59957,39.31476],[-106.60028,39.31397],[-106.60038,39.31372],[-106.60038,39.31352],[-106.60034,39.31327],[-106.60015,39.31294],[-106.59995,39.31275],[-106.59956,39.31254]]}},{"type":"Feature","properties":{"name":"IVANHOE LAKE","mtfcc_code":"S1400","main":1},"geometry":{"type":"LineString","coordinates":[[-106.59956,39.31254],[-106.59898,39.31248],[-106.59859,39.31257],[-106.59696,39.31344],[-106.59646,39.31383],[-106.59592,39.31452],[-106.59546,39.31495],[-106.59387,39.31594],[-106.59337,39.31606],[-106.59274,39.31607],[-106.59203,39.31579],[-106.5917,39.31549],[-106.59154,39.31526],[-106.5912,39.31393],[-106.59041,39.31252],[-106.58992,39.31124],[-106.58963,39.3101],[-106.58969,39.30826],[-106.58964,39.308],[-106.58946,39.30765],[-106.58923,39.30742],[-106.58854,39.30701],[-106.588,39.30686],[-106.58537,39.30666],[-106.58457,39.30627],[-106.58406,39.30593],[-106.58314,39.30562],[-106.58218,39.30555],[-106.58029,39.30584],[-106.57961,39.30566],[-106.57929,39.30541],[-106.57916,39.30523],[-106.5791,39.30474],[-106.57924,39.30441],[-106.5807,39.30313],[-106.58079,39.30258],[-106.58068,39.30221],[-106.58054,39.30203],[-106.57986,39.30169],[-106.57724,39.30073],[-106.57492,39.30046],[-106.57456,39.30047],[-106.57356,39.30028],[-106.57257,39.2999],[-106.57205,39.29944],[-106.57201,39.29908],[-106.57209,39.2988],[-106.57238,39.29835],[-106.57269,39.29813],[-106.5739,39.2979],[-106.57398,39.29784],[-106.57418,39.29743],[-106.57418,39.29731],[-106.57395,39.29701],[-106.57312,39.29659],[-106.57255,39.29651],[-106.56961,39.29528],[-106.56731,39.29451],[-106.56502,39.29288],[-106.56379,39.29241],[-106.56266,39.29182],[-106.5621,39.29133],[-106.56186,39.29096],[-106.56133,39.29038],[-106.56112,39.29023],[-106.56071,39.29007],[-106.5599,39.28998],[-106.55908,39.29022],[-106.5586,39.29022],[-106.55636,39.28971],[-106.55448,39.28975],[-106.55387,39.28992],[-106.55255,39.29065],[-106.55158,39.29091],[-106.55085,39.29106],[-106.54971,39.29091],[-106.54941,39.29097],[-106.54864,39.29133],[-106.54803,39.29168],[-106.5478,39.29188],[-106.5476,39.29228],[-106.54754,39.29303],[-106.54726,39.29352],[-106.54576,39.29454],[-106.54173,39.29622],[-106.54107,39.29645],[-106.5405,39.29655],[-106.53944,39.29658],[-106.53873,39.29652],[-106.53783,39.29635],[-106.53519,39.29568],[-106.53351,39.29554],[-106.53323,39.29543],[-106.53162,39.29445],[-106.52942,39.29322]]}},{"type":"Feature","properties":{"name":"IVANHOE LAKE","mtfcc_code":"S1400","main":1},"geometry":{"type":"LineString","coordinates":[[-106.60894,39.3088],[-106.61113,39.31067],[-106.6119,39.31118]]}},{"type":"Feature","properties":{"name":"IVANHOE LAKE","mtfcc_code":"S1400","main":1},"geometry":{"type":"LineString","coordinates":[[-106.6119,39.31118],[-106.61319,39.31201],[-106.61665,39.31369],[-106.61697,39.31405],[-106.61713,39.31441],[-106.61719,39.3154],[-106.61735,39.31586],[-106.61783,39.31659],[-106.61824,39.31695]]}},{"type":"Feature","properties":{"name":"IVANHOE LAKE","mtfcc_code":"S1400","main":1},"geometry":{"type":"LineString","coordinates":[[-106.6075,39.30756],[-106.60894,39.3088]]}},{"type":"Feature","properties":{"name":"IVANHOE LAKE","mtfcc_code":"S1400","main":1},"geometry":{"type":"LineString","coordinates":[[-106.58791,39.29784],[-106.58723,39.29782],[-106.5869,39.29789],[-106.58677,39.29807],[-106.58685,39.29844],[-106.58748,39.29886],[-106.58824,39.29911],[-106.58918,39.2993],[-106.59125,39.29944],[-106.59289,39.2994],[-106.59349,39.29955],[-106.59396,39.29992],[-106.59409,39.30035],[-106.59417,39.30093],[-106.59435,39.30123],[-106.59461,39.30145],[-106.59501,39.30162],[-106.59593,39.30176],[-106.59749,39.30167],[-106.59821,39.30172],[-106.59941,39.30257],[-106.59984,39.30272],[-106.60062,39.30284],[-106.60115,39.30309],[-106.60405,39.3046],[-106.60459,39.30506],[-106.60505,39.30563],[-106.6075,39.30756]]}},{"type":"Feature","properties":{"name":"BUSHEE CREEK","mtfcc_code":"S1400"},"geometry":{"type":"LineString","coordinates":[[-106.66693,39.35688],[-106.66731,39.35679],[-106.66784,39.35679],[-106.66876,39.35693],[-106.66892,39.35686],[-106.66994,39.35487],[-106.67098,39.35397],[-106.67345,39.35383],[-106.67508,39.354],[-106.67611,39.35351],[-106.67669,39.35296],[-106.67826,39.35278],[-106.67853,39.35217],[-106.67915,39.35173],[-106.6792,39.35161],[-106.67908,39.35107],[-106.67912,39.34992],[-106.67898,39.34944],[-106.67933,39.34891],[-106.67937,39.34875],[-106.67927,39.34801],[-106.67896,39.34746]]}},{"type":"Feature","properties":{"name":"BUSHEE CREEK","mtfcc_code":"S1400"},"geometry":{"type":"LineString","coordinates":[[-106.67896,39.34717],[-106.67902,39.34701]]}},{"type":"Feature","properties":{"name":"BUSHEE CREEK","mtfcc_code":"S1400"},"geometry":{"type":"LineString","coordinates":[[-106.67896,39.34746],[-106.67891,39.34731],[-106.67896,39.34717]]}},{"type":"Feature","properties":{"mtfcc_code":"S1400"},"geometry":{"type":"LineString","coordinates":[[-106.75201,39.4966],[-106.75351,39.49739],[-106.75367,39.49758]]}},{"type":"Feature","properties":{"mtfcc_code":"S1400"},"geometry":{"type":"LineString","coordinates":[[-106.83393,39.48913],[-106.83357,39.48936]]}},{"type":"Feature","properties":{"mtfcc_code":"S1400"},"geometry":{"type":"LineString","coordinates":[[-106.83357,39.48936],[-106.83265,39.49007],[-106.83196,39.49018],[-106.83179,39.48999],[-106.83185,39.48969],[-106.8318,39.48958],[-106.83154,39.48949],[-106.83101,39.48948],[-106.83066,39.48921],[-106.83036,39.48917],[-106.82965,39.48944],[-106.82904,39.49026],[-106.82847,39.49024],[-106.82808,39.49044],[-106.82762,39.4908],[-106.82731,39.49124],[-106.8269,39.4915],[-106.82557,39.49185],[-106.82533,39.49197],[-106.82508,39.49223],[-106.82503,39.49223],[-106.82498,39.49207],[-106.8248,39.49205],[-106.82472,39.49198],[-106.82467,39.49153],[-106.82438,39.49098],[-106.82424,39.49084],[-106.82398,39.4908],[-106.82221,39.49178],[-106.82164,39.49201],[-106.82146,39.49221],[-106.8212,39.49236],[-106.82082,39.49241],[-106.82013,39.49229],[-106.8195,39.49202],[-106.81928,39.49166],[-106.8192,39.49089],[-106.81904,39.49077],[-106.81705,39.49039],[-106.81672,39.49027],[-106.81394,39.49013],[-106.81363,39.49007],[-106.81357,39.49],[-106.81345,39.48885],[-106.81357,39.48845],[-106.814,39.48795],[-106.81395,39.48783],[-106.81387,39.48781],[-106.81363,39.48785],[-106.8133,39.48801],[-106.81301,39.48826],[-106.81291,39.4886],[-106.81287,39.48937],[-106.81278,39.48979],[-106.81263,39.49009],[-106.81192,39.49039],[-106.81158,39.49044]]}},{"type":"Feature","properties":{"mtfcc_code":"S1400"},"geometry":{"type":"LineString","coordinates":[[-106.87296,39.38343],[-106.87264,39.38354],[-106.87231,39.38396],[-106.87192,39.38396],[-106.87182,39.38409],[-106.87197,39.38432],[-106.87207,39.38463]]}},{"type":"Feature","properties":{"mtfcc_code":"S1400"},"geometry":{"type":"LineString","coordinates":[[-106.87809,39.37809],[-106.87529,39.38198],[-106.87501,39.38272],[-106.87296,39.38343]]}},{"type":"Feature","properties":{"mtfcc_code":"S1400"},"geometry":{"type":"LineString","coordinates":[[-106.83682,39.48978],[-106.83712,39.48992]]}},{"type":"Feature","properties":{"mtfcc_code":"S1400"},"geometry":{"type":"LineString","coordinates":[[-106.83719,39.4856],[-106.83621,39.48596],[-106.83597,39.48622],[-106.83607,39.48672],[-106.83587,39.48882],[-106.8359,39.48915],[-106.83618,39.48949],[-106.83682,39.48978]]}},{"type":"Feature","properties":{"mtfcc_code":"S1400"},"geometry":{"type":"LineString","coordinates":[[-106.82028,39.37942],[-106.82067,39.37981],[-106.82148,39.38164],[-106.82237,39.38291],[-106.82239,39.38342],[-106.82268,39.38386],[-106.82346,39.38477]]}},{"type":"Feature","properties":{"mtfcc_code":"S1400"},"geometry":{"type":"LineString","coordinates":[[-106.82455,39.38602],[-106.82459,39.3862]]}},{"type":"Feature","properties":{"mtfcc_code":"S1400"},"geometry":{"type":"LineString","coordinates":[[-106.82346,39.38477],[-106.82434,39.38561],[-106.82455,39.38602]]}},{"type":"Feature","properties":{"name":"FRYING PAN","mtfcc_code":"S1400","main":1},"geometry":{"type":"LineString","coordinates":[[-106.80445,39.38634],[-106.80393,39.38619],[-106.80374,39.38604],[-106.80358,39.38579],[-106.80357,39.38541],[-106.80367,39.38519],[-106.80412,39.3846],[-106.80419,39.38436],[-106.80418,39.38415],[-106.80393,39.38317],[-106.80371,39.38269],[-106.80342,39.38244],[-106.80301,39.38231],[-106.80259,39.38231],[-106.80173,39.3825],[-106.80065,39.3831],[-106.79986,39.38369],[-106.79888,39.3849],[-106.79866,39.38504],[-106.79833,39.38512],[-106.79787,39.38508],[-106.79753,39.38494],[-106.79606,39.38331],[-106.79554,39.38306],[-106.79407,39.38282],[-106.79218,39.38283],[-106.79096,39.38299],[-106.79004,39.38328]]}},{"type":"Feature","properties":{"name":"FRYING PAN","mtfcc_code":"S1400","main":1},"geometry":{"type":"LineString","coordinates":[[-106.8315,39.36308],[-106.83056,39.36328],[-106.83028,39.36343],[-106.82877,39.36491],[-106.82748,39.36583],[-106.82658,39.36618],[-106.82545,39.36638],[-106.82391,39.36631],[-106.82264,39.36587],[-106.82219,39.36555],[-106.82174,39.36496],[-106.82042,39.36358],[-106.82005,39.36335],[-106.81968,39.36333],[-106.81941,39.36338],[-106.81858,39.36392],[-106.81827,39.36424],[-106.81781,39.36516],[-106.81754,39.3655],[-106.8161,39.36666],[-106.81582,39.36695],[-106.81564,39.3673],[-106.8152,39.36876],[-106.81502,39.36901],[-106.8142,39.36979],[-106.81405,39.36999],[-106.81395,39.37037],[-106.81423,39.37166],[-106.81465,39.37255],[-106.81624,39.37558],[-106.81749,39.37704],[-106.81767,39.37736],[-106.81767,39.3776],[-106.81751,39.37793],[-106.81702,39.37825],[-106.81647,39.37828],[-106.81579,39.37807],[-106.8153,39.37805],[-106.81486,39.37826],[-106.81438,39.37873]]}},{"type":"Feature","properties":{"name":"FRYING PAN","mtfcc_code":"S1400","main":1},"geometry":{"type":"LineString","coordinates":[[-106.81438,39.37873],[-106.81397,39.37893],[-106.81358,39.37896],[-106.81322,39.37888],[-106.81294,39.37872]]}},{"type":"Feature","properties":{"name":"FRYING PAN","mtfcc_code":"S1400","main":1},"geometry":{"type":"LineString","coordinates":[[-106.81294,39.37872],[-106.81277,39.37854],[-106.81253,39.37806],[-106.81194,39.37749],[-106.81151,39.37714],[-106.81101,39.37701],[-106.81058,39.37707],[-106.8102,39.3773],[-106.80928,39.37867]]}},{"type":"Feature","properties":{"name":"FRYING PAN","mtfcc_code":"S1400","main":1},"geometry":{"type":"LineString","coordinates":[[-106.80928,39.37867],[-106.8088,39.37947],[-106.80866,39.37993],[-106.80867,39.38064],[-106.80895,39.3815],[-106.809,39.38206],[-106.80888,39.38275],[-106.80865,39.38328],[-106.80829,39.38382],[-106.80783,39.38432],[-106.80646,39.38492],[-106.80512,39.3862],[-106.80492,39.38629],[-106.80445,39.38634]]}},{"type":"Feature","properties":{"name":"FRYING PAN","mtfcc_code":"S1400","main":1},"geometry":{"type":"LineString","coordinates":[[-106.79004,39.38328],[-106.78925,39.38381],[-106.78906,39.38401],[-106.7887,39.38468],[-106.78835,39.38492],[-106.78797,39.385],[-106.78758,39.38495],[-106.78728,39.38483],[-106.78703,39.38463],[-106.78688,39.38438],[-106.78686,39.38414],[-106.78744,39.38119],[-106.78761,39.37945],[-106.78744,39.37908],[-106.78704,39.37875],[-106.78546,39.37829]]}},{"type":"Feature","properties":{"name":"FRYING PAN","mtfcc_code":"S1400","main":1},"geometry":{"type":"LineString","coordinates":[[-106.78546,39.37829],[-106.78483,39.37805],[-106.78448,39.37767]]}},{"type":"Feature","properties":{"name":"FRYING PAN","mtfcc_code":"S1400","main":1},"geometry":{"type":"LineString","coordinates":[[-106.78448,39.37767],[-106.78277,39.37546],[-106.7826,39.37511],[-106.78222,39.37387],[-106.78222,39.37348],[-106.78261,39.37242],[-106.78283,39.37217],[-106.78415,39.3711],[-106.78533,39.37054],[-106.78559,39.37034],[-106.78579,39.37003],[-106.78597,39.36953],[-106.78595,39.36862]]}},{"type":"Feature","properties":{"name":"FRYING PAN","mtfcc_code":"S1400","main":1},"geometry":{"type":"LineString","coordinates":[[-106.78595,39.36862],[-106.78593,39.3676],[-106.78579,39.36713]]}},{"type":"Feature","properties":{"name":"FRYING PAN","mtfcc_code":"S1400","main":1},"geometry":{"type":"LineString","coordinates":[[-106.78579,39.36713],[-106.78565,39.36696],[-106.78535,39.36679]]}},{"type":"Feature","properties":{"name":"FRYING PAN","mtfcc_code":"S1400","main":1},"geometry":{"type":"LineString","coordinates":[[-106.78535,39.36679],[-106.78454,39.36656],[-106.78392,39.36604]]}},{"type":"Feature","properties":{"name":"FRYING PAN","mtfcc_code":"S1400","main":1},"geometry":{"type":"LineString","coordinates":[[-106.73098,39.36188],[-106.72919,39.3621],[-106.72867,39.36204],[-106.72721,39.3617],[-106.726,39.36173],[-106.72447,39.36156],[-106.7239,39.36159],[-106.72323,39.36175],[-106.72182,39.36244],[-106.71799,39.36356],[-106.71765,39.36361],[-106.71659,39.36346],[-106.71276,39.36231],[-106.71192,39.36228],[-106.71124,39.36242]]}},{"type":"Feature","properties":{"name":"FRYING PAN","mtfcc_code":"S1400","main":1},"geometry":{"type":"LineString","coordinates":[[-106.71124,39.36242],[-106.71121,39.36243]]}},{"type":"Feature","properties":{"name":"FRYING PAN","mtfcc_code":"S1400","main":1},"geometry":{"type":"LineString","coordinates":[[-106.71121,39.36243],[-106.71034,39.36257],[-106.70925,39.36239]]}},{"type":"Feature","properties":{"name":"FRYING PAN","mtfcc_code":"S1400","main":1},"geometry":{"type":"LineString","coordinates":[[-106.70925,39.36239],[-106.70201,39.36046]]}},{"type":"Feature","properties":{"name":"EAGLE-THOMASVILLE","mtfcc_code":"S1400","main":1},"geometry":{"type":"LineString","coordinates":[[-106.68356,39.36329],[-106.68383,39.36315],[-106.68405,39.36244]]}},{"type":"Feature","properties":{"name":"EAGLE-THOMASVILLE","mtfcc_code":"S1400","main":1},"geometry":{"type":"LineString","coordinates":[[-106.67986,39.36794],[-106.67996,39.368],[-106.68006,39.36887],[-106.68029,39.36937],[-106.68093,39.37001],[-106.68112,39.37003],[-106.68119,39.36992],[-106.68114,39.36973],[-106.6808,39.3688],[-106.68091,39.36855],[-106.68094,39.36829],[-106.68141,39.36759],[-106.68135,39.36751],[-106.68105,39.36738],[-106.68097,39.36687],[-106.68106,39.36653],[-106.68134,39.36607],[-106.68123,39.3648],[-106.68166,39.36434],[-106.68192,39.36421],[-106.68224,39.36393],[-106.68297,39.36376],[-106.68356,39.36329]]}},{"type":"Feature","properties":{"name":"RED CREEK","mtfcc_code":"S1400"},"geometry":{"type":"LineString","coordinates":[[-106.83962,39.48983],[-106.84011,39.49012],[-106.84019,39.4902],[-106.84027,39.49056],[-106.84097,39.49115],[-106.84137,39.49114],[-106.84141,39.49124],[-106.84137,39.49166],[-106.84146,39.49181],[-106.84185,39.49196],[-106.84233,39.49228],[-106.84256,39.49223],[-106.84282,39.49174],[-106.8428,39.49162],[-106.84262,39.49141],[-106.84272,39.49094],[-106.84285,39.49073],[-106.84321,39.49046],[-106.84341,39.4902],[-106.84359,39.48967],[-106.84379,39.48941],[-106.84405,39.48948],[-106.84472,39.49039],[-106.84518,39.49048],[-106.84558,39.49024],[-106.84609,39.48948],[-106.84626,39.48941],[-106.84656,39.48945],[-106.84664,39.48937],[-106.84675,39.48909],[-106.84663,39.4888],[-106.84665,39.48852],[-106.84623,39.48825],[-106.84572,39.48812],[-106.8457,39.48799],[-106.84581,39.48758]]}},{"type":"Feature","properties":{"name":"RED CREEK","mtfcc_code":"S1400"},"geometry":{"type":"LineString","coordinates":[[-106.83909,39.48982],[-106.83898,39.48965],[-106.83903,39.48959],[-106.83928,39.48963],[-106.83962,39.48983]]}},{"type":"Feature","properties":{"name":"RED CREEK","mtfcc_code":"S1400"},"geometry":{"type":"LineString","coordinates":[[-106.83734,39.48979],[-106.8377,39.48991],[-106.83827,39.48997],[-106.83896,39.49018],[-106.83932,39.49036],[-106.83961,39.49038],[-106.83954,39.49021],[-106.83909,39.48982]]}},{"type":"Feature","properties":{"name":"RED CREEK","mtfcc_code":"S1400"},"geometry":{"type":"LineString","coordinates":[[-106.83712,39.48992],[-106.83715,39.48979]]}},{"type":"Feature","properties":{"name":"RED CREEK","mtfcc_code":"S1400"},"geometry":{"type":"LineString","coordinates":[[-106.83715,39.48979],[-106.83734,39.48979]]}},{"type":"Feature","properties":{"mtfcc_code":"S1400"},"geometry":{"type":"LineString","coordinates":[[-106.78927,39.37054],[-106.78936,39.37082]]}},{"type":"Feature","properties":{"mtfcc_code":"S1400"},"geometry":{"type":"LineString","coordinates":[[-106.78947,39.36935],[-106.78936,39.36965],[-106.78934,39.37032],[-106.78927,39.37054]]}},{"type":"Feature","properties":{"mtfcc_code":"S1400"},"geometry":{"type":"LineString","coordinates":[[-106.80491,39.39297],[-106.80465,39.39286],[-106.80457,39.39276]]}},{"type":"Feature","properties":{"mtfcc_code":"S1400"},"geometry":{"type":"LineString","coordinates":[[-106.80457,39.39276],[-106.80456,39.39225],[-106.80475,39.39174],[-106.80554,39.39049],[-106.80578,39.39],[-106.80601,39.38927]]}},{"type":"Feature","properties":{"mtfcc_code":"S1400"},"geometry":{"type":"LineString","coordinates":[[-106.70777,39.36201],[-106.7078,39.36216]]}},{"type":"Feature","properties":{"mtfcc_code":"S1400"},"geometry":{"type":"LineString","coordinates":[[-106.7078,39.36216],[-106.70782,39.36222],[-106.70805,39.36235],[-106.7081,39.36252],[-106.70801,39.36262],[-106.70801,39.36302],[-106.70821,39.3631],[-106.70879,39.36308]]}},{"type":"Feature","properties":{"mtfcc_code":"S1400"},"geometry":{"type":"LineString","coordinates":[[-106.81652,39.37829],[-106.81686,39.37871]]}},{"type":"Feature","properties":{"mtfcc_code":"S1400"},"geometry":{"type":"LineString","coordinates":[[-106.81686,39.37871],[-106.81714,39.37879],[-106.81746,39.37871]]}},{"type":"Feature","properties":{"mtfcc_code":"S1400"},"geometry":{"type":"LineString","coordinates":[[-106.81746,39.37871],[-106.8178,39.3786],[-106.81843,39.3787]]}},{"type":"Feature","properties":{"mtfcc_code":"S1400"},"geometry":{"type":"LineString","coordinates":[[-106.81843,39.3787],[-106.81956,39.37905],[-106.82028,39.37942]]}},{"type":"Feature","properties":{"mtfcc_code":"S1400"},"geometry":{"type":"LineString","coordinates":[[-106.73298,39.48222],[-106.73305,39.48189],[-106.73302,39.48162],[-106.73314,39.48131]]}},{"type":"Feature","properties":{"mtfcc_code":"S1400"},"geometry":{"type":"LineString","coordinates":[[-106.72482,39.48557],[-106.72572,39.48509],[-106.72616,39.48497],[-106.72643,39.48469],[-106.72718,39.48463],[-106.72804,39.48416],[-106.72861,39.48412],[-106.72959,39.48364],[-106.73049,39.48346],[-106.73105,39.48315],[-106.73141,39.48316],[-106.7321,39.48293],[-106.73237,39.48276],[-106.73269,39.48238],[-106.73298,39.48222]]}},{"type":"Feature","properties":{"name":"GYPSUM CREEK","mtfcc_code":"S1400","main":1},"geometry":{"type":"LineString","coordinates":[[-106.87874,39.49964],[-106.87829,39.49957],[-106.87782,39.49958],[-106.8775,39.49948],[-106.87656,39.49943],[-106.87555,39.49899],[-106.87518,39.4989],[-106.87454,39.49851]]}},{"type":"Feature","properties":{"name":"GYPSUM CREEK","mtfcc_code":"S1400","main":1},"geometry":{"type":"LineString","coordinates":[[-106.87454,39.49851],[-106.87141,39.49752],[-106.86967,39.49709]]}},{"type":"Feature","properties":{"name":"GYPSUM CREEK","mtfcc_code":"S1400","main":1},"geometry":{"type":"LineString","coordinates":[[-106.86967,39.49709],[-106.86713,39.49645],[-106.86585,39.49654],[-106.86385,39.49653],[-106.86274,39.4963],[-106.8624,39.49611],[-106.86166,39.49594],[-106.86038,39.49536],[-106.85981,39.4952],[-106.85855,39.49501],[-106.85716,39.49492]]}},{"type":"Feature","properties":{"name":"GYPSUM CREEK","mtfcc_code":"S1400","main":1},"geometry":{"type":"LineString","coordinates":[[-106.85716,39.49492],[-106.85533,39.49488],[-106.85447,39.49476],[-106.85282,39.49474],[-106.85102,39.49447],[-106.84943,39.49432],[-106.84819,39.49398],[-106.84692,39.49415],[-106.84544,39.49404],[-106.84433,39.4942],[-106.84333,39.49418],[-106.84252,39.49396],[-106.84165,39.49358],[-106.84078,39.49359],[-106.84062,39.49354],[-106.84023,39.49311],[-106.84017,39.49293],[-106.84024,39.49261],[-106.83985,39.49164]]}},{"type":"Feature","properties":{"name":"WATERBURG CREEK","mtfcc_code":"S1400"},"geometry":{"type":"LineString","coordinates":[[-106.73334,39.36378],[-106.73332,39.36378]]}},{"type":"Feature","properties":{"name":"WATERBURG CREEK","mtfcc_code":"S1400"},"geometry":{"type":"LineString","coordinates":[[-106.73567,39.36303],[-106.73468,39.36308],[-106.73357,39.36372],[-106.73334,39.36378]]}},{"type":"Feature","properties":{"name":"WATERBURG CREEK","mtfcc_code":"S1400"},"geometry":{"type":"LineString","coordinates":[[-106.73808,39.36191],[-106.7371,39.36244],[-106.73567,39.36303]]}},{"type":"Feature","properties":{"mtfcc_code":"S1400"},"geometry":{"type":"LineString","coordinates":[[-106.86122,39.36955],[-106.86088,39.36966]]}},{"type":"Feature","properties":{"mtfcc_code":"S1400"},"geometry":{"type":"LineString","coordinates":[[-106.86088,39.36966],[-106.8599,39.36992],[-106.85917,39.37024],[-106.85827,39.37039],[-106.85805,39.37061],[-106.85795,39.37106]]}},{"type":"Feature","properties":{"name":"GYPSUM CREEK","mtfcc_code":"S1400","main":1},"geometry":{"type":"LineString","coordinates":[[-106.83972,39.49151],[-106.83924,39.4914],[-106.83834,39.49102],[-106.83818,39.49099],[-106.83774,39.49109],[-106.83684,39.49076],[-106.83592,39.49068],[-106.8352,39.4905],[-106.83458,39.49022],[-106.83424,39.48974]]}},{"type":"Feature","properties":{"name":"GYPSUM CREEK","mtfcc_code":"S1400","main":1},"geometry":{"type":"LineString","coordinates":[[-106.83424,39.48974],[-106.83396,39.48916],[-106.83361,39.48891]]}},{"type":"Feature","properties":{"name":"GYPSUM CREEK","mtfcc_code":"S1400","main":1},"geometry":{"type":"LineString","coordinates":[[-106.83361,39.48891],[-106.83292,39.48834],[-106.83251,39.48789]]}},{"type":"Feature","properties":{"name":"GYPSUM CREEK","mtfcc_code":"S1400","main":1},"geometry":{"type":"LineString","coordinates":[[-106.81866,39.48326],[-106.8185,39.48322],[-106.81819,39.48298],[-106.81717,39.48275],[-106.81665,39.48282],[-106.81465,39.48328],[-106.81249,39.48353],[-106.81209,39.48367],[-106.80993,39.4836],[-106.80961,39.48376],[-106.80875,39.48439],[-106.80654,39.48621],[-106.80572,39.4868],[-106.80317,39.48765],[-106.80015,39.48743],[-106.79843,39.48716]]}},{"type":"Feature","properties":{"name":"GYPSUM CREEK","mtfcc_code":"S1400","main":1},"geometry":{"type":"LineString","coordinates":[[-106.83251,39.48789],[-106.83225,39.48759],[-106.83202,39.48743],[-106.83134,39.48748],[-106.83055,39.48717],[-106.82915,39.48684],[-106.82858,39.48685],[-106.82821,39.48698]]}},{"type":"Feature","properties":{"name":"GYPSUM CREEK","mtfcc_code":"S1400","main":1},"geometry":{"type":"LineString","coordinates":[[-106.82821,39.48698],[-106.82798,39.48708],[-106.82728,39.48702],[-106.82596,39.48719],[-106.82477,39.487]]}},{"type":"Feature","properties":{"name":"GYPSUM CREEK","mtfcc_code":"S1400","main":1},"geometry":{"type":"LineString","coordinates":[[-106.82477,39.487],[-106.82316,39.48641],[-106.82174,39.48559],[-106.82099,39.48504]]}},{"type":"Feature","properties":{"name":"GYPSUM CREEK","mtfcc_code":"S1400","main":1},"geometry":{"type":"LineString","coordinates":[[-106.82099,39.48504],[-106.82045,39.48478],[-106.82027,39.48434]]}},{"type":"Feature","properties":{"name":"GYPSUM CREEK","mtfcc_code":"S1400","main":1},"geometry":{"type":"LineString","coordinates":[[-106.82027,39.48434],[-106.82013,39.48399],[-106.81984,39.48368]]}},{"type":"Feature","properties":{"name":"GYPSUM CREEK","mtfcc_code":"S1400","main":1},"geometry":{"type":"LineString","coordinates":[[-106.81984,39.48368],[-106.81963,39.48345]]}},{"type":"Feature","properties":{"name":"GYPSUM CREEK","mtfcc_code":"S1400","main":1},"geometry":{"type":"LineString","coordinates":[[-106.81963,39.48345],[-106.81866,39.48326]]}},{"type":"Feature","properties":{"name":"FRYING PAN","mtfcc_code":"S1400","main":1},"geometry":{"type":"LineString","coordinates":[[-106.89906,39.37747],[-106.89646,39.37845],[-106.89555,39.37873],[-106.89475,39.37889],[-106.89346,39.37891],[-106.88315,39.37776],[-106.8796,39.37646],[-106.87878,39.37606],[-106.87823,39.37571],[-106.87753,39.37515],[-106.87697,39.3749],[-106.8765,39.37489],[-106.87578,39.37502],[-106.87454,39.37548],[-106.87421,39.37548],[-106.8734,39.37518],[-106.87283,39.37506],[-106.87245,39.3751],[-106.87121,39.37548],[-106.87053,39.37548],[-106.87021,39.37541]]}},{"type":"Feature","properties":{"name":"FRYING PAN","mtfcc_code":"S1400","main":1},"geometry":{"type":"LineString","coordinates":[[-106.87021,39.37541],[-106.86993,39.37528],[-106.86959,39.375],[-106.86856,39.37344],[-106.86812,39.3725],[-106.86745,39.36999],[-106.86724,39.3697],[-106.86688,39.36946],[-106.86632,39.36927],[-106.86591,39.36923],[-106.864,39.36961],[-106.86194,39.3695],[-106.86088,39.36961]]}},{"type":"Feature","properties":{"name":"FRYING PAN","mtfcc_code":"S1400","main":1},"geometry":{"type":"LineString","coordinates":[[-106.84921,39.36701],[-106.84824,39.36708],[-106.84768,39.367],[-106.84704,39.36669],[-106.84618,39.36605],[-106.8459,39.36566],[-106.84567,39.36501],[-106.84569,39.36463],[-106.84599,39.36386]]}},{"type":"Feature","properties":{"name":"FRYING PAN","mtfcc_code":"S1400","main":1},"geometry":{"type":"LineString","coordinates":[[-106.86088,39.36961],[-106.85944,39.36994],[-106.85725,39.3702],[-106.85612,39.37027],[-106.85538,39.37021],[-106.85326,39.36939],[-106.85156,39.36901],[-106.85112,39.36865],[-106.85058,39.36755],[-106.85031,39.36725],[-106.84985,39.36703],[-106.84921,39.36701]]}},{"type":"Feature","properties":{"mtfcc_code":"S1400"},"geometry":{"type":"LineString","coordinates":[[-106.86342,39.48972],[-106.86322,39.48987]]}},{"type":"Feature","properties":{"mtfcc_code":"S1400"},"geometry":{"type":"LineString","coordinates":[[-106.86322,39.48987],[-106.86314,39.49],[-106.86293,39.49112],[-106.86316,39.49167],[-106.86318,39.49208],[-106.86312,39.49225],[-106.86272,39.49261]]}},{"type":"Feature","properties":{"mtfcc_code":"S1400"},"geometry":{"type":"LineString","coordinates":[[-106.86272,39.49261],[-106.86251,39.49305],[-106.86244,39.49354],[-106.86235,39.49376],[-106.86189,39.49403],[-106.86169,39.49425],[-106.86157,39.4951],[-106.86117,39.49574]]}},{"type":"Feature","properties":{"mtfcc_code":"S1400"},"geometry":{"type":"LineString","coordinates":[[-106.78544,39.36685],[-106.7858,39.36692]]}},{"type":"Feature","properties":{"mtfcc_code":"S1400"},"geometry":{"type":"LineString","coordinates":[[-106.7858,39.36692],[-106.78649,39.36711],[-106.7866,39.36722],[-106.78649,39.36736],[-106.78585,39.36759]]}},{"type":"Feature","properties":{"name":"FRYINGPAN TUNNEL DITCH","mtfcc_code":"S1400"},"geometry":{"type":"LineString","coordinates":[[-106.53057,39.25023],[-106.53073,39.25083],[-106.53077,39.25143],[-106.53068,39.25181],[-106.53036,39.25221]]}},{"type":"Feature","properties":{"name":"Little Ditch Rd","mtfcc_code":"S1400"},"geometry":{"type":"LineString","coordinates":[[-106.8702,39.27719],[-106.86988,39.27703],[-106.86948,39.27705],[-106.86872,39.27754],[-106.86858,39.27772],[-106.86865,39.27799],[-106.86915,39.27823],[-106.8693,39.27838],[-106.86939,39.27856],[-106.86939,39.279],[-106.86956,39.2792],[-106.86978,39.27932]]}},{"type":"Feature","properties":{"name":"Woody Creek Mesa","mtfcc_code":"S1400"},"geometry":{"type":"LineString","coordinates":[[-106.8702,39.27719],[-106.87002,39.27624]]}},{"type":"Feature","properties":{"name":"Woody Creek Mesa","mtfcc_code":"S1400"},"geometry":{"type":"LineString","coordinates":[[-106.87054,39.27464],[-106.87051,39.27479],[-106.87061,39.27491],[-106.87212,39.27593],[-106.87225,39.27614],[-106.87278,39.27629],[-106.87314,39.27649],[-106.87355,39.27715],[-106.87356,39.27729],[-106.87349,39.2774],[-106.87311,39.27758],[-106.87134,39.27749],[-106.87077,39.27754],[-106.87035,39.27746],[-106.8702,39.27719]]}},{"type":"Feature","properties":{"name":"Paradise Mesa","mtfcc_code":"S1400"},"geometry":{"type":"LineString","coordinates":[[-106.86202,39.26931],[-106.86164,39.26835],[-106.86174,39.26751],[-106.86196,39.26711],[-106.86249,39.26715],[-106.86268,39.2671],[-106.86297,39.26677],[-106.86305,39.26658],[-106.86318,39.2665],[-106.86413,39.2668],[-106.86488,39.26713],[-106.86537,39.26723],[-106.86583,39.26755],[-106.86669,39.26793],[-106.86697,39.26796],[-106.86773,39.26785]]}},{"type":"Feature","properties":{"name":"Meadowlark Ln","mtfcc_code":"S1400"},"geometry":{"type":"LineString","coordinates":[[-106.87143,39.26428],[-106.87128,39.26446],[-106.87127,39.26457],[-106.87149,39.26507],[-106.87152,39.26534],[-106.87171,39.26552],[-106.87171,39.26579],[-106.87159,39.26583],[-106.87125,39.26578],[-106.87022,39.26608],[-106.86943,39.2661],[-106.86895,39.26601],[-106.86883,39.26605],[-106.86869,39.26619],[-106.86869,39.26647],[-106.86852,39.26672],[-106.86858,39.26717],[-106.86847,39.26762],[-106.86773,39.26785]]}},{"type":"Feature","properties":{"name":"IVANHOE LAKE","mtfcc_code":"S1400","main":1},"geometry":{"type":"LineString","coordinates":[[-106.5279,39.29216],[-106.52728,39.29162],[-106.52713,39.29131],[-106.52603,39.29023],[-106.5255,39.2896],[-106.52515,39.28875],[-106.52497,39.28809],[-106.52315,39.28554],[-106.52283,39.28475],[-106.52232,39.2829],[-106.52222,39.28266],[-106.52187,39.28224],[-106.52151,39.28197],[-106.52093,39.28169],[-106.51817,39.2807],[-106.51643,39.27969],[-106.51317,39.27743],[-106.51263,39.27698],[-106.51039,39.27477],[-106.50917,39.27368],[-106.5081,39.27326],[-106.50708,39.27299],[-106.50562,39.27204],[-106.50445,39.27101],[-106.50402,39.2707],[-106.50319,39.27028],[-106.50101,39.26948],[-106.5003,39.26914],[-106.50009,39.26896],[-106.4996,39.26833],[-106.49928,39.26776],[-106.49918,39.26726],[-106.49884,39.26682]]}},{"type":"Feature","properties":{"name":"SUNDELL","mtfcc_code":"S1400","main":1},"geometry":{"type":"LineString","coordinates":[[-106.94672,39.54633],[-106.94654,39.54602],[-106.94542,39.54516],[-106.944,39.54442],[-106.9434,39.54358],[-106.94323,39.54318],[-106.94291,39.54276],[-106.942,39.54176],[-106.94106,39.54022],[-106.94098,39.5398],[-106.94102,39.53937],[-106.9412,39.53882],[-106.94133,39.53783],[-106.94197,39.53728],[-106.94302,39.53618],[-106.9431,39.53597],[-106.94309,39.53573],[-106.94304,39.53552],[-106.94289,39.53536],[-106.94214,39.53487],[-106.94125,39.5339],[-106.94082,39.53323],[-106.94078,39.53308],[-106.94082,39.53263],[-106.9406,39.5313],[-106.94007,39.52916],[-106.93991,39.52904],[-106.93945,39.52912],[-106.93776,39.53006],[-106.93738,39.53019],[-106.93707,39.53018],[-106.93679,39.53008],[-106.93651,39.52989],[-106.93627,39.52954],[-106.93623,39.52901],[-106.93631,39.52798],[-106.93616,39.52776],[-106.93515,39.52726],[-106.9341,39.52649],[-106.93285,39.52581],[-106.9323,39.52539],[-106.93206,39.525],[-106.93196,39.52473],[-106.93194,39.52424],[-106.93202,39.524],[-106.93234,39.52356],[-106.93234,39.52349],[-106.93211,39.5232],[-106.93245,39.52278],[-106.93234,39.52254],[-106.93188,39.52216],[-106.93178,39.52188],[-106.93193,39.52119],[-106.93194,39.52063],[-106.93232,39.52017],[-106.93235,39.51992],[-106.9321,39.51969],[-106.93174,39.51948],[-106.931,39.51921],[-106.93043,39.51911],[-106.92943,39.51912],[-106.9292,39.51895],[-106.92895,39.51844],[-106.92834,39.51752],[-106.92828,39.51714],[-106.92857,39.5166],[-106.9284,39.51592],[-106.92828,39.51575],[-106.92809,39.51567],[-106.92763,39.51584],[-106.92697,39.51583],[-106.92545,39.51555],[-106.92533,39.5154],[-106.92532,39.51507],[-106.92495,39.51453],[-106.92494,39.51422],[-106.92518,39.51341],[-106.92512,39.51329],[-106.9249,39.51322],[-106.92466,39.51323],[-106.92391,39.51352],[-106.9236,39.51351],[-106.92321,39.51333],[-106.92269,39.51283],[-106.92171,39.51165],[-106.92095,39.51058],[-106.92064,39.51037],[-106.92026,39.51029],[-106.91978,39.51037],[-106.9184,39.51114],[-106.9181,39.51123],[-106.9177,39.51116],[-106.91746,39.51104],[-106.91724,39.51082],[-106.91698,39.5104],[-106.91669,39.51037],[-106.9165,39.51045],[-106.916,39.51112],[-106.91559,39.51149],[-106.91526,39.51161],[-106.91488,39.51162],[-106.91415,39.51132],[-106.91395,39.51117],[-106.91376,39.51086],[-106.91357,39.51072],[-106.9132,39.51063],[-106.91265,39.5106],[-106.91228,39.51042],[-106.91219,39.51011],[-106.91233,39.50966],[-106.91225,39.50951],[-106.91214,39.50947],[-106.91127,39.50938],[-106.90999,39.50935],[-106.9098,39.50929],[-106.90909,39.50937],[-106.90742,39.509],[-106.90658,39.50906],[-106.90625,39.50894],[-106.90617,39.50883],[-106.90605,39.50813],[-106.90613,39.50785],[-106.90605,39.50711],[-106.90599,39.50693],[-106.90565,39.50674],[-106.9056,39.5064],[-106.90595,39.50488],[-106.90615,39.50449],[-106.90702,39.5034],[-106.90737,39.50286],[-106.90743,39.50227],[-106.90729,39.50203],[-106.90696,39.50166],[-106.90648,39.50131],[-106.90616,39.50124],[-106.90521,39.50128],[-106.90503,39.50118],[-106.90454,39.50072],[-106.904,39.50002],[-106.90395,39.49929],[-106.90373,39.49873],[-106.90367,39.49807],[-106.90369,39.49774],[-106.90379,39.49752],[-106.90399,39.49724],[-106.90418,39.49682],[-106.9045,39.49652],[-106.90455,39.49635],[-106.90456,39.49611],[-106.90437,39.49581],[-106.90436,39.49568],[-106.90492,39.49477],[-106.90554,39.49327],[-106.90616,39.49263],[-106.90643,39.4916],[-106.90645,39.49132],[-106.90629,39.49102],[-106.90614,39.49097],[-106.90592,39.49102],[-106.90469,39.49143],[-106.90425,39.4914],[-106.90399,39.49129],[-106.90363,39.49103],[-106.9035,39.49084],[-106.90337,39.49043],[-106.9032,39.49033],[-106.9012,39.48967],[-106.90028,39.48945],[-106.89964,39.48952],[-106.89908,39.48969],[-106.89849,39.48964],[-106.89797,39.4894],[-106.89662,39.48831],[-106.89491,39.48758],[-106.89455,39.48761],[-106.89181,39.48848],[-106.89099,39.48803],[-106.89035,39.48784],[-106.88989,39.4878],[-106.88871,39.48799],[-106.88564,39.4877],[-106.88513,39.48758],[-106.88373,39.48684],[-106.88201,39.48674],[-106.88065,39.48641],[-106.88014,39.48623],[-106.87974,39.4859],[-106.87899,39.48572],[-106.87848,39.48544],[-106.8781,39.48536],[-106.87587,39.48536],[-106.87533,39.48552],[-106.87425,39.48567],[-106.87378,39.48604],[-106.87338,39.48616],[-106.87268,39.48581],[-106.87251,39.48566],[-106.87218,39.48518],[-106.87188,39.48458],[-106.87173,39.48436],[-106.87161,39.48433],[-106.86926,39.48555],[-106.86883,39.4857],[-106.86769,39.48586],[-106.86706,39.48588],[-106.86588,39.48564],[-106.86517,39.48531],[-106.86424,39.485],[-106.86397,39.48499],[-106.86378,39.48507],[-106.86321,39.48595],[-106.86293,39.48687],[-106.86268,39.48711],[-106.86255,39.4874],[-106.86252,39.48902],[-106.86227,39.48983],[-106.862,39.49018],[-106.86146,39.49066],[-106.86138,39.49081],[-106.86135,39.49108],[-106.86109,39.49144],[-106.8606,39.49163],[-106.8599,39.49208],[-106.85939,39.49211],[-106.85822,39.49199],[-106.85629,39.4919],[-106.85548,39.49192],[-106.85513,39.49182],[-106.85484,39.49164],[-106.85464,39.49161],[-106.85403,39.49174],[-106.85352,39.49173],[-106.85318,39.49161],[-106.85256,39.49111],[-106.8524,39.49089],[-106.85222,39.49084],[-106.85206,39.49087],[-106.85171,39.49115],[-106.85134,39.49123],[-106.85115,39.49152],[-106.85041,39.49188],[-106.85004,39.4919],[-106.84952,39.49174],[-106.84936,39.49182]]}},{"type":"Feature","properties":{"name":"Wapiti Way","mtfcc_code":"S1400"},"geometry":{"type":"LineString","coordinates":[[-106.81702,39.38202],[-106.81671,39.38213],[-106.81667,39.38232],[-106.8168,39.38287],[-106.81638,39.38344],[-106.81634,39.38391],[-106.81506,39.38346],[-106.81484,39.38351],[-106.81424,39.38388],[-106.81421,39.38405]]}},{"type":"Feature","properties":{"name":"Spinnaker Ln","mtfcc_code":"S1400"},"geometry":{"type":"LineString","coordinates":[[-106.8146,39.38681],[-106.81494,39.38675],[-106.81696,39.38663],[-106.81702,39.38644],[-106.8168,39.38589]]}},{"type":"Feature","properties":{"name":"Silver Spruce Ln","mtfcc_code":"S1400"},"geometry":{"type":"LineString","coordinates":[[-106.81586,39.38546],[-106.81514,39.38441]]}},{"type":"Feature","properties":{"name":"Byers Ct","mtfcc_code":"S1400"},"geometry":{"type":"LineString","coordinates":[[-106.8733,39.2551],[-106.87434,39.25562],[-106.87465,39.25587]]}},{"type":"Feature","properties":{"name":"Bullwinkle Pl","mtfcc_code":"S1400"},"geometry":{"type":"LineString","coordinates":[[-106.87577,39.25527],[-106.87525,39.25522],[-106.87507,39.25507],[-106.87495,39.25483]]}},{"type":"Feature","properties":{"name":"Bullwinkle Cir","mtfcc_code":"S1400"},"geometry":{"type":"LineString","coordinates":[[-106.8733,39.2551],[-106.87412,39.25453],[-106.87435,39.25445],[-106.87471,39.25457],[-106.87495,39.25483]]}},{"type":"Feature","properties":{"name":"White Star Ln","mtfcc_code":"S1400"},"geometry":{"type":"LineString","coordinates":[[-106.87186,39.25289],[-106.87118,39.25329],[-106.87102,39.25356]]}},{"type":"Feature","properties":{"name":"White Star Ln","mtfcc_code":"S1400"},"geometry":{"type":"LineString","coordinates":[[-106.87102,39.25356],[-106.871,39.25376]]}},{"type":"Feature","properties":{"name":"Bullwinkle Pl","mtfcc_code":"S1400"},"geometry":{"type":"LineString","coordinates":[[-106.8733,39.2551],[-106.8731,39.25495],[-106.87192,39.25442],[-106.87131,39.25407],[-106.871,39.25376]]}},{"type":"Feature","properties":{"name":"White Star Ln","mtfcc_code":"S1400"},"geometry":{"type":"LineString","coordinates":[[-106.871,39.25376],[-106.87112,39.2549],[-106.8712,39.25702]]}},{"type":"Feature","properties":{"name":"Circle R Rd","mtfcc_code":"S1400"},"geometry":{"type":"LineString","coordinates":[[-106.84175,39.25468],[-106.84125,39.25462],[-106.84043,39.25463],[-106.84014,39.25444],[-106.8399,39.25411],[-106.83943,39.25382],[-106.83929,39.25383],[-106.83908,39.25403]]}},{"type":"Feature","properties":{"name":"Circle R Rd","mtfcc_code":"S1400"},"geometry":{"type":"LineString","coordinates":[[-106.8431,39.2554],[-106.84253,39.25522],[-106.8422,39.25484],[-106.84175,39.25468]]}},{"type":"Feature","properties":{"mtfcc_code":"S1400"},"geometry":{"type":"LineString","coordinates":[[-106.84261,39.25376],[-106.84214,39.25453],[-106.84199,39.25464],[-106.84175,39.25468]]}},{"type":"Feature","properties":{"name":"Woody Creek Rd","mtfcc_code":"S1400"},"geometry":{"type":"LineString","coordinates":[[-106.87054,39.27464],[-106.87126,39.27514],[-106.87206,39.2755],[-106.87335,39.27592],[-106.87459,39.27614]]}},{"type":"Feature","properties":{"name":"Woody Creek Rd","mtfcc_code":"S1400"},"geometry":{"type":"LineString","coordinates":[[-106.86202,39.26931],[-106.86274,39.2696],[-106.86532,39.27142],[-106.86564,39.27193],[-106.86623,39.27228],[-106.86706,39.27307],[-106.86836,39.27374],[-106.86916,39.27402],[-106.86998,39.27421],[-106.87054,39.27464]]}},{"type":"Feature","properties":{"name":"Woody Creek Rd","mtfcc_code":"S1400"},"geometry":{"type":"LineString","coordinates":[[-106.8431,39.2554],[-106.84616,39.25544],[-106.84806,39.25553],[-106.84827,39.25566],[-106.84847,39.25603],[-106.84944,39.2566],[-106.84968,39.25668],[-106.8505,39.25661],[-106.85086,39.25674],[-106.85103,39.25695],[-106.85119,39.25762],[-106.85169,39.25848],[-106.85175,39.25885],[-106.85191,39.2592],[-106.85225,39.26185],[-106.85258,39.26227],[-106.85285,39.26281],[-106.85349,39.26363],[-106.85524,39.26538],[-106.85601,39.266],[-106.85696,39.2664],[-106.8579,39.26721],[-106.85914,39.26796],[-106.85989,39.26828],[-106.8605,39.26871],[-106.86078,39.26881],[-106.8614,39.26885],[-106.86202,39.26931]]}},{"type":"Feature","properties":{"name":"Woody Creek Rd","mtfcc_code":"S1400"},"geometry":{"type":"LineString","coordinates":[[-106.83908,39.25403],[-106.83954,39.25425],[-106.84044,39.25483],[-106.84123,39.25488],[-106.84172,39.25516],[-106.8425,39.25535],[-106.8431,39.2554]]}},{"type":"Feature","properties":{"name":"Woody Creek Rd","mtfcc_code":"S1400"},"geometry":{"type":"LineString","coordinates":[[-106.83594,39.25326],[-106.83649,39.25344],[-106.83709,39.25354],[-106.83771,39.25376],[-106.83908,39.25403]]}}]}