{"type":"FeatureCollection","features":[{"type":"Feature","properties":{"cls":"high4wd","name":"SPRING CREEK","ml":"2 - HIGH CLEARANCE VEHICLES","surf":"NAT - NATIVE MATERIAL","src":"usfs"},"geometry":{"type":"LineString","coordinates":[[-106.67568,39.38089],[-106.67617,39.38078],[-106.67658,39.38095],[-106.67755,39.38058],[-106.67781,39.38062],[-106.67736,39.38117],[-106.67733,39.38156],[-106.67714,39.38218],[-106.67716,39.38236],[-106.67744,39.38256],[-106.67818,39.38292],[-106.67855,39.38327],[-106.67919,39.38414],[-106.67958,39.38471],[-106.67966,39.38502],[-106.68012,39.38578],[-106.68056,39.3862],[-106.68142,39.38755],[-106.68209,39.3882],[-106.6823,39.38865],[-106.68226,39.38941],[-106.68232,39.38952],[-106.68267,39.38978],[-106.68327,39.39079],[-106.68349,39.39088],[-106.68396,39.39091],[-106.68403,39.39095],[-106.68414,39.39134],[-106.68463,39.39154],[-106.68501,39.39151],[-106.68543,39.39111],[-106.68588,39.3909],[-106.68625,39.39089],[-106.68647,39.39101],[-106.68653,39.39126],[-106.68638,39.392],[-106.68644,39.39238],[-106.68561,39.39407],[-106.68551,39.39448],[-106.68598,39.39612],[-106.68645,39.39707],[-106.68673,39.39722],[-106.68924,39.39707],[-106.68937,39.39695],[-106.68949,39.39656],[-106.68992,39.39651],[-106.69075,39.39615],[-106.69087,39.39606],[-106.69101,39.39555],[-106.69134,39.39531],[-106.69158,39.39523]]}},{"type":"Feature","properties":{"cls":"car","name":"105 SPUR","ml":"3 - SUITABLE FOR PASSENGER CARS","surf":"NAT - NATIVE MATERIAL","src":"usfs"},"geometry":{"type":"LineString","coordinates":[[-106.66842,39.34268],[-106.66854,39.34262],[-106.66877,39.34273],[-106.66906,39.34276],[-106.66941,39.34298],[-106.66949,39.34313],[-106.67006,39.34329],[-106.67033,39.34347],[-106.67095,39.34347],[-106.67145,39.3438]]}},{"type":"Feature","properties":{"cls":"high4wd","name":"NORRIE POWERLINE","ml":"2 - HIGH CLEARANCE VEHICLES","surf":"NAT - NATIVE MATERIAL","src":"usfs"},"geometry":{"type":"LineString","coordinates":[[-106.62452,39.3214],[-106.62396,39.32128],[-106.62346,39.32135],[-106.62262,39.32117],[-106.62241,39.32109],[-106.62202,39.32064],[-106.62066,39.32046]]}},{"type":"Feature","properties":{"cls":"car","name":"LENADO","ml":"3 - SUITABLE FOR PASSENGER CARS","surf":"AGG - CRUSHED AGGREGATE OR GRAVEL","src":"usfs"},"geometry":{"type":"LineString","coordinates":[[-106.76713,39.25603],[-106.76715,39.25637],[-106.76703,39.25714],[-106.76651,39.25823],[-106.76596,39.25902],[-106.76537,39.25956],[-106.76505,39.25966],[-106.76478,39.25963],[-106.76443,39.25971],[-106.76387,39.26005],[-106.7636,39.26025],[-106.76292,39.26095],[-106.76267,39.2613],[-106.76284,39.26242],[-106.76324,39.26306],[-106.76332,39.2633],[-106.76328,39.26351],[-106.76253,39.26543],[-106.76254,39.26615],[-106.76279,39.26743],[-106.76276,39.26771],[-106.76254,39.26834],[-106.76236,39.26842],[-106.76226,39.26833],[-106.76244,39.26763],[-106.76203,39.26677],[-106.76137,39.266],[-106.76106,39.26582],[-106.76091,39.26586],[-106.76086,39.26594],[-106.76071,39.26644],[-106.76041,39.26697],[-106.76038,39.26728],[-106.76051,39.26792],[-106.76022,39.26805]]}},{"type":"Feature","properties":{"cls":"car","name":"EAGLE-THOMASVILLE","ml":"3 - SUITABLE FOR PASSENGER CARS","surf":"AGG - CRUSHED AGGREGATE OR GRAVEL","src":"usfs"},"geometry":{"type":"LineString","coordinates":[[-106.72861,39.47064],[-106.7288,39.47044],[-106.72883,39.47023],[-106.72859,39.46956],[-106.72823,39.46927],[-106.72777,39.46876],[-106.72667,39.46798],[-106.72596,39.46729],[-106.72531,39.46697],[-106.72502,39.46664],[-106.72433,39.46624],[-106.72317,39.46543],[-106.72281,39.46529],[-106.72255,39.46508],[-106.72166,39.4646],[-106.72107,39.46446],[-106.72089,39.46426],[-106.72028,39.46404],[-106.71969,39.46399],[-106.71927,39.46375],[-106.71817,39.46337],[-106.71735,39.46287],[-106.71678,39.4624],[-106.7164,39.46218],[-106.71623,39.46215],[-106.7158,39.46225],[-106.7156,39.46224],[-106.71544,39.46213],[-106.71522,39.46174],[-106.71384,39.46131],[-106.71269,39.46053],[-106.7121,39.46035],[-106.71132,39.45943],[-106.7109,39.45928],[-106.71078,39.45917],[-106.7106,39.45883],[-106.71011,39.45861],[-106.70924,39.45836],[-106.70874,39.45798],[-106.7079,39.45648],[-106.70768,39.45631],[-106.70681,39.45614],[-106.7063,39.45592],[-106.70532,39.45603],[-106.70489,39.45593],[-106.70471,39.45601],[-106.70468,39.45612],[-106.70492,39.45626],[-106.70582,39.4561],[-106.70615,39.4561],[-106.70667,39.45645],[-106.70676,39.45654],[-106.70678,39.45669],[-106.70674,39.45674],[-106.70656,39.45671],[-106.70647,39.45647],[-106.70632,39.45633],[-106.70599,39.45623],[-106.70508,39.45651],[-106.7039,39.45669],[-106.70352,39.4566],[-106.70285,39.45627],[-106.70222,39.45626],[-106.70136,39.45581],[-106.70109,39.45554],[-106.70056,39.45456],[-106.70038,39.45434],[-106.69998,39.45414],[-106.69874,39.45382],[-106.69833,39.45338],[-106.69802,39.45314],[-106.69802,39.45292],[-106.69818,39.45288],[-106.69831,39.45292],[-106.69912,39.45335],[-106.69978,39.45322],[-106.70059,39.45329],[-106.70166,39.45373],[-106.70224,39.45391],[-106.70356,39.45413],[-106.7038,39.45408],[-106.70417,39.45383],[-106.70484,39.45285],[-106.70486,39.45271],[-106.70474,39.45243],[-106.70428,39.45195],[-106.7035,39.45147],[-106.70122,39.45031],[-106.69902,39.44945],[-106.69732,39.44798],[-106.69654,39.44757],[-106.69537,39.44709],[-106.69312,39.44655],[-106.69243,39.44627],[-106.69067,39.44517],[-106.68875,39.44349],[-106.68761,39.44272],[-106.68544,39.44148],[-106.68493,39.4414]]}},{"type":"Feature","properties":{"cls":"car","name":"EAGLE-THOMASVILLE","ml":"3 - SUITABLE FOR PASSENGER CARS","surf":"AGG - CRUSHED AGGREGATE OR GRAVEL","src":"usfs"},"geometry":{"type":"LineString","coordinates":[[-106.73467,39.48152],[-106.73279,39.48126],[-106.73121,39.4807],[-106.73068,39.48032],[-106.73039,39.4802],[-106.72925,39.48025],[-106.72873,39.48014],[-106.72866,39.48006],[-106.7287,39.47894],[-106.72861,39.47872],[-106.72825,39.47845],[-106.72818,39.47831],[-106.72827,39.47819],[-106.72866,39.47803],[-106.72898,39.47747],[-106.72899,39.47674],[-106.72881,39.47617],[-106.72889,39.47581],[-106.7287,39.4752],[-106.72817,39.47485],[-106.72805,39.47471],[-106.72807,39.47446],[-106.72835,39.47381],[-106.72819,39.4726],[-106.72848,39.47143],[-106.7284,39.47086],[-106.72861,39.47064]]}},{"type":"Feature","properties":{"cls":"car","name":"FLYINGPAN RIVER RANCH","ml":"3 - SUITABLE FOR PASSENGER CARS","surf":"AGG - CRUSHED AGGREGATE OR GRAVEL","src":"usfs"},"geometry":{"type":"MultiLineString","coordinates":[[[-106.60393,39.29589],[-106.60344,39.29572],[-106.60341,39.29546],[-106.6033,39.29529],[-106.60316,39.29522],[-106.60324,39.29495],[-106.6031,39.2946],[-106.60315,39.29448],[-106.6031,39.29439],[-106.6031,39.29413],[-106.60332,39.29392],[-106.60336,39.29368],[-106.60353,39.29344],[-106.60301,39.29321],[-106.60264,39.2933],[-106.60229,39.29306],[-106.60214,39.29307],[-106.60202,39.29297],[-106.60174,39.29305],[-106.6011,39.29261],[-106.60117,39.29245],[-106.60151,39.29205],[-106.6013,39.29155],[-106.60137,39.29151],[-106.60154,39.29159],[-106.60168,39.29156],[-106.60165,39.29141],[-106.60112,39.29094],[-106.60101,39.29066],[-106.60075,39.29032],[-106.60059,39.29021],[-106.60054,39.28969],[-106.60029,39.28938],[-106.59951,39.28867],[-106.59916,39.2886],[-106.59888,39.28831],[-106.59884,39.28812]],[[-106.60056,39.2899],[-106.60086,39.28987],[-106.60124,39.29012]]]}},{"type":"Feature","properties":{"cls":"car","name":"HARDSCRABBLE","ml":"3 - SUITABLE FOR PASSENGER CARS","surf":"NAT - NATIVE MATERIAL","src":"usfs"},"geometry":{"type":"LineString","coordinates":[[-106.77521,39.49218],[-106.77561,39.49146],[-106.77568,39.49122],[-106.77596,39.49078],[-106.77621,39.49058],[-106.77682,39.49038],[-106.782,39.48931],[-106.78418,39.48918],[-106.78609,39.48875],[-106.78638,39.48857],[-106.78699,39.48802],[-106.78821,39.48761],[-106.78967,39.48665],[-106.7906,39.48649],[-106.79143,39.48616],[-106.79177,39.48615],[-106.79221,39.48647],[-106.79245,39.48655],[-106.79338,39.48631],[-106.7939,39.4864],[-106.7942,39.4863]]}},{"type":"Feature","properties":{"cls":"high4wd","name":"SELLAR LAKE","ml":"2 - HIGH CLEARANCE VEHICLES","surf":"NAT - NATIVE MATERIAL","src":"usfs"},"geometry":{"type":"LineString","coordinates":[[-106.61132,39.32014],[-106.61129,39.32033],[-106.61076,39.32099],[-106.61026,39.3211],[-106.60959,39.32116],[-106.60906,39.32168],[-106.60899,39.3221],[-106.60902,39.3223],[-106.60941,39.32291],[-106.60944,39.32313],[-106.60919,39.32385],[-106.60892,39.32392],[-106.60742,39.32401],[-106.60729,39.32409],[-106.60714,39.32432],[-106.60695,39.32496],[-106.60668,39.3255],[-106.60616,39.32615],[-106.60542,39.32681],[-106.6048,39.32719],[-106.60464,39.32746],[-106.60368,39.32861],[-106.60171,39.32911],[-106.60019,39.32973],[-106.59944,39.33035],[-106.59903,39.33087],[-106.59848,39.33184],[-106.59825,39.33201],[-106.59807,39.33205],[-106.59691,39.33204],[-106.59656,39.33196],[-106.59636,39.33185],[-106.5962,39.33133],[-106.59595,39.33104],[-106.59599,39.33079],[-106.59593,39.33064],[-106.59527,39.33004],[-106.59534,39.32969],[-106.59529,39.32953],[-106.5941,39.32886],[-106.59328,39.32863],[-106.59292,39.32843],[-106.59244,39.32837],[-106.59147,39.32805],[-106.58947,39.32712],[-106.58917,39.32694],[-106.58837,39.32584],[-106.58718,39.32518],[-106.58646,39.32458]]}},{"type":"Feature","properties":{"cls":"car","name":"CHAPMAN LOOP G","ml":"3 - SUITABLE FOR PASSENGER CARS","surf":"AGG - CRUSHED AGGREGATE OR GRAVEL","src":"usfs"},"geometry":{"type":"LineString","coordinates":[[-106.64218,39.30944],[-106.64135,39.30931],[-106.64109,39.30934],[-106.64079,39.30944],[-106.64061,39.3096],[-106.63984,39.30966],[-106.63966,39.30977],[-106.63965,39.31014],[-106.63975,39.31054],[-106.64029,39.31088],[-106.6408,39.31102],[-106.64097,39.31096],[-106.64098,39.31078],[-106.64047,39.31052],[-106.64035,39.31041],[-106.64029,39.31023],[-106.64061,39.3096]]}},{"type":"Feature","properties":{"cls":"high4wd","name":"BRUSH-GYPSUM","ml":"2 - HIGH CLEARANCE VEHICLES","surf":"NAT - NATIVE MATERIAL","src":"usfs"},"geometry":{"type":"LineString","coordinates":[[-106.72843,39.47111],[-106.72897,39.47074],[-106.72909,39.47054],[-106.72906,39.46979],[-106.72874,39.46919],[-106.72879,39.46904],[-106.72891,39.46894],[-106.72921,39.4689],[-106.73036,39.47022],[-106.73066,39.47068],[-106.73078,39.47118],[-106.73064,39.47161],[-106.73024,39.47218],[-106.73024,39.47245],[-106.73083,39.4729],[-106.73123,39.47329],[-106.73161,39.47341],[-106.7318,39.47337],[-106.73201,39.47305],[-106.73235,39.472],[-106.7331,39.47142],[-106.73337,39.47064],[-106.73378,39.47014],[-106.73411,39.4693],[-106.73417,39.46854],[-106.73452,39.46816],[-106.73469,39.46783],[-106.7349,39.46731],[-106.73505,39.46658],[-106.73562,39.46605],[-106.7361,39.46579],[-106.73653,39.46567],[-106.7368,39.46566],[-106.73688,39.46581],[-106.73682,39.46666],[-106.7364,39.46724],[-106.73649,39.46755],[-106.73673,39.46781],[-106.73721,39.46809],[-106.73745,39.4685],[-106.73824,39.46881],[-106.73847,39.46919],[-106.7386,39.4697],[-106.73873,39.46983],[-106.73972,39.47021],[-106.74047,39.47007],[-106.74109,39.46982],[-106.74173,39.46945],[-106.74237,39.46943],[-106.74264,39.46912],[-106.74266,39.46862],[-106.74273,39.4684],[-106.74307,39.46844],[-106.74318,39.46856],[-106.74318,39.46913],[-106.74307,39.47021],[-106.74335,39.47054],[-106.74382,39.47161],[-106.74437,39.47182],[-106.74463,39.47204],[-106.74463,39.47221],[-106.74425,39.47267],[-106.74423,39.473],[-106.74432,39.47345],[-106.74449,39.47381],[-106.74463,39.47395],[-106.74467,39.47411],[-106.74494,39.47435],[-106.74488,39.47447],[-106.74435,39.47489],[-106.74432,39.47506],[-106.74516,39.47564],[-106.74588,39.47673],[-106.74604,39.47675],[-106.74677,39.47641],[-106.74753,39.47591],[-106.74811,39.47527],[-106.74859,39.4751],[-106.74881,39.47491],[-106.74929,39.47489],[-106.74998,39.47434],[-106.75026,39.47428],[-106.75122,39.47427],[-106.75188,39.47404],[-106.75252,39.47395],[-106.75279,39.47404],[-106.75311,39.4743],[-106.75314,39.47531],[-106.75289,39.47561],[-106.75301,39.47595],[-106.75292,39.47666],[-106.75272,39.47692],[-106.75247,39.47757],[-106.75257,39.47778],[-106.75314,39.47808],[-106.75356,39.47807],[-106.75509,39.47726],[-106.75525,39.47726],[-106.75538,39.47739],[-106.75545,39.47811],[-106.75553,39.47817],[-106.75593,39.47824],[-106.75658,39.47814],[-106.75715,39.47839],[-106.75735,39.47858],[-106.75755,39.47904],[-106.75778,39.47925],[-106.75793,39.47929],[-106.75825,39.47923],[-106.75932,39.47923],[-106.75995,39.47911],[-106.76076,39.47866],[-106.76126,39.47825],[-106.76179,39.47807],[-106.7623,39.4781],[-106.76269,39.47832],[-106.76343,39.47844],[-106.76354,39.47857],[-106.7635,39.47879],[-106.76294,39.47951],[-106.76281,39.47991],[-106.76283,39.48005],[-106.76311,39.48051],[-106.76291,39.48085],[-106.76288,39.48109],[-106.76242,39.48174],[-106.76184,39.48203],[-106.76157,39.48236],[-106.76126,39.4825],[-106.76126,39.48261],[-106.76141,39.48264],[-106.76204,39.48256],[-106.76226,39.4823],[-106.76238,39.48225],[-106.76317,39.48222],[-106.76359,39.4825],[-106.76403,39.48264],[-106.76474,39.48299],[-106.76642,39.48356],[-106.76664,39.48388],[-106.76667,39.48426],[-106.76696,39.48494],[-106.76697,39.48518],[-106.76683,39.48551],[-106.76666,39.48563],[-106.76635,39.48571],[-106.76631,39.48585],[-106.76748,39.48576],[-106.76842,39.48558],[-106.76864,39.48561],[-106.76897,39.4858],[-106.77043,39.48731],[-106.77083,39.48755],[-106.77147,39.48807],[-106.77149,39.48844],[-106.77136,39.48866],[-106.77126,39.48928],[-106.77131,39.49008],[-106.77151,39.4905],[-106.77192,39.49099],[-106.77205,39.49109],[-106.77227,39.4911],[-106.77305,39.49088],[-106.77361,39.4908],[-106.77415,39.49084],[-106.77483,39.49099],[-106.77503,39.49112],[-106.77506,39.49121],[-106.7749,39.49181],[-106.77489,39.49202],[-106.775,39.49215],[-106.77519,39.49221]]}},{"type":"Feature","properties":{"cls":"high4wd","name":"CROOKED CREEK PASS SPUR","ml":"2 - HIGH CLEARANCE VEHICLES","surf":"NAT - NATIVE MATERIAL","src":"usfs"},"geometry":{"type":"LineString","coordinates":[[-106.68524,39.44142],[-106.6848,39.44103],[-106.68433,39.4405],[-106.68418,39.44012],[-106.68417,39.43987],[-106.68392,39.43941],[-106.684,39.43932],[-106.68389,39.43932],[-106.68367,39.43904],[-106.68252,39.43814],[-106.6825,39.43805],[-106.68267,39.438],[-106.68384,39.43839],[-106.68535,39.43911],[-106.68555,39.43912],[-106.68565,39.43902]]}},{"type":"Feature","properties":{"cls":"high4wd","name":"SOUTH FORK FRYINGPAN","ml":"2 - HIGH CLEARANCE VEHICLES","surf":"AGG - CRUSHED AGGREGATE OR GRAVEL","src":"usfs"},"geometry":{"type":"LineString","coordinates":[[-106.65677,39.33034],[-106.65775,39.32981],[-106.65819,39.3297],[-106.6587,39.32967],[-106.65886,39.32974],[-106.65905,39.3301],[-106.65921,39.33022],[-106.65992,39.33041],[-106.66013,39.33041],[-106.66025,39.33026],[-106.66007,39.32983],[-106.66018,39.3297],[-106.66031,39.32968]]}},{"type":"Feature","properties":{"cls":"car","name":"HARDSCRABBLE","ml":"3 - SUITABLE FOR PASSENGER CARS","surf":"NAT - NATIVE MATERIAL","src":"usfs"},"geometry":{"type":"LineString","coordinates":[[-106.82039,39.56628],[-106.82059,39.56607],[-106.82066,39.56589],[-106.82056,39.56554],[-106.82009,39.56509],[-106.82009,39.56494],[-106.82028,39.56478],[-106.82136,39.56467],[-106.82183,39.56486],[-106.82269,39.56458],[-106.82332,39.5646],[-106.82346,39.56448],[-106.82341,39.5643],[-106.82326,39.5642],[-106.82301,39.56418],[-106.82228,39.56437],[-106.82205,39.56434],[-106.82149,39.56376],[-106.82129,39.5637],[-106.82088,39.56378],[-106.82061,39.56376],[-106.81952,39.56312],[-106.81871,39.56317],[-106.81845,39.56298],[-106.81838,39.56276],[-106.81857,39.56252],[-106.8191,39.56225],[-106.81949,39.56182],[-106.81986,39.56092],[-106.81983,39.56054],[-106.8196,39.56006],[-106.81964,39.55992],[-106.81984,39.55984],[-106.82005,39.55992],[-106.8207,39.56042],[-106.82074,39.5606],[-106.82068,39.56129],[-106.82096,39.56153],[-106.82157,39.56179],[-106.82259,39.56205],[-106.82301,39.56205],[-106.8232,39.56197],[-106.82329,39.56175],[-106.82317,39.56105],[-106.8232,39.56078],[-106.82329,39.56062],[-106.82396,39.55989],[-106.82406,39.55968],[-106.82381,39.55855],[-106.82341,39.55824],[-106.82264,39.55788],[-106.82252,39.5577],[-106.82249,39.55724],[-106.82262,39.55629],[-106.82269,39.55618],[-106.82291,39.55615],[-106.82303,39.55621],[-106.82309,39.55639],[-106.82301,39.55665],[-106.82306,39.55679],[-106.82339,39.55698],[-106.8241,39.55685],[-106.8254,39.55643],[-106.82591,39.55635],[-106.82626,39.55641],[-106.82653,39.55666],[-106.82667,39.55725],[-106.82686,39.55762],[-106.82711,39.55781],[-106.82742,39.55793],[-106.8276,39.55794],[-106.82785,39.55785],[-106.82817,39.55751],[-106.82873,39.55715],[-106.82937,39.55689],[-106.8298,39.55684],[-106.82994,39.55687],[-106.83005,39.557],[-106.82991,39.55743],[-106.82997,39.55765],[-106.83041,39.55794],[-106.83179,39.55816],[-106.83353,39.55833],[-106.8338,39.5583],[-106.83505,39.5579],[-106.83595,39.55735],[-106.83704,39.55711],[-106.83726,39.55697],[-106.83722,39.55684],[-106.83685,39.55667],[-106.83495,39.55635],[-106.83389,39.55593],[-106.83321,39.55553],[-106.83265,39.55493],[-106.83221,39.55461],[-106.83113,39.5542],[-106.82885,39.55304],[-106.82803,39.55255],[-106.82753,39.55234],[-106.82748,39.55228],[-106.82751,39.55222],[-106.82768,39.55218],[-106.82874,39.55261],[-106.83093,39.55316],[-106.83181,39.55331],[-106.83486,39.55356],[-106.83724,39.55342],[-106.83804,39.5533],[-106.83959,39.55279],[-106.84008,39.55286],[-106.84032,39.55283],[-106.84035,39.55271],[-106.84032,39.55263],[-106.84012,39.55256],[-106.83893,39.55252],[-106.83799,39.55262],[-106.83738,39.55255],[-106.83609,39.55215],[-106.83423,39.55173],[-106.83276,39.55129],[-106.83248,39.55109],[-106.83261,39.55097],[-106.83273,39.55097],[-106.83348,39.55118],[-106.83515,39.55123],[-106.83717,39.55108],[-106.83792,39.5509],[-106.83939,39.55015],[-106.83991,39.55002],[-106.84071,39.55003],[-106.84156,39.5504],[-106.84198,39.55045],[-106.84253,39.55064],[-106.84275,39.5506],[-106.84283,39.55053],[-106.84272,39.55036],[-106.84194,39.5501],[-106.84148,39.54983],[-106.84105,39.54949],[-106.8405,39.54928],[-106.83913,39.5493],[-106.83835,39.54952],[-106.8374,39.5496],[-106.83646,39.5493],[-106.83529,39.54908],[-106.83508,39.54896],[-106.835,39.54879],[-106.83515,39.5486],[-106.83537,39.54853],[-106.83642,39.54862],[-106.83715,39.54846],[-106.83967,39.54699],[-106.83988,39.54683],[-106.83996,39.54663],[-106.83973,39.54635],[-106.83934,39.54606],[-106.83918,39.54582],[-106.83934,39.54515],[-106.83943,39.54503],[-106.8397,39.54483],[-106.84019,39.54464],[-106.8406,39.54438],[-106.84183,39.54402],[-106.84244,39.54355],[-106.84263,39.54327],[-106.84253,39.54298],[-106.84192,39.54216],[-106.84167,39.5417],[-106.84168,39.54151],[-106.84217,39.541],[-106.84276,39.54075],[-106.84309,39.54036],[-106.84305,39.54004],[-106.8427,39.53947],[-106.84274,39.53926],[-106.8429,39.53901],[-106.84348,39.53866],[-106.84355,39.5383],[-106.84292,39.5376],[-106.84285,39.53736],[-106.84288,39.53694],[-106.84271,39.53676],[-106.84197,39.53638],[-106.84159,39.53636],[-106.84047,39.53653],[-106.83987,39.53643],[-106.83945,39.53612],[-106.83863,39.53469],[-106.83873,39.53436],[-106.83954,39.53268],[-106.84077,39.53206],[-106.84119,39.53166],[-106.84116,39.53132],[-106.84084,39.53067],[-106.84042,39.5302],[-106.84014,39.52957],[-106.83915,39.52857],[-106.83853,39.52777],[-106.83825,39.52765],[-106.8372,39.52749],[-106.83531,39.52672],[-106.83493,39.526],[-106.83456,39.5245],[-106.83411,39.52361],[-106.83387,39.52318],[-106.83323,39.52264],[-106.83264,39.52185],[-106.83235,39.52171],[-106.83161,39.5217],[-106.83069,39.52187],[-106.82994,39.52177],[-106.82911,39.52113],[-106.82811,39.5207],[-106.82734,39.52015],[-106.82711,39.52006],[-106.82526,39.51979],[-106.82423,39.51938],[-106.82319,39.5183],[-106.82274,39.51761],[-106.82259,39.5175],[-106.82226,39.51738],[-106.82132,39.51722],[-106.82106,39.51713],[-106.82075,39.51692],[-106.82053,39.51664],[-106.82031,39.51592],[-106.81991,39.51541],[-106.81947,39.51457],[-106.81932,39.51439],[-106.81872,39.51423],[-106.8185,39.51426],[-106.81792,39.51451],[-106.81735,39.51459],[-106.81641,39.51434],[-106.81591,39.51441],[-106.81526,39.51431],[-106.81403,39.51387],[-106.81318,39.51379],[-106.81291,39.51392],[-106.81287,39.51404],[-106.81294,39.51475],[-106.81286,39.51499],[-106.81263,39.51523],[-106.81187,39.51559],[-106.81056,39.51581],[-106.81029,39.51595],[-106.81,39.51626],[-106.80984,39.51635],[-106.8094,39.51641],[-106.80921,39.51636],[-106.80886,39.51606],[-106.80814,39.51566],[-106.80739,39.5157],[-106.80708,39.51557],[-106.80697,39.51528],[-106.80712,39.51423],[-106.8069,39.51306],[-106.80688,39.5126],[-106.80645,39.51114],[-106.80643,39.51092],[-106.80646,39.50827],[-106.80662,39.50758],[-106.80689,39.50716],[-106.80686,39.50685],[-106.80651,39.50665],[-106.80587,39.50661],[-106.80478,39.50689],[-106.80389,39.50697],[-106.80235,39.5076],[-106.80076,39.5078],[-106.80032,39.50791],[-106.80004,39.50806],[-106.79945,39.50857],[-106.79913,39.509],[-106.799,39.50907],[-106.79885,39.50903],[-106.79825,39.50846],[-106.79804,39.50795],[-106.79802,39.50757],[-106.79779,39.5067],[-106.7971,39.50514],[-106.79709,39.50491],[-106.79735,39.50461],[-106.79743,39.50439],[-106.7971,39.50323],[-106.79688,39.50292],[-106.79598,39.50213],[-106.79564,39.5019],[-106.79429,39.50138],[-106.79413,39.5012],[-106.79405,39.50099],[-106.79368,39.49789],[-106.79325,39.49713],[-106.79305,39.49693],[-106.79094,39.49637],[-106.79003,39.4962],[-106.78898,39.49582],[-106.78807,39.49587],[-106.78575,39.49551],[-106.78547,39.49536],[-106.78449,39.49456],[-106.78414,39.49444],[-106.78336,39.49431],[-106.78096,39.493],[-106.78055,39.49285],[-106.77866,39.49258],[-106.77724,39.49252],[-106.77668,39.49256],[-106.77601,39.49275],[-106.77524,39.49319],[-106.77475,39.49357],[-106.77452,39.49355],[-106.77446,39.49334],[-106.77521,39.49218]]}},{"type":"Feature","properties":{"cls":"high4wd","name":"MIDDLE CUNNINGHAM","ml":"2 - HIGH CLEARANCE VEHICLES","surf":"NAT - NATIVE MATERIAL","src":"usfs"},"geometry":{"type":"LineString","coordinates":[[-106.54952,39.33403],[-106.54998,39.33292],[-106.55012,39.33279],[-106.55137,39.33221],[-106.5528,39.33052],[-106.55285,39.33018],[-106.55275,39.32988],[-106.55277,39.32964],[-106.55293,39.32954],[-106.55329,39.3295],[-106.55337,39.32942],[-106.55326,39.32928],[-106.55265,39.32915],[-106.55237,39.32892],[-106.55217,39.32854],[-106.55139,39.32778],[-106.55124,39.32738],[-106.55115,39.32727],[-106.55009,39.3264],[-106.54862,39.32428],[-106.54844,39.32376],[-106.54808,39.32358],[-106.54782,39.32331],[-106.54742,39.32308],[-106.54728,39.32292],[-106.54734,39.32274],[-106.54757,39.32262],[-106.54843,39.3227]]}},{"type":"Feature","properties":{"cls":"high4wd","name":"LITTLE WOODY","ml":"2 - HIGH CLEARANCE VEHICLES","surf":"NAT - NATIVE MATERIAL","src":"usfs"},"geometry":{"type":"LineString","coordinates":[[-106.79357,39.3013],[-106.79409,39.30065],[-106.79427,39.30028],[-106.79469,39.29983],[-106.79471,39.29919],[-106.79479,39.2988],[-106.79494,39.29862],[-106.7957,39.29814],[-106.79576,39.29799],[-106.79556,39.29774],[-106.79486,39.29759],[-106.79439,39.29713],[-106.79401,39.29685],[-106.79403,39.29674],[-106.79424,39.29671],[-106.79497,39.29694],[-106.79556,39.29681],[-106.79638,39.29652],[-106.79684,39.29648],[-106.79706,39.29639],[-106.79776,39.2957],[-106.79776,39.295],[-106.79809,39.29446],[-106.7982,39.29417],[-106.79838,39.29394],[-106.79841,39.29373],[-106.79786,39.2926],[-106.79763,39.29233],[-106.7963,39.29182],[-106.79567,39.29126],[-106.79415,39.29055],[-106.794,39.29042],[-106.79387,39.29019],[-106.7939,39.29001],[-106.79438,39.28938],[-106.79502,39.28888],[-106.79592,39.28848],[-106.79662,39.2883],[-106.79721,39.28836],[-106.79838,39.28907],[-106.79979,39.28921],[-106.80017,39.28905],[-106.80116,39.28843],[-106.80208,39.28798],[-106.80228,39.2881],[-106.80253,39.28877],[-106.80305,39.28915],[-106.80372,39.29005],[-106.80401,39.29013],[-106.80495,39.29022],[-106.80577,39.29062],[-106.80585,39.29098],[-106.80577,39.29129],[-106.80489,39.29212],[-106.80455,39.29269],[-106.80432,39.29326],[-106.80419,39.29339],[-106.8037,39.29317],[-106.80332,39.29313],[-106.80184,39.29315],[-106.80093,39.29327],[-106.79992,39.29312],[-106.79893,39.29331],[-106.79841,39.29373]]}},{"type":"Feature","properties":{"cls":"high4wd","name":"CABIN CREEK","ml":"2 - HIGH CLEARANCE VEHICLES","surf":"NAT - NATIVE MATERIAL","src":"usfs"},"geometry":{"type":"LineString","coordinates":[[-106.73829,39.46322],[-106.7387,39.46315],[-106.7396,39.46318],[-106.73974,39.4632],[-106.73996,39.46336],[-106.74036,39.46374],[-106.74032,39.46392],[-106.73995,39.46422],[-106.74003,39.46461],[-106.74014,39.46475],[-106.7405,39.46484],[-106.74069,39.4652],[-106.74086,39.46524],[-106.74249,39.46498],[-106.74265,39.46522]]}},{"type":"Feature","properties":{"cls":"car","name":"FREEMAN DAY USE AREA","ml":"3 - SUITABLE FOR PASSENGER CARS","surf":"AGG - CRUSHED AGGREGATE OR GRAVEL","src":"usfs"},"geometry":{"type":"LineString","coordinates":[[-106.77604,39.36343],[-106.77608,39.36337],[-106.77597,39.36325],[-106.77514,39.36301],[-106.77448,39.36273],[-106.77388,39.36261],[-106.77378,39.36253],[-106.77377,39.36243],[-106.77396,39.3623],[-106.7746,39.3622],[-106.775,39.36221],[-106.77578,39.36255],[-106.77758,39.363],[-106.7777,39.36293],[-106.77772,39.36279],[-106.77814,39.36237],[-106.7782,39.36219],[-106.77811,39.36202],[-106.77776,39.36199],[-106.77744,39.36211],[-106.77705,39.36215],[-106.77686,39.36225],[-106.77684,39.36246],[-106.77699,39.36259],[-106.77756,39.36268],[-106.77772,39.36279]]}},{"type":"Feature","properties":{"cls":"high4wd","name":"FREEMAN POWERLINE","ml":"2 - HIGH CLEARANCE VEHICLES","surf":"NAT - NATIVE MATERIAL","src":"usfs"},"geometry":{"type":"LineString","coordinates":[[-106.77528,39.36349],[-106.77489,39.3636],[-106.7744,39.36361],[-106.77374,39.36395],[-106.77339,39.36443],[-106.77345,39.36473],[-106.77334,39.36514],[-106.77335,39.36565],[-106.77316,39.36619],[-106.77303,39.36633],[-106.77202,39.36694],[-106.77176,39.36703],[-106.77095,39.36701],[-106.77038,39.36674],[-106.77014,39.36652],[-106.76983,39.36647],[-106.76871,39.36676],[-106.76815,39.36735],[-106.76786,39.36748],[-106.76727,39.36759],[-106.76703,39.36754],[-106.76645,39.36718],[-106.76629,39.36701],[-106.76622,39.36671],[-106.76614,39.36663],[-106.76559,39.36675],[-106.76509,39.36668],[-106.76487,39.3669],[-106.76458,39.36708],[-106.76442,39.36731],[-106.76399,39.36747],[-106.76384,39.36764],[-106.76386,39.36782],[-106.76423,39.36827],[-106.76436,39.36886],[-106.76414,39.36911],[-106.76408,39.36944],[-106.76389,39.36975],[-106.76409,39.37001],[-106.76408,39.3701],[-106.76187,39.37007],[-106.76121,39.37041],[-106.76074,39.3709],[-106.76067,39.3709],[-106.76005,39.37066],[-106.75947,39.37057],[-106.7591,39.37043],[-106.75893,39.37045],[-106.75872,39.37066],[-106.75868,39.37083],[-106.75852,39.37091],[-106.75845,39.37115],[-106.7585,39.37124],[-106.75845,39.3715],[-106.75855,39.37243],[-106.75868,39.37259],[-106.75882,39.37311],[-106.75876,39.37353],[-106.75844,39.37396],[-106.75843,39.3741]]}},{"type":"Feature","properties":{"cls":"high4wd","name":"NORRIE POWERLINE","ml":"2 - HIGH CLEARANCE VEHICLES","surf":"NAT - NATIVE MATERIAL","src":"usfs"},"geometry":{"type":"LineString","coordinates":[[-106.66737,39.34043],[-106.66714,39.34054],[-106.66727,39.34097],[-106.66725,39.34105],[-106.667,39.34123],[-106.66691,39.34146],[-106.66642,39.34183],[-106.66591,39.34191]]}},{"type":"Feature","properties":{"cls":"high4wd","name":"FRYINGPAN","ml":"2 - HIGH CLEARANCE VEHICLES","surf":"NAT - NATIVE MATERIAL","src":"usfs"},"geometry":{"type":"LineString","coordinates":[[-106.5278,39.29218],[-106.52733,39.29194],[-106.5268,39.29191],[-106.52664,39.29151],[-106.52649,39.29134],[-106.5257,39.29073],[-106.52512,39.2904],[-106.52486,39.29009],[-106.52397,39.28929],[-106.52335,39.28855],[-106.52243,39.28783],[-106.52205,39.2872],[-106.52062,39.28568],[-106.51983,39.28509],[-106.51903,39.2847],[-106.51877,39.28447],[-106.51864,39.28445],[-106.51861,39.28453],[-106.51895,39.28501],[-106.51921,39.28553],[-106.51927,39.28571],[-106.51922,39.28574],[-106.51815,39.28537],[-106.51652,39.28499],[-106.51609,39.2848],[-106.51537,39.28427],[-106.51433,39.28366],[-106.51364,39.28308],[-106.51329,39.28287],[-106.51224,39.28197],[-106.51009,39.28053],[-106.50857,39.2794],[-106.50686,39.27836],[-106.50486,39.27666],[-106.50342,39.27574],[-106.50172,39.27448],[-106.50083,39.27395],[-106.50021,39.27345],[-106.4991,39.27284],[-106.49802,39.27196],[-106.49625,39.27065],[-106.49497,39.26984],[-106.49333,39.2692],[-106.49206,39.26834],[-106.49184,39.26816],[-106.49081,39.26686],[-106.49028,39.26648],[-106.4901,39.26619],[-106.48968,39.26586],[-106.48975,39.26537],[-106.4897,39.26474],[-106.4898,39.26402],[-106.48972,39.26362],[-106.48937,39.26282],[-106.48872,39.26213],[-106.48866,39.26196],[-106.48761,39.26135],[-106.48739,39.26136],[-106.48737,39.26159],[-106.4876,39.26209],[-106.48759,39.26264],[-106.4875,39.26293],[-106.48717,39.26319],[-106.4868,39.26371],[-106.48622,39.26414],[-106.48598,39.26441],[-106.48518,39.26496],[-106.48498,39.26495],[-106.48477,39.26484],[-106.4838,39.26385],[-106.48316,39.26341]]}},{"type":"Feature","properties":{"cls":"car","name":"LITTLE MAUD CG","ml":"5 - HIGH DEGREE OF USER COMFORT","surf":"AC - ASPHALT","src":"usfs"},"geometry":{"type":"LineString","coordinates":[[-106.81596,39.37773],[-106.81598,39.37756],[-106.81524,39.37701],[-106.81482,39.3771],[-106.81424,39.37736],[-106.81397,39.37737],[-106.81366,39.3771],[-106.81356,39.37674],[-106.81365,39.37655],[-106.81378,39.37646],[-106.81421,39.37637],[-106.81451,39.3765],[-106.81524,39.37701]]}},{"type":"Feature","properties":{"cls":"car","name":"CHAPMAN LOOP F","ml":"3 - SUITABLE FOR PASSENGER CARS","surf":"AGG - CRUSHED AGGREGATE OR GRAVEL","src":"usfs"},"geometry":{"type":"LineString","coordinates":[[-106.64354,39.31134],[-106.64302,39.31114],[-106.6426,39.31073],[-106.64222,39.31071],[-106.64204,39.31082],[-106.64198,39.31103],[-106.642,39.31182],[-106.6422,39.31201],[-106.6426,39.312],[-106.64267,39.31192],[-106.64281,39.31138],[-106.64315,39.31119]]}},{"type":"Feature","properties":{"cls":"car","name":"RED CANYON","ml":"3 - SUITABLE FOR PASSENGER CARS","surf":"NAT - NATIVE MATERIAL","src":"usfs"},"geometry":{"type":"LineString","coordinates":[[-106.78265,39.30292],[-106.78493,39.30328],[-106.78549,39.30347],[-106.78623,39.30355],[-106.7867,39.30368],[-106.78787,39.30363],[-106.78873,39.30368],[-106.78895,39.30397],[-106.78932,39.30492],[-106.78967,39.30544],[-106.79062,39.30573],[-106.79154,39.30569],[-106.79296,39.30672],[-106.79418,39.30648],[-106.79593,39.30652],[-106.79758,39.30602],[-106.7981,39.30577],[-106.79826,39.30578],[-106.79826,39.30588],[-106.79762,39.30649],[-106.79664,39.30782],[-106.79589,39.30978],[-106.79575,39.31008],[-106.79544,39.31043],[-106.79445,39.31108],[-106.793,39.31158],[-106.79231,39.3117],[-106.79156,39.3116],[-106.79143,39.31164],[-106.79091,39.31201],[-106.79037,39.31258],[-106.79052,39.31387],[-106.79034,39.31437],[-106.79048,39.31483],[-106.79,39.31535],[-106.78994,39.3157],[-106.79004,39.31586],[-106.79111,39.31683],[-106.79168,39.31712],[-106.79221,39.31724],[-106.79245,39.3174],[-106.79223,39.31787],[-106.7923,39.3183],[-106.79186,39.31886],[-106.79154,39.31945],[-106.79144,39.31989],[-106.79146,39.32006],[-106.79179,39.32045],[-106.79199,39.32093],[-106.79205,39.32132],[-106.79219,39.3215],[-106.79246,39.32161],[-106.79478,39.3217],[-106.79693,39.32234],[-106.80122,39.3229],[-106.80275,39.32287],[-106.80356,39.32248],[-106.80446,39.3222]]}},{"type":"Feature","properties":{"cls":"high4wd","name":"NAST E LAKE","ml":"2 - HIGH CLEARANCE VEHICLES","surf":"NAT - NATIVE MATERIAL","src":"usfs"},"geometry":{"type":"LineString","coordinates":[[-106.6058,39.29798],[-106.6064,39.29791],[-106.60686,39.29772],[-106.60689,39.29766],[-106.60671,39.29748],[-106.60665,39.29697],[-106.60707,39.29602]]}},{"type":"Feature","properties":{"cls":"high4wd","ml":"2 - HIGH CLEARANCE VEHICLES","surf":"NAT - NATIVE MATERIAL","src":"usfs"},"geometry":{"type":"LineString","coordinates":[[-106.65175,39.40255],[-106.65138,39.40252],[-106.65089,39.40283],[-106.65036,39.40304],[-106.65005,39.4034],[-106.64976,39.40362],[-106.64914,39.40382],[-106.6428,39.40502]]}},{"type":"Feature","properties":{"cls":"high4wd","name":"IVANHOE LAKE","ml":"2 - HIGH CLEARANCE VEHICLES","surf":"NAT - NATIVE MATERIAL","src":"usfs"},"geometry":{"type":"LineString","coordinates":[[-106.49883,39.2668],[-106.49776,39.26665],[-106.49755,39.26619],[-106.4974,39.26569],[-106.49742,39.2655],[-106.49657,39.2597],[-106.49658,39.25953],[-106.49707,39.25899],[-106.49745,39.25879],[-106.49795,39.2587],[-106.49857,39.2588],[-106.49888,39.25898],[-106.49999,39.26024],[-106.50124,39.2615],[-106.50426,39.26408],[-106.50498,39.26454],[-106.50913,39.26543],[-106.51298,39.26586],[-106.51362,39.26585],[-106.51394,39.26573],[-106.5143,39.26552],[-106.5145,39.26518],[-106.51454,39.26484],[-106.51441,39.26427],[-106.51444,39.26363],[-106.51434,39.26314],[-106.51382,39.26239],[-106.51343,39.2616],[-106.51317,39.26136],[-106.51266,39.26114],[-106.51121,39.26098],[-106.50974,39.2602],[-106.50878,39.25979],[-106.50814,39.25933],[-106.50773,39.25886],[-106.50693,39.25742],[-106.50665,39.25713],[-106.50612,39.2569],[-106.50499,39.25657],[-106.50361,39.25598],[-106.50284,39.25583],[-106.50268,39.2556],[-106.50276,39.25542],[-106.5035,39.25526],[-106.50442,39.25544],[-106.50519,39.25517],[-106.50685,39.25506],[-106.50786,39.25492],[-106.50839,39.25507],[-106.50885,39.25538],[-106.50939,39.25559],[-106.50997,39.25614],[-106.51045,39.2562],[-106.51156,39.25621],[-106.51314,39.25682],[-106.51343,39.2567],[-106.5141,39.25617],[-106.51452,39.25615],[-106.51511,39.25589],[-106.51611,39.25572],[-106.51695,39.25511],[-106.51704,39.25488],[-106.51739,39.2545],[-106.51924,39.2539],[-106.51968,39.25391],[-106.52003,39.25413],[-106.52065,39.25436],[-106.52084,39.25433],[-106.52147,39.25404],[-106.52173,39.25401],[-106.52207,39.25419],[-106.52208,39.25443],[-106.52216,39.25452],[-106.52247,39.25463],[-106.52264,39.25486],[-106.52275,39.25535],[-106.52294,39.25539],[-106.52306,39.25492],[-106.52305,39.25441],[-106.52257,39.25327],[-106.52255,39.25306]]}},{"type":"Feature","properties":{"cls":"high4wd","name":"POWERLINE - CROOKED CREEK","ml":"2 - HIGH CLEARANCE VEHICLES","surf":"NAT - NATIVE MATERIAL","src":"usfs"},"geometry":{"type":"LineString","coordinates":[[-106.73478,39.46593],[-106.73397,39.46616],[-106.73373,39.46615],[-106.733,39.46565],[-106.73295,39.46549],[-106.73313,39.4651],[-106.73303,39.46486],[-106.73238,39.46456],[-106.73207,39.46461],[-106.73161,39.46488],[-106.73123,39.46485],[-106.731,39.46462],[-106.73091,39.46436],[-106.73152,39.46367],[-106.73176,39.46352],[-106.7319,39.46333],[-106.73248,39.46301],[-106.73276,39.4627],[-106.73272,39.46257],[-106.7326,39.46255],[-106.73162,39.46278],[-106.73139,39.46277],[-106.73124,39.46269],[-106.73152,39.46222],[-106.73195,39.46205],[-106.73224,39.4618],[-106.73216,39.46163],[-106.73172,39.46153],[-106.73095,39.4612],[-106.73012,39.46059],[-106.72967,39.46036],[-106.72934,39.46042],[-106.72873,39.46078],[-106.72825,39.46061],[-106.72798,39.46027],[-106.72775,39.4602],[-106.72764,39.46022],[-106.72705,39.46109],[-106.72683,39.46119],[-106.72606,39.46044],[-106.72548,39.45958],[-106.72508,39.45927],[-106.72494,39.45922],[-106.72462,39.45937],[-106.7246,39.45967],[-106.72411,39.46002],[-106.72427,39.461],[-106.72419,39.4613],[-106.72406,39.46141],[-106.72397,39.4614],[-106.72376,39.46081],[-106.72305,39.46025],[-106.72269,39.45976],[-106.72261,39.45947],[-106.72291,39.45921],[-106.72289,39.45912],[-106.72205,39.4586],[-106.72184,39.45831],[-106.72164,39.45776],[-106.72152,39.45779],[-106.72109,39.45837],[-106.72093,39.45841],[-106.72042,39.45816],[-106.72017,39.45818],[-106.71989,39.45827],[-106.71972,39.45846],[-106.71963,39.45868],[-106.7195,39.45875],[-106.71933,39.45833],[-106.71889,39.45775],[-106.71868,39.45774],[-106.7184,39.45793],[-106.71817,39.45797],[-106.71795,39.45722],[-106.71781,39.45717],[-106.71738,39.4573],[-106.71725,39.45723],[-106.71713,39.45672],[-106.71681,39.45654],[-106.71672,39.45643],[-106.7167,39.4555],[-106.71649,39.45505],[-106.71617,39.45461],[-106.71598,39.45414],[-106.71579,39.45409],[-106.71472,39.45409],[-106.71437,39.45419],[-106.71391,39.45401],[-106.71334,39.45421],[-106.71308,39.45422],[-106.71289,39.45402],[-106.71277,39.45353],[-106.71177,39.4529],[-106.71162,39.45264],[-106.71123,39.4526],[-106.71095,39.45248],[-106.70953,39.45228],[-106.70957,39.45219],[-106.71011,39.45212],[-106.71022,39.45205],[-106.71025,39.45194],[-106.71012,39.45165],[-106.70957,39.45103],[-106.70945,39.45074],[-106.70895,39.45022],[-106.70869,39.45017],[-106.7084,39.45024],[-106.70773,39.44989],[-106.70806,39.44855],[-106.70822,39.44824],[-106.7082,39.44814],[-106.70806,39.44809],[-106.70787,39.44813],[-106.70737,39.44845],[-106.70656,39.44874],[-106.70566,39.44929],[-106.70555,39.4493],[-106.70536,39.44926],[-106.70432,39.44861],[-106.7037,39.4483],[-106.70329,39.44831],[-106.70287,39.44816],[-106.70274,39.44804],[-106.70278,39.44786],[-106.70291,39.44777],[-106.70332,39.44775],[-106.7034,39.44768],[-106.70335,39.44759],[-106.70284,39.44753],[-106.70239,39.44764],[-106.70158,39.44745],[-106.70146,39.44735],[-106.70132,39.447],[-106.70113,39.4468],[-106.69998,39.44614],[-106.69956,39.44574],[-106.69901,39.44545],[-106.69894,39.44529],[-106.69902,39.44478],[-106.69884,39.44456],[-106.69812,39.44441],[-106.69756,39.44451],[-106.69727,39.44447],[-106.6956,39.44334],[-106.69499,39.4431],[-106.69494,39.44301],[-106.69495,39.44278],[-106.69462,39.44249],[-106.69455,39.44236],[-106.6936,39.44191],[-106.69293,39.44168],[-106.6925,39.44131],[-106.69243,39.44115],[-106.69252,39.44058],[-106.69247,39.44046],[-106.69198,39.44025],[-106.69183,39.44009],[-106.69152,39.43999],[-106.69138,39.43987],[-106.69121,39.43951],[-106.69106,39.43949],[-106.69091,39.43959],[-106.69032,39.44006],[-106.68991,39.44015],[-106.68887,39.43983],[-106.68839,39.43933]]}},{"type":"Feature","properties":{"cls":"car","name":"MOLLIE B CAMPGROUND","ml":"5 - HIGH DEGREE OF USER COMFORT","surf":"AC - ASPHALT","src":"usfs"},"geometry":{"type":"LineString","coordinates":[[-106.81282,39.37629],[-106.81286,39.37597],[-106.81278,39.37579],[-106.81176,39.37542],[-106.81154,39.3752],[-106.81159,39.37495],[-106.8119,39.37483],[-106.81229,39.37494],[-106.81331,39.37569],[-106.81331,39.37594],[-106.81295,39.37619]]}},{"type":"Feature","properties":{"cls":"high4wd","name":"LOWER RED CANYON","ml":"2 - HIGH CLEARANCE VEHICLES","surf":"NAT - NATIVE MATERIAL","src":"usfs"},"geometry":{"type":"LineString","coordinates":[[-106.86035,39.30651],[-106.86015,39.30665],[-106.85959,39.30687],[-106.85904,39.3075],[-106.85879,39.3079],[-106.85873,39.30824],[-106.85892,39.30873],[-106.85909,39.30898],[-106.86031,39.30869],[-106.86065,39.30874],[-106.86369,39.31048],[-106.86395,39.3108],[-106.8654,39.31168],[-106.86566,39.31192],[-106.86566,39.31199],[-106.86525,39.31197],[-106.86525,39.31222],[-106.86483,39.31253],[-106.86472,39.31294],[-106.86453,39.31327],[-106.86438,39.31347],[-106.86405,39.31371],[-106.86167,39.31446],[-106.86053,39.3141],[-106.85933,39.31361],[-106.85903,39.31369],[-106.85896,39.31381],[-106.85902,39.31397],[-106.8599,39.31462],[-106.86011,39.31488],[-106.86055,39.31586],[-106.86144,39.31631],[-106.86175,39.31656],[-106.86237,39.31677],[-106.86243,39.31695],[-106.86226,39.31729],[-106.86223,39.31751],[-106.86239,39.31791],[-106.86245,39.31867],[-106.86251,39.31891],[-106.86272,39.31917],[-106.86272,39.31929],[-106.86223,39.31933],[-106.86025,39.31996],[-106.85999,39.32022],[-106.85903,39.32063],[-106.8582,39.32111],[-106.85788,39.32117],[-106.85696,39.32179],[-106.85649,39.32202],[-106.85606,39.32205],[-106.85527,39.32237],[-106.85389,39.32319],[-106.85307,39.32411],[-106.8532,39.32429],[-106.85304,39.32474],[-106.85355,39.32506],[-106.85425,39.3252],[-106.85464,39.32534],[-106.854,39.32555],[-106.85388,39.32563],[-106.85383,39.32574],[-106.85397,39.32633],[-106.85376,39.32656],[-106.85377,39.32663],[-106.85386,39.32677],[-106.85425,39.32698],[-106.85482,39.32693],[-106.8554,39.32669],[-106.85568,39.32665],[-106.85685,39.3269],[-106.85763,39.32687],[-106.85814,39.32705],[-106.85865,39.32743],[-106.85897,39.32751],[-106.85924,39.32767],[-106.85958,39.32809],[-106.85981,39.32825],[-106.86027,39.32824],[-106.86092,39.32842],[-106.86138,39.32846],[-106.86154,39.32844],[-106.86181,39.32824],[-106.86208,39.32824],[-106.86271,39.32836],[-106.8629,39.32863],[-106.86318,39.32886],[-106.86354,39.32878]]}},{"type":"Feature","properties":{"cls":"high4wd","name":"FLY CAMP","ml":"2 - HIGH CLEARANCE VEHICLES","surf":"NAT - NATIVE MATERIAL","src":"usfs"},"geometry":{"type":"LineString","coordinates":[[-106.85909,39.30898],[-106.85933,39.30969],[-106.85942,39.3105],[-106.85928,39.31093],[-106.85894,39.31133],[-106.85875,39.31141],[-106.85846,39.31123],[-106.85835,39.31079],[-106.85822,39.31066],[-106.85767,39.31035],[-106.85747,39.31014],[-106.85708,39.30991],[-106.85652,39.31004],[-106.85571,39.30982],[-106.85519,39.30975],[-106.85427,39.30986],[-106.85337,39.31017],[-106.85285,39.31025],[-106.85198,39.31083],[-106.85094,39.31129],[-106.85038,39.31147],[-106.84977,39.31162],[-106.84919,39.31166],[-106.84861,39.31184],[-106.84759,39.31155],[-106.8473,39.3116],[-106.84684,39.31184],[-106.84631,39.31184],[-106.84548,39.31209],[-106.84497,39.31228],[-106.84472,39.31266],[-106.84407,39.31307],[-106.84354,39.31361],[-106.84333,39.31373],[-106.8428,39.31391],[-106.84253,39.31392],[-106.84232,39.31392],[-106.84217,39.31373],[-106.84194,39.31371],[-106.84183,39.31378],[-106.84182,39.3139],[-106.84101,39.31418],[-106.84063,39.31443],[-106.84016,39.31439],[-106.83907,39.31465],[-106.83861,39.31489],[-106.83818,39.31528]]}},{"type":"Feature","properties":{"cls":"car","name":"HORSESHOE BEND","ml":"3 - SUITABLE FOR PASSENGER CARS","surf":"NAT - NATIVE MATERIAL","src":"usfs"},"geometry":{"type":"LineString","coordinates":[[-106.60051,39.30085],[-106.6004,39.30055],[-106.60025,39.30039],[-106.59949,39.30019],[-106.59929,39.30004],[-106.59935,39.29938],[-106.59968,39.29849],[-106.5995,39.29819],[-106.59888,39.29773],[-106.5989,39.29758],[-106.59918,39.29757],[-106.59979,39.29797],[-106.59997,39.29793],[-106.59999,39.29777],[-106.5995,39.29731],[-106.59942,39.29716],[-106.59951,39.29698],[-106.59971,39.29694],[-106.60007,39.29712],[-106.60033,39.29735],[-106.60043,39.2975],[-106.60042,39.29779],[-106.60048,39.29796],[-106.60077,39.29828],[-106.60105,39.29842],[-106.60135,39.29843],[-106.60181,39.29812],[-106.60267,39.29786],[-106.60265,39.29789],[-106.60282,39.29789],[-106.60358,39.29814],[-106.60457,39.29823],[-106.6053,39.29843],[-106.60547,39.29838],[-106.6058,39.29798],[-106.60552,39.29772],[-106.60486,39.2975],[-106.60421,39.29711],[-106.60401,39.2967],[-106.6039,39.29594],[-106.60425,39.29544],[-106.6044,39.29507],[-106.60524,39.29422]]}},{"type":"Feature","properties":{"cls":"car","name":"FULFORD CAMPGROUND","ml":"3 - SUITABLE FOR PASSENGER CARS","surf":"NAT - NATIVE MATERIAL","src":"usfs"},"geometry":{"type":"LineString","coordinates":[[-106.65916,39.49222],[-106.65917,39.492],[-106.65909,39.49196],[-106.65886,39.49204],[-106.65886,39.49221]]}},{"type":"Feature","properties":{"cls":"high4wd","name":"UPPER DEADMAN","ml":"2 - HIGH CLEARANCE VEHICLES","surf":"NAT - NATIVE MATERIAL","src":"usfs"},"geometry":{"type":"LineString","coordinates":[[-106.72022,39.3403],[-106.71962,39.33959],[-106.7187,39.33936],[-106.71812,39.3391],[-106.71746,39.33901],[-106.71735,39.33902],[-106.71702,39.3393],[-106.71614,39.33979],[-106.71558,39.34001],[-106.71519,39.34],[-106.71494,39.34009],[-106.71463,39.34009],[-106.71426,39.34028],[-106.71403,39.34049],[-106.71328,39.34085],[-106.71311,39.34097],[-106.71295,39.3413],[-106.71275,39.34149],[-106.71239,39.34172],[-106.712,39.34207],[-106.71137,39.3431],[-106.71105,39.34387],[-106.71085,39.34406],[-106.7106,39.34468],[-106.71062,39.34513],[-106.71041,39.3453],[-106.71005,39.3452],[-106.70982,39.34558],[-106.70944,39.34602],[-106.70935,39.34666],[-106.70926,39.34682],[-106.70878,39.34718]]}},{"type":"Feature","properties":{"cls":"high4wd","name":"HELL GATE SNOTEL ROAD","ml":"2 - HIGH CLEARANCE VEHICLES","surf":"NAT - NATIVE MATERIAL","src":"usfs"},"geometry":{"type":"LineString","coordinates":[[-106.54751,39.29313],[-106.54745,39.29317],[-106.54821,39.29272],[-106.54842,39.29247],[-106.54855,39.29247],[-106.54885,39.29233],[-106.54927,39.29243],[-106.54941,39.29232]]}},{"type":"Feature","properties":{"cls":"high4wd","name":"PORPHYRY MOUNTAIN SPUR","ml":"2 - HIGH CLEARANCE VEHICLES","surf":"NAT - NATIVE MATERIAL","src":"usfs"},"geometry":{"type":"LineString","coordinates":[[-106.71796,39.2819],[-106.71793,39.2825],[-106.71822,39.28304],[-106.71824,39.28328],[-106.71815,39.28374],[-106.71798,39.28406],[-106.71805,39.28436],[-106.71819,39.2845],[-106.71868,39.28472],[-106.71911,39.28463],[-106.71926,39.2848],[-106.71937,39.2848],[-106.71975,39.28455],[-106.72012,39.28469],[-106.7204,39.28493],[-106.72113,39.28538],[-106.72147,39.28575],[-106.72235,39.28605],[-106.7224,39.28623],[-106.72233,39.28639],[-106.72236,39.28646],[-106.72278,39.2865],[-106.72326,39.28677],[-106.72348,39.28682],[-106.72402,39.28655],[-106.72453,39.28651],[-106.72489,39.28627],[-106.72515,39.28627],[-106.72594,39.28606],[-106.72726,39.28602],[-106.72781,39.28631],[-106.72807,39.2868],[-106.72844,39.28727],[-106.72847,39.28759],[-106.72811,39.28799],[-106.72813,39.28811],[-106.72821,39.28817],[-106.7288,39.28821],[-106.72981,39.28817],[-106.73019,39.28834],[-106.73041,39.28883],[-106.73075,39.28881],[-106.73133,39.2886],[-106.73175,39.28859],[-106.73237,39.2887],[-106.73302,39.28898],[-106.73329,39.2892],[-106.73354,39.2896],[-106.73374,39.28977],[-106.7339,39.29022],[-106.73447,39.2907],[-106.73485,39.29089],[-106.73477,39.29104],[-106.73454,39.29124],[-106.73419,39.29132],[-106.73419,39.29153],[-106.73401,39.29173],[-106.73294,39.29224],[-106.73239,39.29236]]}},{"type":"Feature","properties":{"cls":"car","name":"KOBEY PARK - LINK","ml":"3 - SUITABLE FOR PASSENGER CARS","surf":"AGG - CRUSHED AGGREGATE OR GRAVEL","src":"usfs"},"geometry":{"type":"LineString","coordinates":[[-106.76051,39.26792],[-106.76068,39.26889],[-106.76059,39.26984],[-106.76082,39.27022],[-106.76075,39.27035],[-106.76055,39.27042],[-106.76043,39.27034],[-106.76006,39.26922],[-106.75989,39.26915],[-106.75976,39.26924],[-106.7599,39.26995],[-106.75982,39.27046],[-106.75984,39.27074],[-106.7601,39.27137],[-106.76036,39.27293],[-106.76072,39.2739],[-106.76108,39.27398],[-106.76135,39.27391],[-106.76201,39.27342],[-106.76239,39.27298],[-106.76257,39.27294],[-106.7627,39.27297],[-106.76339,39.2736],[-106.76367,39.27372],[-106.76474,39.27371],[-106.76525,39.27341],[-106.76536,39.27341],[-106.76606,39.27358],[-106.76625,39.27377],[-106.76636,39.27541],[-106.76627,39.27596],[-106.76603,39.27621],[-106.76507,39.27675],[-106.76496,39.27692],[-106.7651,39.27755],[-106.76517,39.28035],[-106.76492,39.28154]]}},{"type":"Feature","properties":{"cls":"car","name":"LENADO","ml":"3 - SUITABLE FOR PASSENGER CARS","surf":"AGG - CRUSHED AGGREGATE OR GRAVEL","src":"usfs"},"geometry":{"type":"LineString","coordinates":[[-106.75177,39.24469],[-106.75177,39.24484],[-106.75189,39.24509],[-106.75266,39.24533],[-106.75335,39.24597],[-106.75372,39.24623],[-106.7538,39.24634],[-106.75379,39.24665],[-106.75387,39.24672],[-106.754,39.24676],[-106.75438,39.24666],[-106.75471,39.24666],[-106.75587,39.24687],[-106.75608,39.24702],[-106.75606,39.24798],[-106.75621,39.24888],[-106.75631,39.25038],[-106.75669,39.25132],[-106.75721,39.2533],[-106.75738,39.25461],[-106.75784,39.25556],[-106.75799,39.25571],[-106.75814,39.25572],[-106.75825,39.25563],[-106.75858,39.25468],[-106.75883,39.25434],[-106.75908,39.25417],[-106.75892,39.25377],[-106.75919,39.25318],[-106.75996,39.25253],[-106.76031,39.2521],[-106.76044,39.25143],[-106.76053,39.24998],[-106.76096,39.24955],[-106.76167,39.24912],[-106.76182,39.24881],[-106.76223,39.24844],[-106.76243,39.24811],[-106.76291,39.24793],[-106.76316,39.24774],[-106.76362,39.24752],[-106.76391,39.24726],[-106.76416,39.2472],[-106.76431,39.24733],[-106.76436,39.24773],[-106.76467,39.24837],[-106.76483,39.24859],[-106.76496,39.24865],[-106.76511,39.24861],[-106.76548,39.24826],[-106.76596,39.24792],[-106.7668,39.24743],[-106.76698,39.24746],[-106.76705,39.24757],[-106.76702,39.24776],[-106.76658,39.2487],[-106.76651,39.2493],[-106.76654,39.25048],[-106.76669,39.2513],[-106.76681,39.2515],[-106.76695,39.25153],[-106.76744,39.2513],[-106.76769,39.2513],[-106.76797,39.25157],[-106.76833,39.25179],[-106.76839,39.25237],[-106.76824,39.25327],[-106.76824,39.25374],[-106.76862,39.25416],[-106.76872,39.25472],[-106.76933,39.25508],[-106.76942,39.25531],[-106.76923,39.25668],[-106.76864,39.2585],[-106.76778,39.26007],[-106.76761,39.26026],[-106.76744,39.2603],[-106.76732,39.26027],[-106.76734,39.26016],[-106.76777,39.25965],[-106.76792,39.25927],[-106.76809,39.25738],[-106.76807,39.25677],[-106.76792,39.25617],[-106.76774,39.2558],[-106.7674,39.25552],[-106.7665,39.25526],[-106.76596,39.25494],[-106.76573,39.25501],[-106.76576,39.25516],[-106.76585,39.25524],[-106.76692,39.25569],[-106.76708,39.25587],[-106.76713,39.25603]]}},{"type":"Feature","properties":{"cls":"car","name":"EAGLE-THOMASVILLE","ml":"3 - SUITABLE FOR PASSENGER CARS","surf":"AGG - CRUSHED AGGREGATE OR GRAVEL","src":"usfs"},"geometry":{"type":"LineString","coordinates":[[-106.75263,39.53924],[-106.75258,39.53909],[-106.75262,39.53877],[-106.7532,39.53785],[-106.75321,39.53772],[-106.75246,39.53616],[-106.75206,39.53503],[-106.75154,39.53404],[-106.75126,39.5333],[-106.75109,39.53236],[-106.75113,39.53123],[-106.75103,39.53096],[-106.75062,39.53038],[-106.74989,39.52794],[-106.74939,39.52698],[-106.74923,39.52571],[-106.74919,39.52483],[-106.74922,39.52443],[-106.74933,39.52405],[-106.75059,39.52232],[-106.75119,39.52125],[-106.75164,39.52013],[-106.75198,39.51812],[-106.75327,39.51658],[-106.75333,39.51639],[-106.75338,39.51563],[-106.75372,39.51517],[-106.75379,39.51485],[-106.75363,39.51438],[-106.75268,39.51337],[-106.75253,39.51307],[-106.7525,39.51278],[-106.75273,39.51201],[-106.75364,39.51105],[-106.75385,39.51069],[-106.75394,39.51031],[-106.75389,39.50997],[-106.75324,39.5086],[-106.75182,39.50682],[-106.75134,39.50598],[-106.75124,39.50565],[-106.75126,39.5054],[-106.75163,39.50471],[-106.75176,39.5043],[-106.75183,39.50281],[-106.75223,39.50139],[-106.75229,39.49988],[-106.75292,39.49873],[-106.75308,39.49802],[-106.75304,39.49768],[-106.75274,39.49733],[-106.75152,39.49638],[-106.75073,39.49539],[-106.75019,39.49461],[-106.74885,39.49199],[-106.74801,39.49087],[-106.7475,39.49005],[-106.74654,39.48897],[-106.74498,39.48796],[-106.74396,39.4874],[-106.74218,39.48594],[-106.74146,39.48572],[-106.74042,39.48503],[-106.73951,39.48414],[-106.73913,39.48354],[-106.73826,39.48254],[-106.7373,39.48178],[-106.73683,39.48155],[-106.7365,39.48147],[-106.73574,39.48158],[-106.73467,39.48152]]}},{"type":"Feature","properties":{"cls":"car","name":"EAGLE-THOMASVILLE","ml":"3 - SUITABLE FOR PASSENGER CARS","surf":"AGG - CRUSHED AGGREGATE OR GRAVEL","src":"usfs"},"geometry":{"type":"LineString","coordinates":[[-106.68493,39.4414],[-106.6835,39.44135],[-106.68268,39.44125],[-106.68215,39.44114],[-106.68122,39.44077],[-106.6804,39.44061],[-106.67988,39.44052],[-106.67926,39.44058],[-106.67821,39.44001],[-106.67725,39.43964],[-106.67396,39.43872],[-106.6734,39.43877],[-106.67275,39.43918],[-106.67218,39.44019],[-106.672,39.44028],[-106.67183,39.44025],[-106.6717,39.44013],[-106.67147,39.43953],[-106.67098,39.43911],[-106.67071,39.43904],[-106.67014,39.4392],[-106.66994,39.43917],[-106.66986,39.43838],[-106.66966,39.43793],[-106.66926,39.43729],[-106.66839,39.43626],[-106.66768,39.4357],[-106.66583,39.43462],[-106.66561,39.43441],[-106.66517,39.43372],[-106.66493,39.43346],[-106.66475,39.43336],[-106.66438,39.43333],[-106.66424,39.43343],[-106.66387,39.43392],[-106.66374,39.43397],[-106.66356,39.43395],[-106.66324,39.43378],[-106.66313,39.4336],[-106.66316,39.43335],[-106.66366,39.43249],[-106.66374,39.43221],[-106.66356,39.43171],[-106.66298,39.43106],[-106.66225,39.4307],[-106.66052,39.42955],[-106.65986,39.42922],[-106.65748,39.42837],[-106.65657,39.42731],[-106.65582,39.42679],[-106.65528,39.42633],[-106.65455,39.42551],[-106.65439,39.42516],[-106.65445,39.42488],[-106.65468,39.4244],[-106.65532,39.42349],[-106.65526,39.4228],[-106.65532,39.42267],[-106.65708,39.42148],[-106.65753,39.42097],[-106.65757,39.41987],[-106.65802,39.41916],[-106.6582,39.41835],[-106.65858,39.41769],[-106.65942,39.41587],[-106.65953,39.41461],[-106.65965,39.41436],[-106.65919,39.41376],[-106.65918,39.41355],[-106.65968,39.41287],[-106.6599,39.41271],[-106.66085,39.41253],[-106.6615,39.41257],[-106.66173,39.41249],[-106.66183,39.41231],[-106.66177,39.41213],[-106.66133,39.4116],[-106.66128,39.41141],[-106.66135,39.41113],[-106.66158,39.41084],[-106.66181,39.41075],[-106.66376,39.41042],[-106.66506,39.4105],[-106.66608,39.41082],[-106.66732,39.41082],[-106.66804,39.41106],[-106.66899,39.41124],[-106.66925,39.41143],[-106.66977,39.41199],[-106.67019,39.41222],[-106.67057,39.41231],[-106.6714,39.41233],[-106.67162,39.41226],[-106.6717,39.41215],[-106.67165,39.412],[-106.67132,39.41178],[-106.67125,39.41161],[-106.67158,39.41066],[-106.67287,39.41061],[-106.67322,39.41067],[-106.67338,39.41053],[-106.67338,39.41014],[-106.6736,39.41004],[-106.67377,39.41009],[-106.67421,39.41043],[-106.67489,39.41067],[-106.67528,39.41071],[-106.67538,39.41063],[-106.67553,39.41026],[-106.67588,39.40972],[-106.67593,39.40941],[-106.67581,39.4089],[-106.67578,39.40829],[-106.67547,39.40799],[-106.67463,39.40737],[-106.67443,39.40703],[-106.67407,39.40546],[-106.67382,39.40386],[-106.67399,39.40369],[-106.67534,39.40345],[-106.67578,39.4031],[-106.67592,39.40269],[-106.67594,39.40174],[-106.67599,39.40148],[-106.67652,39.4008],[-106.67662,39.40042],[-106.67645,39.40008],[-106.67593,39.39946],[-106.67535,39.39807],[-106.67494,39.39762],[-106.67493,39.39747],[-106.67516,39.39711],[-106.67522,39.39674],[-106.67479,39.39602],[-106.67454,39.3951],[-106.6746,39.39499],[-106.67493,39.39489],[-106.67639,39.39474],[-106.6774,39.3948],[-106.67792,39.39512],[-106.67811,39.39505],[-106.67814,39.3949],[-106.67802,39.39428],[-106.67807,39.39393],[-106.678,39.39381],[-106.67659,39.39302],[-106.67596,39.39232],[-106.67531,39.39185],[-106.67525,39.39156],[-106.67546,39.39041],[-106.6757,39.39017],[-106.67615,39.38997],[-106.67646,39.38993],[-106.67717,39.39001],[-106.6776,39.39012],[-106.67848,39.39053],[-106.67865,39.39053],[-106.67879,39.39038],[-106.67831,39.38888],[-106.67821,39.38828],[-106.67753,39.3873],[-106.67735,39.38685],[-106.67746,39.38597],[-106.67794,39.38484],[-106.67741,39.38425],[-106.67719,39.38366],[-106.67695,39.38335],[-106.67637,39.38276],[-106.67578,39.38236],[-106.67564,39.38192],[-106.67548,39.38167],[-106.67548,39.38141],[-106.67584,39.3805],[-106.67592,39.38009],[-106.67615,39.37979],[-106.67748,39.37922],[-106.67801,39.37921],[-106.67869,39.37934],[-106.67884,39.37931],[-106.67884,39.37922],[-106.67863,39.37907],[-106.67811,39.37883],[-106.67752,39.37866],[-106.67748,39.37851],[-106.67755,39.37789],[-106.67815,39.37665],[-106.67866,39.37609],[-106.67866,39.37601],[-106.67883,39.37584],[-106.6791,39.37531],[-106.67933,39.375],[-106.67942,39.37446],[-106.67961,39.3739],[-106.6796,39.37359],[-106.67947,39.37306],[-106.67955,39.37301],[-106.67969,39.37308],[-106.68003,39.37365],[-106.68004,39.37475],[-106.68015,39.37472],[-106.68018,39.37442],[-106.68033,39.37414],[-106.68055,39.37395],[-106.6807,39.37371],[-106.68078,39.37296],[-106.68011,39.37203],[-106.68008,39.37144],[-106.67999,39.37114],[-106.67974,39.37068],[-106.67981,39.36989],[-106.67975,39.36945],[-106.67983,39.36816],[-106.67975,39.36801],[-106.67983,39.36794],[-106.67992,39.36797]]}},{"type":"Feature","properties":{"cls":"high4wd","name":"ELK WALLOW CAMPGROUND","ml":"2 - HIGH CLEARANCE VEHICLES","surf":"AGG - CRUSHED AGGREGATE OR GRAVEL","src":"usfs"},"geometry":{"type":"MultiLineString","coordinates":[[[-106.6147,39.34454],[-106.61429,39.34433],[-106.61358,39.34444],[-106.61329,39.34429],[-106.6131,39.34437],[-106.61312,39.34445],[-106.61325,39.34453],[-106.61358,39.34444]],[[-106.61429,39.34433],[-106.61423,39.34423],[-106.61426,39.34416],[-106.61455,39.344]]]}},{"type":"Feature","properties":{"cls":"high4wd","name":"JAKEMAN","ml":"2 - HIGH CLEARANCE VEHICLES","surf":"NAT - NATIVE MATERIAL","src":"usfs"},"geometry":{"type":"LineString","coordinates":[[-106.67578,39.4031],[-106.67592,39.40313],[-106.67613,39.403],[-106.67645,39.40208],[-106.67663,39.40199],[-106.67735,39.40194],[-106.67752,39.40186],[-106.67761,39.40174],[-106.67784,39.40074],[-106.67759,39.39894],[-106.67769,39.39872],[-106.67795,39.39868],[-106.67819,39.39876],[-106.67979,39.40002],[-106.68106,39.40091],[-106.68257,39.40174],[-106.68281,39.40196],[-106.68309,39.4025],[-106.68329,39.40266],[-106.68354,39.40266],[-106.68423,39.40218],[-106.68438,39.40215],[-106.68479,39.40224],[-106.68547,39.40255],[-106.68568,39.40255],[-106.68591,39.40245],[-106.68599,39.40233],[-106.68587,39.40176],[-106.68596,39.40144],[-106.68687,39.40021],[-106.68735,39.39985],[-106.68787,39.39963],[-106.68889,39.39937],[-106.6904,39.39916],[-106.69122,39.39875],[-106.69213,39.39841],[-106.69248,39.39824],[-106.69262,39.39809],[-106.69277,39.39751],[-106.69297,39.39729],[-106.69403,39.39687],[-106.69453,39.39636],[-106.6952,39.39616],[-106.69567,39.39611],[-106.69638,39.39618],[-106.69723,39.39646],[-106.69732,39.3966],[-106.69726,39.39679],[-106.69707,39.39683],[-106.69649,39.39666],[-106.69603,39.39668],[-106.69519,39.39705],[-106.69492,39.39728],[-106.69443,39.39796],[-106.69434,39.39831],[-106.6943,39.39886],[-106.69414,39.39922],[-106.69302,39.4011],[-106.69275,39.40147],[-106.69238,39.40181],[-106.69192,39.40212],[-106.69148,39.40261],[-106.69099,39.40323],[-106.69093,39.40344],[-106.69112,39.40358],[-106.69136,39.40351],[-106.69203,39.40272],[-106.69264,39.40237],[-106.69347,39.40205],[-106.69396,39.40141],[-106.69413,39.40128],[-106.6951,39.40094],[-106.69547,39.40091]]}},{"type":"Feature","properties":{"cls":"high4wd","name":"GRANITE","ml":"2 - HIGH CLEARANCE VEHICLES","surf":"AGG - CRUSHED AGGREGATE OR GRAVEL","src":"usfs"},"geometry":{"type":"LineString","coordinates":[[-106.58792,39.29782],[-106.5874,39.2973],[-106.58707,39.29666],[-106.5871,39.29649],[-106.58741,39.29641],[-106.58885,39.29643],[-106.59015,39.29636],[-106.59122,39.29623],[-106.59145,39.29607],[-106.59165,39.29569],[-106.59338,39.29504],[-106.59361,39.2949],[-106.59411,39.29418],[-106.59425,39.29328],[-106.59424,39.29306],[-106.59407,39.29274],[-106.59406,39.29236],[-106.5936,39.29196],[-106.59363,39.29174],[-106.59358,39.29158],[-106.59331,39.29135],[-106.5924,39.291],[-106.59156,39.29059],[-106.59081,39.28984],[-106.58943,39.28878],[-106.58897,39.2885],[-106.58833,39.28781],[-106.58761,39.28735],[-106.58718,39.28698],[-106.58695,39.28642],[-106.58665,39.28602],[-106.58511,39.28509],[-106.58451,39.28444],[-106.58389,39.2841],[-106.58359,39.28385],[-106.58225,39.28214],[-106.58205,39.28198],[-106.57806,39.28151],[-106.57708,39.28133],[-106.57643,39.2811],[-106.57497,39.28047],[-106.57422,39.28006],[-106.57328,39.27941],[-106.57167,39.27865],[-106.57097,39.27851],[-106.57004,39.27817],[-106.5696,39.2779],[-106.56916,39.27739],[-106.5666,39.27666],[-106.56605,39.27641],[-106.56533,39.27574],[-106.56375,39.27519],[-106.56289,39.27457],[-106.56172,39.27392],[-106.56038,39.2729],[-106.55916,39.27124],[-106.55872,39.27099],[-106.55773,39.27024],[-106.55733,39.26977],[-106.55698,39.26951],[-106.55601,39.26848],[-106.5557,39.26824],[-106.55306,39.26704],[-106.55247,39.26664],[-106.55191,39.2661],[-106.55144,39.26584],[-106.54973,39.26528],[-106.54906,39.26531],[-106.54871,39.26521],[-106.54833,39.26495],[-106.54694,39.2642],[-106.54482,39.26216],[-106.54447,39.26159],[-106.54407,39.26067],[-106.54274,39.25988],[-106.54234,39.25928],[-106.5421,39.25909],[-106.54074,39.25834],[-106.53959,39.258],[-106.53928,39.25785],[-106.53754,39.25688],[-106.53594,39.25614],[-106.53286,39.25438],[-106.53238,39.25392],[-106.53207,39.25346],[-106.53192,39.25283],[-106.53158,39.25217],[-106.5312,39.25088],[-106.53007,39.24964],[-106.52969,39.24856],[-106.52962,39.24819],[-106.52987,39.24771],[-106.53024,39.24585],[-106.53012,39.24524],[-106.53032,39.24444]]}},{"type":"Feature","properties":{"cls":"high4wd","name":"WEST HAT CREEK","ml":"2 - HIGH CLEARANCE VEHICLES","surf":"NAT - NATIVE MATERIAL","src":"usfs"},"geometry":{"type":"LineString","coordinates":[[-106.68072,39.49596],[-106.6802,39.49513],[-106.68022,39.49494],[-106.68059,39.49465],[-106.68105,39.49415],[-106.68142,39.49406],[-106.68182,39.49385],[-106.68378,39.49251],[-106.68532,39.49134],[-106.68574,39.49082],[-106.68633,39.49041],[-106.68648,39.49023],[-106.68647,39.48999],[-106.68637,39.48972],[-106.68665,39.48904],[-106.68658,39.48883],[-106.68647,39.48882],[-106.6862,39.489],[-106.68533,39.48926],[-106.68494,39.48927],[-106.6847,39.4892],[-106.68457,39.48905],[-106.68423,39.48886],[-106.68379,39.48878],[-106.68362,39.48859],[-106.68363,39.48851],[-106.68377,39.48841],[-106.68458,39.4881],[-106.685,39.48745],[-106.68584,39.48724],[-106.686,39.48715],[-106.68603,39.48703],[-106.68591,39.48694],[-106.68531,39.48683],[-106.68436,39.48679],[-106.6838,39.48657],[-106.68373,39.48644],[-106.68382,39.48617],[-106.68424,39.48566],[-106.68456,39.48538],[-106.68459,39.48527],[-106.68451,39.48516],[-106.6842,39.48511],[-106.68281,39.48535],[-106.68266,39.48527],[-106.68267,39.48516],[-106.68316,39.48496],[-106.68407,39.48432],[-106.68479,39.48399],[-106.68519,39.48391],[-106.68647,39.48411],[-106.6868,39.48427],[-106.68698,39.48447],[-106.68709,39.48471],[-106.6872,39.48475],[-106.68839,39.48456],[-106.689,39.48463],[-106.68949,39.48461],[-106.69036,39.48447],[-106.69108,39.48415],[-106.69187,39.48364],[-106.69324,39.4834],[-106.69409,39.48307],[-106.69453,39.48275],[-106.69511,39.48208],[-106.69524,39.48217],[-106.6954,39.48289],[-106.69534,39.48346],[-106.69536,39.48354],[-106.6955,39.48361],[-106.6959,39.48353],[-106.6968,39.48308],[-106.69712,39.483],[-106.69751,39.48301],[-106.698,39.4832],[-106.69872,39.48318],[-106.69882,39.48309],[-106.69861,39.48234],[-106.69844,39.48199],[-106.6985,39.48179],[-106.69893,39.48177],[-106.69948,39.48199],[-106.69982,39.48204],[-106.70096,39.48184],[-106.70117,39.48176],[-106.70149,39.4815],[-106.70177,39.48112],[-106.70175,39.48101],[-106.70164,39.48095],[-106.70077,39.48106],[-106.69965,39.48079],[-106.69951,39.48065],[-106.69959,39.48054],[-106.69983,39.48043],[-106.70015,39.48003],[-106.70051,39.47972],[-106.70062,39.47945],[-106.70063,39.47871],[-106.70069,39.47856],[-106.70223,39.47692],[-106.70252,39.47655],[-106.7025,39.47644],[-106.70192,39.47657],[-106.69989,39.47666],[-106.69935,39.47656],[-106.69879,39.47659],[-106.69775,39.4764],[-106.69767,39.47626],[-106.69786,39.47598],[-106.69764,39.47587],[-106.69723,39.47587],[-106.69688,39.47604],[-106.69644,39.47611],[-106.69528,39.47619],[-106.69453,39.47611],[-106.69418,39.47597],[-106.69412,39.4758],[-106.69473,39.47564],[-106.6949,39.47551],[-106.69523,39.47496],[-106.6952,39.47476],[-106.69435,39.4743],[-106.69376,39.47381],[-106.69321,39.47327],[-106.69293,39.47259],[-106.69279,39.47264],[-106.69273,39.47283],[-106.69227,39.47324],[-106.69187,39.47341],[-106.69104,39.47329],[-106.69067,39.47311],[-106.69073,39.47302],[-106.69125,39.47283],[-106.69158,39.47234],[-106.69183,39.47213],[-106.69348,39.47135],[-106.69443,39.47103],[-106.69611,39.47075],[-106.69658,39.47061],[-106.69726,39.47028],[-106.69767,39.46984],[-106.69791,39.46934],[-106.69816,39.4677],[-106.69798,39.46732],[-106.6979,39.46697],[-106.6985,39.46647],[-106.69854,39.46632],[-106.69843,39.46608],[-106.69846,39.46597]]}},{"type":"Feature","properties":{"cls":"high4wd","name":"MILLER","ml":"2 - HIGH CLEARANCE VEHICLES","surf":"NAT - NATIVE MATERIAL","src":"usfs"},"geometry":{"type":"LineString","coordinates":[[-106.72809,39.33505],[-106.728,39.33464],[-106.72813,39.33426],[-106.72848,39.33404],[-106.72886,39.33391],[-106.72938,39.33354],[-106.72925,39.33285],[-106.72934,39.33271],[-106.72936,39.33235],[-106.72948,39.33212],[-106.72964,39.33202],[-106.73002,39.33111],[-106.73024,39.32967],[-106.73043,39.3294],[-106.73035,39.32899],[-106.73036,39.32871],[-106.73017,39.32849],[-106.73025,39.32837],[-106.73061,39.32814]]}},{"type":"Feature","properties":{"cls":"high4wd","name":"SOUTH FORK FRYINGPAN","ml":"2 - HIGH CLEARANCE VEHICLES","surf":"AGG - CRUSHED AGGREGATE OR GRAVEL","src":"usfs"},"geometry":{"type":"LineString","coordinates":[[-106.66031,39.32968],[-106.66073,39.32977],[-106.66102,39.32972],[-106.66189,39.32943],[-106.66204,39.32922],[-106.66217,39.32865],[-106.66217,39.32811],[-106.66136,39.32612],[-106.66144,39.32604],[-106.66153,39.32605],[-106.66196,39.32647],[-106.66233,39.32673],[-106.66251,39.32697],[-106.66258,39.32731],[-106.66268,39.32743],[-106.66364,39.32822],[-106.66468,39.32928],[-106.66542,39.33044],[-106.66553,39.33048],[-106.66559,39.33041],[-106.66536,39.32999],[-106.66519,39.32923],[-106.66476,39.32829],[-106.66462,39.32802],[-106.66427,39.32768],[-106.66417,39.32734],[-106.66393,39.32696],[-106.66389,39.32635],[-106.66354,39.32555],[-106.66352,39.32446],[-106.66362,39.32404],[-106.66339,39.32343],[-106.66332,39.32302],[-106.66269,39.32207],[-106.66255,39.3213],[-106.6624,39.32096],[-106.66205,39.32069],[-106.66182,39.32036],[-106.66183,39.3199],[-106.66243,39.31929],[-106.66251,39.31903],[-106.66252,39.31857],[-106.66236,39.31787],[-106.66197,39.31746],[-106.66123,39.31708],[-106.65997,39.31597],[-106.6592,39.31488],[-106.65869,39.31399],[-106.65855,39.31363],[-106.65845,39.3132],[-106.65858,39.31279],[-106.65882,39.3125],[-106.65936,39.31205],[-106.65948,39.31185],[-106.65953,39.31156],[-106.65932,39.31112],[-106.65857,39.31027],[-106.65831,39.3101],[-106.65773,39.30989],[-106.65674,39.30975],[-106.65489,39.30899],[-106.65445,39.30856],[-106.65335,39.30794],[-106.65305,39.30765],[-106.65288,39.30724],[-106.65289,39.30665],[-106.65264,39.30635],[-106.65218,39.30614],[-106.65178,39.30572],[-106.65092,39.30548],[-106.65076,39.30534],[-106.65043,39.30471],[-106.65015,39.30371],[-106.64995,39.30333],[-106.64998,39.30322],[-106.65018,39.30307],[-106.6508,39.30277],[-106.65088,39.30259],[-106.65078,39.30235],[-106.65047,39.30192],[-106.65029,39.30124],[-106.6501,39.30099],[-106.64902,39.30026],[-106.64867,39.30009],[-106.64819,39.29997],[-106.64732,39.29946],[-106.64669,39.2995],[-106.64614,39.29935],[-106.64577,39.29937],[-106.64471,39.29997],[-106.64436,39.29992],[-106.64374,39.29944],[-106.64213,39.29767],[-106.64143,39.29651],[-106.6408,39.29605],[-106.63995,39.29499],[-106.63959,39.29478],[-106.63885,39.29466],[-106.63868,39.29468],[-106.63863,39.29475],[-106.63875,39.29503]]}},{"type":"Feature","properties":{"cls":"high4wd","name":"MEREDITH","ml":"2 - HIGH CLEARANCE VEHICLES","surf":"NAT - NATIVE MATERIAL","src":"usfs"},"geometry":{"type":"LineString","coordinates":[[-106.74054,39.35509],[-106.73973,39.35501],[-106.73827,39.3557],[-106.73819,39.35568],[-106.73805,39.35525],[-106.73798,39.35467],[-106.73779,39.35452],[-106.73735,39.35437],[-106.73703,39.35372],[-106.73709,39.35271],[-106.73626,39.35165],[-106.73587,39.35125],[-106.73554,39.3506],[-106.73557,39.35044],[-106.73552,39.35025],[-106.7352,39.34973],[-106.73408,39.34855],[-106.73299,39.34793],[-106.73213,39.34732],[-106.7314,39.3469],[-106.73093,39.3464],[-106.73024,39.34512],[-106.73006,39.34463],[-106.72984,39.34432],[-106.72974,39.34403],[-106.72973,39.34357],[-106.72988,39.34308],[-106.73008,39.34288],[-106.7306,39.34206],[-106.73123,39.34167],[-106.73164,39.34134],[-106.73194,39.34093],[-106.73196,39.34045],[-106.7319,39.33983],[-106.73197,39.33938],[-106.73236,39.33882],[-106.7325,39.33836],[-106.73243,39.33817],[-106.73193,39.3377],[-106.73164,39.33733],[-106.73149,39.33725],[-106.73108,39.33664],[-106.73076,39.33652],[-106.73049,39.33613],[-106.7301,39.33586],[-106.73001,39.33554],[-106.72949,39.33546],[-106.72827,39.33508],[-106.72741,39.33494],[-106.72715,39.33504],[-106.72677,39.33543],[-106.72651,39.33557],[-106.72582,39.33562],[-106.72537,39.33542],[-106.72503,39.33502],[-106.72454,39.33417],[-106.72461,39.3333],[-106.72477,39.33316],[-106.72488,39.33262],[-106.72478,39.33244],[-106.72449,39.33235],[-106.72444,39.33249],[-106.72418,39.33276],[-106.7241,39.33315],[-106.72411,39.33401],[-106.72448,39.3352],[-106.72442,39.33578],[-106.72417,39.33673],[-106.724,39.33711],[-106.72366,39.33752],[-106.72335,39.33816],[-106.72335,39.33831],[-106.7235,39.33863],[-106.72391,39.33885],[-106.72399,39.33896],[-106.72392,39.33948],[-106.72376,39.33992],[-106.72371,39.34063],[-106.72356,39.3415],[-106.72346,39.34151],[-106.72301,39.34104],[-106.72273,39.34088],[-106.72227,39.34084],[-106.72211,39.34077],[-106.72159,39.34026],[-106.72072,39.33972],[-106.72065,39.33974],[-106.72061,39.33985],[-106.72072,39.34013],[-106.72069,39.34022],[-106.72036,39.34032],[-106.72022,39.3403]]}},{"type":"Feature","properties":{"cls":"high4wd","name":"POWERLINE-DIEMER","ml":"2 - HIGH CLEARANCE VEHICLES","surf":"NAT - NATIVE MATERIAL","src":"usfs"},"geometry":{"type":"LineString","coordinates":[[-106.60816,39.33545],[-106.60757,39.33559],[-106.60686,39.33594],[-106.60584,39.33595],[-106.60521,39.33607],[-106.60428,39.33665],[-106.603,39.33728],[-106.60235,39.3374],[-106.60205,39.33727],[-106.60152,39.33725],[-106.60121,39.33716],[-106.60037,39.33675],[-106.60029,39.33665],[-106.60025,39.33655],[-106.60034,39.33627],[-106.60076,39.33554],[-106.60079,39.33538],[-106.60073,39.33518],[-106.60056,39.33495],[-106.60043,39.33496],[-106.60034,39.33522],[-106.60018,39.33537],[-106.59982,39.33553],[-106.59826,39.33602],[-106.59803,39.33612],[-106.59764,39.33643],[-106.59735,39.33588],[-106.59734,39.33568],[-106.59786,39.33505],[-106.59794,39.33479],[-106.59729,39.33377],[-106.59703,39.33313],[-106.59686,39.3325],[-106.5971,39.33204]]}},{"type":"Feature","properties":{"cls":"high4wd","name":"HAT CREEK","ml":"2 - HIGH CLEARANCE VEHICLES","surf":"NAT - NATIVE MATERIAL","src":"usfs"},"geometry":{"type":"LineString","coordinates":[[-106.67788,39.50485],[-106.67861,39.50351],[-106.67862,39.50311],[-106.67855,39.50276],[-106.67827,39.50234],[-106.67728,39.50147],[-106.67696,39.50129],[-106.67635,39.50114],[-106.67613,39.50102],[-106.67608,39.50087],[-106.67617,39.50075],[-106.67725,39.50087],[-106.67855,39.50128],[-106.67973,39.50153],[-106.68023,39.50157],[-106.68091,39.50175],[-106.68167,39.50203],[-106.68363,39.50306],[-106.68381,39.50304],[-106.68389,39.50293],[-106.68381,39.50272],[-106.68299,39.50238],[-106.68284,39.50216],[-106.68288,39.50208],[-106.68308,39.50204],[-106.68369,39.50226],[-106.68473,39.50301],[-106.6854,39.50421],[-106.68576,39.50466],[-106.6859,39.50479],[-106.68681,39.50529],[-106.68695,39.50544],[-106.68807,39.50732],[-106.68827,39.50737],[-106.68843,39.50731],[-106.68854,39.50717],[-106.68864,39.50684],[-106.68871,39.50572],[-106.68859,39.50528],[-106.68836,39.50485],[-106.68673,39.50245],[-106.68566,39.50128],[-106.68452,39.49931],[-106.68429,39.49903],[-106.68254,39.49765],[-106.68071,39.49595],[-106.68047,39.49584],[-106.68001,39.49546],[-106.67886,39.49443],[-106.67861,39.49409],[-106.67823,39.49376],[-106.67805,39.49373],[-106.6779,39.49383],[-106.67823,39.49524],[-106.67818,39.49535],[-106.67806,39.49537],[-106.67779,39.49502],[-106.67753,39.49484],[-106.67723,39.49472],[-106.67591,39.4944],[-106.67521,39.49409],[-106.67477,39.49383],[-106.67418,39.4933],[-106.67415,39.49299],[-106.67422,39.49283],[-106.67457,39.49249],[-106.67493,39.49197],[-106.67564,39.49146],[-106.67604,39.49099],[-106.6765,39.49009],[-106.6766,39.48935],[-106.67642,39.48858],[-106.67599,39.48809],[-106.6756,39.48783],[-106.67493,39.48764],[-106.67422,39.48732],[-106.67405,39.48722],[-106.674,39.4871],[-106.67408,39.48703],[-106.67476,39.48687],[-106.67515,39.48663],[-106.67596,39.48657],[-106.67616,39.48646],[-106.67654,39.4858],[-106.67702,39.48401],[-106.67721,39.48364],[-106.67716,39.48355],[-106.67705,39.48355],[-106.67675,39.48393],[-106.67581,39.4848],[-106.67533,39.48519],[-106.6751,39.48526],[-106.67501,39.48522],[-106.67537,39.4847],[-106.67573,39.4836],[-106.67586,39.48288],[-106.6758,39.48271],[-106.67541,39.48243],[-106.67539,39.48215],[-106.67559,39.48145],[-106.67556,39.48123],[-106.67544,39.48115],[-106.67533,39.48123],[-106.67525,39.4816],[-106.67417,39.48288],[-106.67337,39.48359],[-106.67317,39.48358],[-106.6732,39.48341],[-106.67356,39.48279],[-106.67385,39.48174],[-106.67383,39.48153],[-106.67356,39.48082],[-106.67349,39.47979],[-106.67371,39.47838],[-106.67391,39.47765],[-106.67411,39.47731],[-106.67422,39.47722],[-106.67535,39.47707],[-106.67572,39.47695],[-106.67619,39.47632],[-106.67639,39.47588],[-106.67645,39.47453],[-106.67626,39.47377],[-106.67599,39.47313],[-106.67555,39.47254],[-106.67482,39.47202],[-106.67357,39.47154],[-106.67262,39.4711],[-106.67169,39.47058],[-106.67073,39.46994],[-106.66994,39.46974],[-106.66594,39.46957],[-106.66425,39.46976],[-106.66225,39.4701],[-106.66067,39.47024],[-106.65901,39.46998],[-106.65842,39.46995],[-106.65798,39.46981],[-106.65741,39.46991],[-106.6572,39.46983],[-106.65688,39.46946],[-106.65669,39.4694],[-106.65591,39.46948],[-106.65515,39.46984],[-106.65499,39.46983],[-106.65479,39.46969],[-106.65481,39.46939],[-106.65516,39.46913],[-106.65569,39.469],[-106.65614,39.46869],[-106.65635,39.46834],[-106.65632,39.46767],[-106.65651,39.46706],[-106.6568,39.46675],[-106.65739,39.46646],[-106.65741,39.46637],[-106.65728,39.46632],[-106.65655,39.46637],[-106.65619,39.46625],[-106.65602,39.46627],[-106.65579,39.4664],[-106.65539,39.46683],[-106.65504,39.46698],[-106.65481,39.46756],[-106.65468,39.4677],[-106.65365,39.46764],[-106.65326,39.46686],[-106.65264,39.4665],[-106.65275,39.4664],[-106.65305,39.46647],[-106.65364,39.46644],[-106.65383,39.46613],[-106.65382,39.4658],[-106.65364,39.46561],[-106.65317,39.46529],[-106.65287,39.46489],[-106.65286,39.46449],[-106.65312,39.46433],[-106.65323,39.46418],[-106.65314,39.46411],[-106.65237,39.46416],[-106.65208,39.46407],[-106.65205,39.46399],[-106.65256,39.46346],[-106.65262,39.46323],[-106.65284,39.46296],[-106.65322,39.4628],[-106.65334,39.46224],[-106.65408,39.46144],[-106.65466,39.46045],[-106.65496,39.46021],[-106.6553,39.46004],[-106.65552,39.46003],[-106.65607,39.4602],[-106.65705,39.46072],[-106.65785,39.46096],[-106.65809,39.46097],[-106.65903,39.46085],[-106.65958,39.46067],[-106.65972,39.46051],[-106.6598,39.46012],[-106.66029,39.45998],[-106.66167,39.45988],[-106.66207,39.45997],[-106.66312,39.46006],[-106.66355,39.46024],[-106.66383,39.46026],[-106.66472,39.45995],[-106.66719,39.46005],[-106.66778,39.45999],[-106.6688,39.45971],[-106.66883,39.4596],[-106.66877,39.45953],[-106.66778,39.45972],[-106.66643,39.45946],[-106.66599,39.45927],[-106.66551,39.45878],[-106.66505,39.45857],[-106.66473,39.45862],[-106.66422,39.45897],[-106.66398,39.45898],[-106.66288,39.45834],[-106.66273,39.45812],[-106.66267,39.45778],[-106.66252,39.45762],[-106.66224,39.45762],[-106.6616,39.458],[-106.66139,39.45799],[-106.66072,39.45716],[-106.66019,39.45693],[-106.65925,39.4567],[-106.65871,39.45622],[-106.65871,39.45605],[-106.6589,39.45592],[-106.65976,39.45604],[-106.66077,39.45599],[-106.66106,39.45591],[-106.66123,39.45579],[-106.66154,39.45531],[-106.66242,39.45458],[-106.66277,39.45439],[-106.66301,39.45437],[-106.66369,39.45459],[-106.6642,39.45463],[-106.66453,39.45451],[-106.66487,39.45412],[-106.6651,39.45396],[-106.66604,39.45386],[-106.66705,39.45364],[-106.66778,39.45365],[-106.66879,39.4538],[-106.66971,39.45382],[-106.67014,39.45393],[-106.67078,39.45392],[-106.67119,39.45406],[-106.67187,39.45448],[-106.6733,39.45493],[-106.6755,39.455],[-106.67619,39.4552],[-106.67795,39.45586],[-106.67877,39.45606],[-106.67924,39.45608],[-106.68067,39.45561],[-106.68263,39.45457],[-106.68374,39.45415],[-106.68582,39.45304],[-106.68622,39.45267],[-106.6866,39.45204],[-106.68657,39.45171],[-106.68637,39.45118],[-106.68579,39.45044],[-106.68536,39.45007],[-106.68429,39.44889],[-106.68366,39.44833],[-106.683,39.44738],[-106.68279,39.44729],[-106.68227,39.44729],[-106.68209,39.44718],[-106.68198,39.4467],[-106.68207,39.44629],[-106.68202,39.4461],[-106.68177,39.44553],[-106.68155,39.44526],[-106.68119,39.4445],[-106.68128,39.44431],[-106.68148,39.44425],[-106.68212,39.44459],[-106.68314,39.44488],[-106.68385,39.44496],[-106.68549,39.44499],[-106.68715,39.44537],[-106.68741,39.44551],[-106.68756,39.44575],[-106.68801,39.44612],[-106.68862,39.44634],[-106.68894,39.44634],[-106.68895,39.44614],[-106.68815,39.44548],[-106.68698,39.44402],[-106.6863,39.44293],[-106.68545,39.44195],[-106.68533,39.44168],[-106.6855,39.44152]]}},{"type":"Feature","properties":{"cls":"high4wd","name":"LEEMAN GULCH","ml":"2 - HIGH CLEARANCE VEHICLES","surf":"NAT - NATIVE MATERIAL","src":"usfs"},"geometry":{"type":"LineString","coordinates":[[-106.73683,39.46567],[-106.73687,39.46547],[-106.73675,39.4654],[-106.73587,39.46578],[-106.73527,39.46591],[-106.73478,39.46593],[-106.7346,39.46587],[-106.73389,39.46525],[-106.73383,39.46503],[-106.73385,39.46437],[-106.73397,39.46428],[-106.73411,39.4643],[-106.73465,39.46487],[-106.73503,39.46506],[-106.73533,39.46505],[-106.73646,39.46466],[-106.73737,39.46407],[-106.73762,39.4637],[-106.73826,39.46321]]}},{"type":"Feature","properties":{"cls":"high4wd","name":"TWIN MEADOWS","ml":"2 - HIGH CLEARANCE VEHICLES","surf":"NAT - NATIVE MATERIAL","src":"usfs"},"geometry":{"type":"LineString","coordinates":[[-106.65087,39.30269],[-106.65285,39.30311],[-106.65308,39.30307],[-106.65315,39.30298],[-106.65316,39.30272],[-106.65301,39.3022],[-106.65296,39.30173],[-106.65242,39.30061],[-106.65217,39.3003],[-106.65215,39.30014],[-106.65223,39.29965],[-106.65196,39.29928],[-106.65208,39.29915],[-106.65231,39.29918],[-106.65237,39.29926],[-106.65223,39.29965]]}},{"type":"Feature","properties":{"cls":"high4wd","name":"CHAPMAN CREEK","ml":"2 - HIGH CLEARANCE VEHICLES","surf":"AGG - CRUSHED AGGREGATE OR GRAVEL","src":"usfs"},"geometry":{"type":"LineString","coordinates":[[-106.63865,39.29472],[-106.63845,39.29457],[-106.63822,39.29422],[-106.63805,39.29355],[-106.63688,39.29199],[-106.63668,39.29164],[-106.63638,39.29094],[-106.63616,39.29001],[-106.63568,39.28858],[-106.63576,39.28619],[-106.63631,39.28504],[-106.63629,39.2848],[-106.63614,39.28445],[-106.63613,39.2838],[-106.6371,39.28086],[-106.63785,39.27977],[-106.63811,39.27849],[-106.63807,39.27769],[-106.63761,39.27617],[-106.63699,39.27512],[-106.63682,39.2747],[-106.63673,39.27399],[-106.63625,39.27269],[-106.63595,39.27221],[-106.63541,39.2716],[-106.63525,39.27062],[-106.63469,39.26977],[-106.63438,39.26945],[-106.6341,39.26892],[-106.63402,39.2682],[-106.63407,39.26707],[-106.63376,39.26591],[-106.63344,39.26546],[-106.63242,39.26468],[-106.63143,39.26405],[-106.63083,39.26351],[-106.63081,39.26337],[-106.63095,39.26302],[-106.63112,39.26226],[-106.63161,39.26215],[-106.63202,39.26213],[-106.63284,39.26237],[-106.63309,39.26251],[-106.63383,39.26304],[-106.63456,39.2637],[-106.63611,39.26532],[-106.63658,39.26564],[-106.6373,39.266],[-106.63773,39.26617],[-106.63826,39.26627],[-106.63873,39.26618],[-106.63909,39.26604]]}},{"type":"Feature","properties":{"cls":"car","name":"LENADO","ml":"3 - SUITABLE FOR PASSENGER CARS","surf":"AGG - CRUSHED AGGREGATE OR GRAVEL","src":"usfs"},"geometry":{"type":"LineString","coordinates":[[-106.76022,39.26805],[-106.75984,39.26822],[-106.75959,39.26825],[-106.75872,39.26814],[-106.75804,39.26794],[-106.75655,39.26734],[-106.75593,39.26703],[-106.75535,39.26739],[-106.75443,39.2677],[-106.75414,39.26767],[-106.75341,39.26743],[-106.75313,39.26746],[-106.75209,39.26777],[-106.75162,39.26775],[-106.75118,39.26785],[-106.75019,39.26759],[-106.75013,39.26746],[-106.75038,39.26711],[-106.75083,39.26611],[-106.75081,39.26589],[-106.75054,39.26508],[-106.75085,39.26443],[-106.75095,39.2638],[-106.75069,39.26302],[-106.75014,39.26254],[-106.75005,39.26213],[-106.7498,39.26185],[-106.74945,39.26165],[-106.74829,39.26118],[-106.748,39.26117],[-106.74728,39.26132],[-106.74675,39.26125],[-106.74541,39.2606],[-106.745,39.26072],[-106.74382,39.26079],[-106.74325,39.2606],[-106.74298,39.26059],[-106.74262,39.2608],[-106.74219,39.26081],[-106.74193,39.26104],[-106.74173,39.26106],[-106.74161,39.26094],[-106.74163,39.26046],[-106.74158,39.26038],[-106.74136,39.26035],[-106.74068,39.2605],[-106.74055,39.26046],[-106.7405,39.26036],[-106.74163,39.25907],[-106.7419,39.25846],[-106.74191,39.25818],[-106.74183,39.258],[-106.74167,39.25795],[-106.74102,39.25799],[-106.74076,39.25791],[-106.74061,39.25781],[-106.74039,39.25732],[-106.74005,39.25715],[-106.73992,39.25714],[-106.73973,39.25725],[-106.73946,39.25769],[-106.73911,39.25775],[-106.7382,39.25741],[-106.73768,39.25753],[-106.73719,39.25751],[-106.73616,39.25695],[-106.73582,39.25694],[-106.73567,39.25699],[-106.73532,39.25739],[-106.73499,39.25752],[-106.73428,39.25764],[-106.73384,39.25778],[-106.73347,39.25778],[-106.73224,39.25761],[-106.73193,39.25765],[-106.73017,39.25812],[-106.72958,39.25837],[-106.72857,39.25866],[-106.72833,39.25885],[-106.72819,39.2591],[-106.72831,39.25963],[-106.72817,39.25971],[-106.72757,39.2597],[-106.72681,39.25952],[-106.72639,39.25965],[-106.7262,39.25989],[-106.72581,39.26022],[-106.72576,39.26041],[-106.72555,39.26066],[-106.72514,39.26086],[-106.72442,39.261],[-106.72426,39.26118],[-106.72419,39.26155],[-106.72366,39.26187],[-106.72369,39.26274],[-106.72355,39.26325],[-106.72327,39.26364],[-106.72258,39.26433],[-106.72174,39.26456],[-106.72164,39.26464],[-106.72147,39.2651],[-106.72099,39.26552],[-106.72088,39.26556],[-106.72022,39.26553],[-106.72015,39.26558],[-106.72022,39.26586],[-106.72068,39.26658],[-106.72143,39.26815],[-106.72186,39.2684],[-106.7225,39.26908],[-106.7224,39.26922],[-106.7219,39.26934],[-106.72152,39.26952],[-106.72138,39.26968],[-106.72137,39.26979],[-106.7215,39.26982],[-106.72186,39.26972],[-106.72206,39.26973],[-106.7225,39.27009],[-106.7226,39.27036],[-106.72255,39.2707],[-106.72295,39.2709],[-106.72306,39.27104],[-106.72311,39.27148],[-106.72346,39.27221],[-106.72358,39.27237],[-106.72381,39.27249]]}},{"type":"Feature","properties":{"cls":"high4wd","name":"SOUTH FORK FRYINGPAN","ml":"2 - HIGH CLEARANCE VEHICLES","surf":"NAT - NATIVE MATERIAL","src":"usfs"},"geometry":{"type":"LineString","coordinates":[[-106.63875,39.29503],[-106.63932,39.29613],[-106.63934,39.29662],[-106.6392,39.29725],[-106.63887,39.29783],[-106.63858,39.29876],[-106.63751,39.29977],[-106.63698,39.2999],[-106.63528,39.29933],[-106.63438,39.29911],[-106.63411,39.29891],[-106.63384,39.2981],[-106.63334,39.29775],[-106.63256,39.29742],[-106.6322,39.29743],[-106.6307,39.29791],[-106.63049,39.29785],[-106.63004,39.29755],[-106.62966,39.2974],[-106.62852,39.29731],[-106.62823,39.29697],[-106.62739,39.29645],[-106.62633,39.2961],[-106.62585,39.29612],[-106.62572,39.29618],[-106.62538,39.29667],[-106.62517,39.29677],[-106.62393,39.29666],[-106.62354,39.29669],[-106.62316,39.29661],[-106.62265,39.29637],[-106.62188,39.29613],[-106.62079,39.29543],[-106.62017,39.29516],[-106.61968,39.29471],[-106.61956,39.2947],[-106.61928,39.29494],[-106.61901,39.29489],[-106.61871,39.29465],[-106.61764,39.29336],[-106.61702,39.29317],[-106.61696,39.29281],[-106.61726,39.29224],[-106.61719,39.29102],[-106.61696,39.28986],[-106.61672,39.28938],[-106.61673,39.28864],[-106.61651,39.28773],[-106.6158,39.28722],[-106.6152,39.28693],[-106.61491,39.28654],[-106.6144,39.28613],[-106.61421,39.28589],[-106.61406,39.28556],[-106.61415,39.28457],[-106.6139,39.28399],[-106.61404,39.28334],[-106.61389,39.28296],[-106.61388,39.28269],[-106.61397,39.28251],[-106.61475,39.28217],[-106.61498,39.28198],[-106.61499,39.28179],[-106.61477,39.28133],[-106.61481,39.28073],[-106.61368,39.27919],[-106.61343,39.27862],[-106.61266,39.27802],[-106.61252,39.27775],[-106.6122,39.2774],[-106.612,39.27697],[-106.61159,39.27662],[-106.61088,39.27624],[-106.61011,39.27566],[-106.60937,39.2741],[-106.60878,39.27346],[-106.60877,39.27298],[-106.60846,39.27281],[-106.60771,39.27269],[-106.60748,39.27253],[-106.60737,39.27232],[-106.60734,39.27211],[-106.60712,39.27174],[-106.60688,39.27148],[-106.60653,39.27133],[-106.60618,39.27097],[-106.60601,39.27043],[-106.60578,39.27002],[-106.60461,39.26898],[-106.60416,39.26871],[-106.60401,39.26825],[-106.60347,39.26759],[-106.60335,39.26708],[-106.60298,39.26654],[-106.60264,39.26629],[-106.60099,39.2658],[-106.60082,39.26568],[-106.60066,39.26548],[-106.60032,39.26477],[-106.59981,39.26432],[-106.59959,39.26361],[-106.59965,39.26331],[-106.5999,39.26274],[-106.59997,39.26232],[-106.59995,39.26185],[-106.59953,39.26096],[-106.59918,39.26046],[-106.59896,39.25987],[-106.5989,39.25942],[-106.59858,39.25842],[-106.59804,39.25746],[-106.59765,39.25654],[-106.59694,39.25584],[-106.59635,39.25554],[-106.59616,39.2549],[-106.59594,39.25453],[-106.59581,39.25396],[-106.59566,39.25377],[-106.59535,39.25361],[-106.59524,39.25346],[-106.59506,39.2526],[-106.59508,39.25223],[-106.59496,39.25201],[-106.59488,39.25144],[-106.59493,39.25105],[-106.5945,39.25034],[-106.5944,39.24991],[-106.59433,39.24928],[-106.59446,39.24858],[-106.59445,39.24825],[-106.59433,39.24802],[-106.59371,39.2456],[-106.59377,39.24542],[-106.59406,39.24506],[-106.59421,39.24464],[-106.59446,39.24419],[-106.59449,39.24394],[-106.59442,39.24375],[-106.59414,39.24349],[-106.59403,39.24324],[-106.59396,39.24273],[-106.59395,39.24171],[-106.59356,39.24109],[-106.59336,39.24049],[-106.59297,39.23973],[-106.59281,39.23957],[-106.59235,39.23937],[-106.59181,39.23922],[-106.59134,39.23918],[-106.59085,39.23924],[-106.59036,39.23905],[-106.5901,39.23868],[-106.58992,39.23778],[-106.59008,39.23756],[-106.59026,39.23749]]}},{"type":"Feature","properties":{"cls":"car","name":"CHAPMAN SPUR A","ml":"5 - HIGH DEGREE OF USER COMFORT","surf":"AGG - CRUSHED AGGREGATE OR GRAVEL","src":"usfs"},"geometry":{"type":"LineString","coordinates":[[-106.64261,39.31825],[-106.64218,39.31802],[-106.64148,39.3173],[-106.64106,39.31701]]}},{"type":"Feature","properties":{"cls":"high4wd","name":"MILLER","ml":"2 - HIGH CLEARANCE VEHICLES","surf":"NAT - NATIVE MATERIAL","src":"usfs"},"geometry":{"type":"LineString","coordinates":[[-106.73838,39.36045],[-106.7381,39.36018],[-106.73805,39.36006],[-106.73817,39.35995],[-106.73862,39.35987],[-106.73874,39.35975],[-106.73882,39.35948],[-106.73874,39.35919],[-106.73843,39.35879],[-106.73803,39.35803],[-106.7381,39.3579],[-106.73844,39.35796]]}},{"type":"Feature","properties":{"cls":"high4wd","name":"LIME CREEK CANYON EASTSIDE","ml":"2 - HIGH CLEARANCE VEHICLES","surf":"NAT - NATIVE MATERIAL","src":"usfs"},"geometry":{"type":"LineString","coordinates":[[-106.65177,39.41028],[-106.65178,39.41007],[-106.65199,39.40961],[-106.65201,39.40895],[-106.65223,39.40851],[-106.65323,39.4082],[-106.65423,39.40754]]}},{"type":"Feature","properties":{"cls":"car","name":"EAST BRUSH CREEK","ml":"3 - SUITABLE FOR PASSENGER CARS","surf":"NAT - NATIVE MATERIAL","src":"usfs"},"geometry":{"type":"LineString","coordinates":[[-106.67749,39.5047],[-106.6764,39.50429],[-106.67444,39.50382],[-106.67297,39.5033],[-106.67217,39.50276],[-106.67195,39.50278],[-106.67147,39.50265],[-106.6705,39.50225],[-106.66973,39.5022],[-106.66945,39.5021],[-106.66917,39.50181],[-106.66862,39.50142],[-106.66869,39.50119],[-106.66827,39.50071],[-106.66819,39.50029],[-106.66811,39.50017],[-106.66623,39.49951],[-106.66607,39.49938],[-106.66592,39.49912],[-106.66559,39.49891],[-106.66428,39.4977],[-106.66372,39.49737],[-106.66335,39.49695],[-106.66281,39.49668],[-106.66272,39.49647],[-106.6623,39.49616],[-106.66207,39.49564],[-106.6617,39.49532],[-106.6616,39.49496],[-106.66135,39.49463],[-106.66114,39.49453],[-106.66077,39.49446],[-106.66045,39.49422],[-106.66046,39.4939],[-106.66011,39.49339],[-106.65958,39.49297],[-106.65946,39.49271],[-106.65944,39.49246],[-106.6593,39.49228],[-106.6589,39.4922],[-106.65817,39.49226],[-106.6575,39.4921],[-106.65739,39.49166],[-106.65743,39.49155],[-106.65766,39.49139],[-106.65811,39.49134],[-106.65823,39.4912],[-106.6583,39.49079],[-106.65828,39.49059],[-106.65816,39.49039]]}},{"type":"Feature","properties":{"cls":"car","name":"ROCKY FORK DU-NE FROM BRIDGE","ml":"3 - SUITABLE FOR PASSENGER CARS","surf":"AGG - CRUSHED AGGREGATE OR GRAVEL","src":"usfs"},"geometry":{"type":"LineString","coordinates":[[-106.83145,39.36308],[-106.83094,39.36276],[-106.83021,39.36278],[-106.82986,39.36292],[-106.82948,39.36323],[-106.82923,39.36376],[-106.82871,39.36425],[-106.82755,39.365],[-106.82579,39.36566],[-106.82487,39.36571],[-106.8243,39.3656],[-106.82401,39.36544],[-106.82284,39.36428],[-106.82219,39.36339],[-106.82131,39.36292],[-106.82161,39.36258],[-106.82107,39.36207]]}},{"type":"Feature","properties":{"cls":"high4wd","name":"MIDDLE CUNNINGHAM","ml":"2 - HIGH CLEARANCE VEHICLES","surf":"NAT - NATIVE MATERIAL","src":"usfs"},"geometry":{"type":"LineString","coordinates":[[-106.58986,39.34877],[-106.58872,39.3485],[-106.58811,39.34828],[-106.5874,39.34769],[-106.58685,39.34737],[-106.58679,39.34705],[-106.58691,39.34681],[-106.58728,39.3464],[-106.58812,39.34573],[-106.58826,39.34554],[-106.58862,39.34386],[-106.58887,39.34342],[-106.58933,39.34299],[-106.58999,39.34292],[-106.5905,39.34275],[-106.59098,39.34236],[-106.59105,39.34215],[-106.59022,39.34104],[-106.58963,39.33996],[-106.5896,39.33958],[-106.5895,39.33933],[-106.589,39.33867],[-106.58767,39.33782],[-106.58724,39.33734],[-106.58641,39.33676],[-106.58516,39.33543],[-106.58458,39.33491],[-106.58355,39.33421],[-106.58303,39.33396],[-106.58135,39.3335],[-106.58026,39.33379],[-106.57995,39.33381],[-106.57964,39.3337],[-106.57923,39.33333],[-106.5789,39.33332],[-106.57831,39.33352],[-106.57757,39.33405],[-106.57634,39.33431],[-106.57522,39.33474],[-106.57484,39.33466],[-106.57402,39.33473],[-106.5714,39.33522],[-106.57012,39.33569],[-106.56771,39.33592],[-106.56475,39.33548],[-106.56332,39.3351],[-106.56208,39.33447],[-106.55954,39.33429],[-106.55692,39.33391],[-106.55461,39.33394],[-106.55337,39.33352],[-106.55299,39.33354],[-106.55238,39.33371],[-106.55151,39.33415],[-106.55123,39.3342],[-106.54941,39.33432],[-106.54952,39.33403]]}},{"type":"Feature","properties":{"cls":"high4wd","name":"FREEMAN ROAD","ml":"2 - HIGH CLEARANCE VEHICLES","surf":"NAT - NATIVE MATERIAL","src":"usfs"},"geometry":{"type":"LineString","coordinates":[[-106.77541,39.36323],[-106.77526,39.36357],[-106.77525,39.36506],[-106.77495,39.36582],[-106.77487,39.36662],[-106.7747,39.36696],[-106.7744,39.36726],[-106.77462,39.36785],[-106.77457,39.36807],[-106.77405,39.36843],[-106.77317,39.3694],[-106.77304,39.36994],[-106.77274,39.37032],[-106.77247,39.37111],[-106.77248,39.37127],[-106.77261,39.37147],[-106.77258,39.37273],[-106.77217,39.37396],[-106.77203,39.37419],[-106.77128,39.37503],[-106.77106,39.37585],[-106.77043,39.37675],[-106.77036,39.37696]]}},{"type":"Feature","properties":{"cls":"high4wd","name":"POWERLINE-CUNNINGHAM","ml":"2 - HIGH CLEARANCE VEHICLES","surf":"NAT - NATIVE MATERIAL","src":"usfs"},"geometry":{"type":"LineString","coordinates":[[-106.59616,39.3313],[-106.5957,39.33122],[-106.59507,39.33085],[-106.59428,39.33062],[-106.59258,39.3299],[-106.59121,39.32956],[-106.58826,39.32921],[-106.58774,39.32901],[-106.58756,39.32909],[-106.58714,39.32911],[-106.58591,39.32886],[-106.58559,39.32891],[-106.58551,39.32909],[-106.58542,39.32915],[-106.58464,39.32918],[-106.58358,39.32885],[-106.58309,39.32886],[-106.58265,39.32869],[-106.58172,39.32859],[-106.58135,39.32844],[-106.5812,39.32845],[-106.58055,39.32877],[-106.57866,39.32885],[-106.57761,39.32899],[-106.57701,39.32911],[-106.57618,39.32943],[-106.57588,39.32949],[-106.57353,39.32958],[-106.57338,39.3295],[-106.5732,39.32916],[-106.57297,39.32902],[-106.57202,39.32895],[-106.57077,39.3287],[-106.56958,39.32879],[-106.56848,39.32848],[-106.56816,39.32826],[-106.56771,39.32781],[-106.56682,39.32707],[-106.5663,39.32678],[-106.56606,39.32672],[-106.56529,39.32679],[-106.56452,39.32715],[-106.56413,39.32726],[-106.56332,39.32723],[-106.56235,39.32733],[-106.56118,39.32691],[-106.55944,39.32651],[-106.55906,39.32637],[-106.55871,39.32595],[-106.55802,39.32569],[-106.55682,39.32559],[-106.55663,39.32549],[-106.55644,39.32523],[-106.55607,39.32511],[-106.55514,39.32485],[-106.55429,39.32472],[-106.55252,39.32423],[-106.55071,39.32363],[-106.54964,39.32337],[-106.54845,39.32272],[-106.54811,39.32245],[-106.54753,39.32229],[-106.54689,39.32198],[-106.54642,39.32155],[-106.5449,39.3207],[-106.54498,39.32008],[-106.54514,39.31973],[-106.5451,39.31948],[-106.54496,39.31928],[-106.54384,39.31852],[-106.54325,39.3176],[-106.54228,39.31695],[-106.54174,39.31641],[-106.5413,39.31617],[-106.54098,39.31613],[-106.54028,39.3167],[-106.54028,39.31727],[-106.54027,39.31734],[-106.54017,39.31735],[-106.53992,39.31715],[-106.5388,39.31661],[-106.53801,39.31598],[-106.5378,39.31537],[-106.53801,39.31478],[-106.53795,39.31412],[-106.53808,39.31384],[-106.53826,39.31376],[-106.53902,39.31387],[-106.53937,39.31385],[-106.53959,39.31377],[-106.53932,39.313],[-106.53937,39.31278],[-106.53913,39.31163],[-106.53901,39.31154],[-106.53817,39.31158],[-106.53781,39.31139],[-106.53776,39.31104],[-106.53791,39.31071],[-106.53788,39.31059],[-106.53768,39.31052],[-106.53765,39.31042],[-106.53772,39.31032],[-106.53808,39.3102],[-106.5381,39.31013],[-106.5371,39.30971],[-106.53704,39.30962],[-106.5376,39.30928],[-106.53716,39.30926],[-106.53648,39.3091],[-106.53552,39.30915],[-106.53532,39.30904],[-106.53523,39.30886],[-106.53524,39.30874],[-106.53542,39.30862],[-106.53668,39.3084],[-106.53707,39.30814],[-106.53718,39.30794],[-106.53717,39.30695],[-106.53741,39.30642],[-106.53745,39.30613],[-106.53768,39.30567],[-106.53762,39.3052],[-106.53713,39.30431],[-106.53689,39.30368],[-106.53701,39.30274],[-106.53696,39.3021],[-106.53688,39.30159],[-106.53654,39.30067],[-106.53648,39.30037],[-106.53625,39.29998],[-106.53616,39.2992],[-106.53627,39.2989],[-106.53616,39.29882],[-106.53559,39.29894],[-106.53519,39.29893],[-106.53521,39.29877],[-106.5354,39.29856],[-106.5354,39.29824],[-106.53538,39.29814],[-106.53519,39.29793],[-106.53341,39.29742],[-106.53316,39.29721],[-106.53246,39.29707],[-106.53193,39.29677],[-106.53158,39.29629],[-106.53077,39.29571],[-106.53039,39.29518],[-106.53001,39.29482],[-106.52991,39.29457],[-106.5295,39.29405],[-106.52878,39.29339],[-106.52856,39.29301],[-106.52823,39.29273],[-106.52779,39.2922],[-106.5279,39.29216]]}},{"type":"Feature","properties":{"cls":"car","name":"YECKEL","ml":"3 - SUITABLE FOR PASSENGER CARS","surf":"NAT - NATIVE MATERIAL","src":"usfs"},"geometry":{"type":"LineString","coordinates":[[-106.76492,39.28154],[-106.76436,39.28164],[-106.76396,39.28154],[-106.76175,39.28012],[-106.76059,39.27952],[-106.75985,39.27899],[-106.75913,39.27834],[-106.75717,39.27706],[-106.75656,39.2768],[-106.75627,39.27654],[-106.75555,39.27613],[-106.75431,39.27572],[-106.75403,39.2758],[-106.75377,39.276],[-106.75344,39.27607],[-106.75337,39.27635],[-106.75309,39.27637],[-106.75281,39.27627],[-106.75227,39.27581],[-106.75207,39.27572],[-106.75136,39.27573],[-106.75099,39.27561],[-106.75069,39.27567],[-106.74912,39.27562],[-106.74871,39.27532],[-106.74813,39.27536],[-106.74781,39.27522],[-106.74752,39.27521],[-106.74722,39.27532],[-106.74684,39.27584],[-106.74634,39.27612],[-106.74627,39.27688],[-106.74613,39.27702],[-106.74581,39.27683],[-106.74551,39.27632],[-106.74496,39.27576],[-106.74405,39.27555],[-106.74354,39.27524],[-106.74279,39.27502],[-106.74198,39.27489],[-106.74016,39.27472],[-106.73912,39.27443],[-106.73853,39.27477],[-106.73792,39.27484],[-106.73683,39.27526],[-106.73637,39.27519],[-106.73605,39.27527],[-106.73545,39.27496],[-106.73453,39.27508],[-106.73369,39.27509],[-106.73313,39.2749],[-106.73249,39.27489],[-106.7316,39.27512],[-106.73121,39.27551],[-106.7308,39.27557],[-106.73036,39.2754],[-106.72997,39.27517],[-106.72893,39.27425],[-106.7283,39.27384],[-106.72755,39.27291],[-106.72675,39.27248],[-106.72639,39.27237],[-106.726,39.27236],[-106.72438,39.27248],[-106.72327,39.27248],[-106.72122,39.27294],[-106.71988,39.27381],[-106.71864,39.27418],[-106.7179,39.2748],[-106.71738,39.27512],[-106.71653,39.27538],[-106.71596,39.27531],[-106.7154,39.27533],[-106.71517,39.27546],[-106.71481,39.27584],[-106.71481,39.27593],[-106.71499,39.27623],[-106.71501,39.2765],[-106.71448,39.27744],[-106.71447,39.27778],[-106.71436,39.27809],[-106.71479,39.2786],[-106.7153,39.27891],[-106.71544,39.27908],[-106.71587,39.27927],[-106.71674,39.27936],[-106.71694,39.27946],[-106.71659,39.27948],[-106.7156,39.2797],[-106.71547,39.27975],[-106.71549,39.27982],[-106.71685,39.27997],[-106.7181,39.28031],[-106.71846,39.28052],[-106.71861,39.28077],[-106.71859,39.28127],[-106.71792,39.28193],[-106.71779,39.28191],[-106.71783,39.28163],[-106.7177,39.2813],[-106.71696,39.28116],[-106.71644,39.28124],[-106.71535,39.28155],[-106.71523,39.28187],[-106.71511,39.28197],[-106.71361,39.28204],[-106.71303,39.28184],[-106.7125,39.28185],[-106.71162,39.28176],[-106.71146,39.28165],[-106.71128,39.28162],[-106.71092,39.28189],[-106.71016,39.2822],[-106.70964,39.28231],[-106.70892,39.28267],[-106.70807,39.28291],[-106.70769,39.28292],[-106.70747,39.28302],[-106.70716,39.28304],[-106.70714,39.28311],[-106.70728,39.28324],[-106.70723,39.28328],[-106.70629,39.28348],[-106.70599,39.28342],[-106.70546,39.28346],[-106.70478,39.28423],[-106.70448,39.28434],[-106.70417,39.28462],[-106.70417,39.28483],[-106.70407,39.2849],[-106.70357,39.28508],[-106.70275,39.28526],[-106.70251,39.28544],[-106.70222,39.28554],[-106.7011,39.28579],[-106.70096,39.28591],[-106.70085,39.28612],[-106.70093,39.28628],[-106.70094,39.28655],[-106.70115,39.28668],[-106.70123,39.28682],[-106.70107,39.2872],[-106.70079,39.28725],[-106.70031,39.287],[-106.69955,39.28677],[-106.69931,39.28651],[-106.69928,39.28641],[-106.69937,39.28632]]}},{"type":"Feature","properties":{"cls":"car","name":"CHAPMAN DAY USE PARKING","ml":"5 - HIGH DEGREE OF USER COMFORT","surf":"AGG - CRUSHED AGGREGATE OR GRAVEL","src":"usfs"},"geometry":{"type":"LineString","coordinates":[[-106.64342,39.31091],[-106.64389,39.31097],[-106.64441,39.31128],[-106.64447,39.31142],[-106.64428,39.31163]]}},{"type":"Feature","properties":{"cls":"car","name":"RUEDI BOAT RAMP","ml":"5 - HIGH DEGREE OF USER COMFORT","surf":"AC - ASPHALT","src":"usfs"},"geometry":{"type":"LineString","coordinates":[[-106.81582,39.37568],[-106.81516,39.37424],[-106.81398,39.37244],[-106.81353,39.37161],[-106.8131,39.37114]]}},{"type":"Feature","properties":{"cls":"car","name":"LITTLE DEADMAN","ml":"3 - SUITABLE FOR PASSENGER CARS","surf":"NAT - NATIVE MATERIAL","src":"usfs"},"geometry":{"type":"LineString","coordinates":[[-106.69297,39.35329],[-106.69317,39.35316],[-106.69348,39.35333],[-106.69404,39.35341],[-106.69463,39.35365],[-106.69534,39.3542],[-106.69538,39.35443],[-106.69544,39.35447],[-106.69562,39.35429],[-106.69608,39.35409],[-106.69645,39.35408],[-106.69665,39.35381],[-106.6968,39.35378],[-106.69725,39.35389],[-106.69772,39.35381],[-106.6984,39.3541],[-106.69875,39.35411],[-106.69915,39.35397],[-106.69975,39.3536],[-106.69974,39.35325],[-106.69994,39.35288],[-106.70025,39.35273],[-106.70061,39.35277],[-106.70079,39.35267],[-106.7011,39.35261],[-106.70161,39.35234],[-106.70176,39.35213],[-106.70316,39.35128],[-106.70355,39.35065],[-106.7035,39.35033],[-106.70355,39.35024],[-106.70383,39.35015],[-106.704,39.34999],[-106.70529,39.34981],[-106.70604,39.34953],[-106.70665,39.34891],[-106.7072,39.34847],[-106.70733,39.34815],[-106.70747,39.348],[-106.70767,39.34788],[-106.70812,39.3478],[-106.70844,39.34766],[-106.70873,39.34744],[-106.70878,39.34718]]}},{"type":"Feature","properties":{"cls":"car","name":"ROCKY FORK DU-SE FROM BRIDGE","ml":"3 - SUITABLE FOR PASSENGER CARS","surf":"NAT - NATIVE MATERIAL","src":"usfs"},"geometry":{"type":"LineString","coordinates":[[-106.82986,39.36292],[-106.82954,39.36261],[-106.82875,39.36297],[-106.82848,39.36319],[-106.8279,39.36402],[-106.82759,39.36433],[-106.8264,39.36488],[-106.82597,39.36522],[-106.82583,39.36521],[-106.82542,39.36491],[-106.8244,39.36473],[-106.82382,39.36399],[-106.82276,39.36234],[-106.82225,39.36179],[-106.82112,39.36097],[-106.82066,39.36031],[-106.8201,39.35947],[-106.81992,39.35896],[-106.81964,39.35851],[-106.81955,39.35824],[-106.81957,39.35785],[-106.81908,39.35703],[-106.81898,39.3567],[-106.81902,39.35636],[-106.81914,39.35621],[-106.81929,39.35624],[-106.81934,39.35637],[-106.81927,39.35652],[-106.819,39.35663]]}},{"type":"Feature","properties":{"cls":"high4wd","name":"DEARHAMMER CG","ml":"2 - HIGH CLEARANCE VEHICLES","surf":"AGG - CRUSHED AGGREGATE OR GRAVEL","src":"usfs"},"geometry":{"type":"LineString","coordinates":[[-106.73714,39.36104],[-106.73786,39.36101],[-106.73833,39.36091],[-106.73868,39.36095],[-106.73917,39.36115],[-106.73929,39.36112],[-106.73937,39.36098],[-106.73934,39.36092],[-106.73908,39.36082],[-106.73857,39.36074],[-106.73827,39.3608],[-106.73816,39.36092]]}},{"type":"Feature","properties":{"cls":"car","name":"HELL GATE","ml":"3 - SUITABLE FOR PASSENGER CARS","surf":"AGG - CRUSHED AGGREGATE OR GRAVEL","src":"usfs"},"geometry":{"type":"LineString","coordinates":[[-106.58727,39.29877],[-106.58683,39.29886],[-106.5866,39.29884],[-106.58592,39.2985],[-106.58528,39.29853],[-106.58487,39.29848],[-106.58395,39.29803],[-106.58311,39.29784],[-106.58272,39.29764],[-106.58198,39.29698],[-106.58175,39.29668],[-106.58181,39.29626],[-106.58224,39.29533],[-106.58225,39.2952],[-106.58215,39.29496],[-106.58185,39.29473],[-106.5817,39.29436],[-106.58153,39.2942],[-106.58095,39.29409],[-106.58061,39.29375],[-106.58004,39.29354],[-106.57957,39.29311],[-106.57921,39.29303],[-106.57753,39.29329],[-106.57649,39.29318],[-106.57547,39.29338],[-106.57433,39.29336],[-106.57376,39.29316],[-106.57305,39.29279],[-106.57298,39.29255],[-106.57315,39.29215],[-106.57315,39.29203],[-106.57301,39.29182],[-106.57265,39.29167],[-106.57221,39.2916],[-106.57176,39.29164],[-106.56972,39.29204],[-106.56913,39.29205],[-106.56865,39.29172],[-106.56809,39.29105],[-106.56725,39.29083],[-106.56574,39.29017],[-106.56489,39.28995],[-106.56419,39.28968],[-106.56381,39.28947],[-106.56303,39.28878],[-106.56142,39.28819],[-106.56101,39.28785],[-106.56065,39.28738],[-106.55964,39.28711],[-106.55922,39.28622]]}},{"type":"Feature","properties":{"cls":"car","name":"LITTLE MATTIE CAMPGROUND","ml":"3 - SUITABLE FOR PASSENGER CARS","surf":"AGG - CRUSHED AGGREGATE OR GRAVEL","src":"usfs"},"geometry":{"type":"LineString","coordinates":[[-106.80783,39.3754],[-106.80749,39.37564],[-106.80713,39.37634],[-106.80706,39.37669],[-106.80696,39.37685],[-106.8062,39.37756],[-106.8063,39.37827],[-106.8061,39.37836],[-106.80597,39.37827]]}},{"type":"Feature","properties":{"cls":"high4wd","name":"MILLER","ml":"2 - HIGH CLEARANCE VEHICLES","surf":"NAT - NATIVE MATERIAL","src":"usfs"},"geometry":{"type":"LineString","coordinates":[[-106.73659,39.36122],[-106.73722,39.36101],[-106.7383,39.36054],[-106.73838,39.36045]]}},{"type":"Feature","properties":{"cls":"car","name":"CHAPMAN LOOP E","ml":"3 - SUITABLE FOR PASSENGER CARS","surf":"AGG - CRUSHED AGGREGATE OR GRAVEL","src":"usfs"},"geometry":{"type":"LineString","coordinates":[[-106.64106,39.31551],[-106.64099,39.31514],[-106.64128,39.31501],[-106.64141,39.31483],[-106.64137,39.31462],[-106.64118,39.31445],[-106.64066,39.31458],[-106.64026,39.31481],[-106.63995,39.31508],[-106.63995,39.31532]]}},{"type":"Feature","properties":{"cls":"high4wd","name":"BLACK BESS","ml":"2 - HIGH CLEARANCE VEHICLES","surf":"NAT - NATIVE MATERIAL","src":"usfs"},"geometry":{"type":"LineString","coordinates":[[-106.73838,39.36045],[-106.74005,39.36061],[-106.74053,39.36059],[-106.74226,39.35985],[-106.74291,39.35971],[-106.74377,39.35964],[-106.74398,39.35944],[-106.74415,39.35949],[-106.74414,39.35957],[-106.74405,39.35963],[-106.74377,39.35964]]}},{"type":"Feature","properties":{"cls":"car","name":"CHAPMAN CAMPGROUND","ml":"3 - SUITABLE FOR PASSENGER CARS","surf":"AGG - CRUSHED AGGREGATE OR GRAVEL","src":"usfs"},"geometry":{"type":"LineString","coordinates":[[-106.64465,39.32071],[-106.6445,39.32055],[-106.64384,39.32021],[-106.64356,39.31962],[-106.64313,39.31935],[-106.64266,39.3188],[-106.6426,39.31785],[-106.64229,39.31733],[-106.64199,39.31662],[-106.64203,39.31641],[-106.64285,39.31578],[-106.64299,39.31561],[-106.64318,39.31502],[-106.64381,39.31421],[-106.64406,39.31346],[-106.64392,39.31242],[-106.64325,39.31041],[-106.64291,39.30994],[-106.64227,39.30976],[-106.6422,39.30962],[-106.64212,39.30908],[-106.64196,39.30892],[-106.64162,39.30874]]}},{"type":"Feature","properties":{"cls":"car","name":"CHAPMAN LOOP D","ml":"5 - HIGH DEGREE OF USER COMFORT","surf":"AGG - CRUSHED AGGREGATE OR GRAVEL","src":"usfs"},"geometry":{"type":"LineString","coordinates":[[-106.64245,39.31609],[-106.64296,39.31611],[-106.64315,39.31604],[-106.64335,39.31575],[-106.64336,39.31554],[-106.64327,39.31541],[-106.64307,39.31541]]}},{"type":"Feature","properties":{"cls":"high4wd","name":"BURNT MOUNTAIN","ml":"2 - HIGH CLEARANCE VEHICLES","surf":"NAT - NATIVE MATERIAL","src":"usfs"},"geometry":{"type":"LineString","coordinates":[[-106.62186,39.34433],[-106.62204,39.34448],[-106.62361,39.34476],[-106.62413,39.34496],[-106.62497,39.345],[-106.6257,39.34516],[-106.62771,39.3453],[-106.62922,39.34522],[-106.62998,39.3454],[-106.63003,39.34555],[-106.62948,39.34562],[-106.62885,39.34581],[-106.6285,39.34597],[-106.62848,39.34611],[-106.63098,39.3461],[-106.63119,39.34615],[-106.63132,39.3463],[-106.63126,39.34661],[-106.63077,39.34706],[-106.63066,39.34711],[-106.63022,39.34704],[-106.62958,39.34735],[-106.6296,39.34773],[-106.62938,39.34817],[-106.62942,39.34832],[-106.62954,39.34841],[-106.6296,39.34867],[-106.62961,39.34941],[-106.62933,39.35002],[-106.62929,39.35018],[-106.62938,39.3506],[-106.62913,39.3508],[-106.62898,39.35104],[-106.62913,39.3512],[-106.62969,39.35144],[-106.62985,39.35168],[-106.6299,39.35219],[-106.6306,39.3528],[-106.63091,39.35336],[-106.63151,39.35412],[-106.63147,39.35452],[-106.63135,39.35451],[-106.63124,39.35417],[-106.63111,39.35406],[-106.6306,39.35382],[-106.62999,39.3534],[-106.62913,39.35306],[-106.62839,39.35294],[-106.62752,39.353],[-106.62647,39.35292],[-106.62542,39.35293],[-106.62527,39.35301],[-106.62532,39.35315],[-106.62545,39.35323],[-106.6273,39.35389],[-106.62792,39.35432],[-106.62828,39.35466],[-106.62868,39.35547],[-106.62898,39.35683],[-106.62915,39.35701],[-106.63041,39.35739],[-106.63139,39.3582],[-106.63169,39.35829],[-106.63232,39.35835],[-106.63317,39.3587],[-106.63343,39.35893],[-106.63362,39.359],[-106.63444,39.35911],[-106.63505,39.35929],[-106.63534,39.35949],[-106.63567,39.35987],[-106.63605,39.36004],[-106.63647,39.36007],[-106.63873,39.35994],[-106.63955,39.36019],[-106.64043,39.36068],[-106.64117,39.36082],[-106.6417,39.36077],[-106.64211,39.36065],[-106.64257,39.36036],[-106.64276,39.36006],[-106.64275,39.35995],[-106.6425,39.35965],[-106.64254,39.35949],[-106.64309,39.36007],[-106.64314,39.36042],[-106.64256,39.36119],[-106.64203,39.36155],[-106.63957,39.36202],[-106.63911,39.362],[-106.63858,39.36216],[-106.63797,39.36256],[-106.63743,39.36268],[-106.63574,39.3628],[-106.63552,39.36293],[-106.6352,39.36348],[-106.63502,39.36367],[-106.63475,39.36381],[-106.63397,39.36397],[-106.63329,39.36397],[-106.63247,39.36412],[-106.63214,39.36432],[-106.63193,39.36472],[-106.63226,39.36497],[-106.63278,39.36519],[-106.63327,39.36531],[-106.63506,39.36537],[-106.63537,39.36532],[-106.63576,39.36513],[-106.63635,39.3653],[-106.63755,39.36549],[-106.63796,39.36576],[-106.63807,39.36595],[-106.63798,39.36618],[-106.63776,39.36639],[-106.63781,39.36661],[-106.63809,39.3668],[-106.63896,39.3671],[-106.64045,39.36708],[-106.64113,39.36679],[-106.64153,39.36653],[-106.64338,39.3667],[-106.64381,39.36667],[-106.64424,39.36656],[-106.64548,39.36704],[-106.64574,39.36731],[-106.64615,39.36784],[-106.64624,39.36812],[-106.64655,39.36835],[-106.64658,39.3692],[-106.64686,39.36994],[-106.6479,39.37151],[-106.64792,39.37164],[-106.6456,39.37157],[-106.64476,39.37148],[-106.64439,39.37153],[-106.64332,39.37152],[-106.64233,39.37184],[-106.64131,39.37179],[-106.6411,39.3719],[-106.64113,39.37201],[-106.64185,39.37271],[-106.64295,39.37325],[-106.64358,39.37376],[-106.6447,39.37441],[-106.64521,39.3749],[-106.6453,39.37534],[-106.64488,39.37656],[-106.64474,39.37727],[-106.64452,39.37765],[-106.6442,39.37794],[-106.64406,39.37816],[-106.64409,39.3783],[-106.64435,39.37858],[-106.64451,39.37913],[-106.64468,39.37928],[-106.6461,39.37971],[-106.64626,39.37974],[-106.64687,39.37956],[-106.6473,39.37952],[-106.64757,39.37957],[-106.64806,39.37981],[-106.64827,39.37983],[-106.64898,39.37962],[-106.64931,39.37941],[-106.64982,39.37855],[-106.65022,39.37813],[-106.65039,39.37807],[-106.65119,39.37802],[-106.65154,39.37812],[-106.65168,39.37832],[-106.65151,39.37898],[-106.65164,39.37969],[-106.65195,39.38041],[-106.65215,39.38072],[-106.65283,39.38143],[-106.65302,39.3819],[-106.65325,39.38311],[-106.65327,39.3836],[-106.65281,39.38427],[-106.65289,39.38505],[-106.65367,39.38577],[-106.65379,39.38605],[-106.65389,39.38658],[-106.6532,39.38915],[-106.65305,39.38947],[-106.65244,39.39013],[-106.65216,39.39023],[-106.65154,39.39032],[-106.65142,39.39049],[-106.65158,39.39069],[-106.65245,39.39112],[-106.65276,39.39135],[-106.65291,39.39161],[-106.65292,39.39196],[-106.65273,39.39253],[-106.65271,39.39282],[-106.65296,39.39334],[-106.65289,39.39364],[-106.65294,39.39387],[-106.65347,39.39467],[-106.65353,39.3949],[-106.65358,39.39549],[-106.65357,39.39594],[-106.65345,39.39647],[-106.6535,39.39681],[-106.65356,39.397],[-106.65395,39.39753],[-106.65411,39.398],[-106.65421,39.3986],[-106.65413,39.39902],[-106.65388,39.39969],[-106.65324,39.40023],[-106.65301,39.40051],[-106.65265,39.40108],[-106.65238,39.40177],[-106.65173,39.40257],[-106.65158,39.40287],[-106.65135,39.40346],[-106.6514,39.4044],[-106.65133,39.40474],[-106.65122,39.4049],[-106.65062,39.40535],[-106.65059,39.40574],[-106.65066,39.40616],[-106.65115,39.40689],[-106.65113,39.40702],[-106.65091,39.40723],[-106.64912,39.40845],[-106.64895,39.40868],[-106.64885,39.40901],[-106.64893,39.40937],[-106.64896,39.40998],[-106.64927,39.41033],[-106.64951,39.41078],[-106.64963,39.4109],[-106.65003,39.41097],[-106.65095,39.4108],[-106.65181,39.41027],[-106.65232,39.41037],[-106.65243,39.41048],[-106.65256,39.411],[-106.65298,39.41162],[-106.653,39.41215],[-106.65316,39.41228],[-106.65351,39.41238]]}},{"type":"Feature","properties":{"cls":"car","name":"RUEDI CAMPGROUND ROAD","ml":"5 - HIGH DEGREE OF USER COMFORT","surf":"AC - ASPHALT","src":"usfs"},"geometry":{"type":"LineString","coordinates":[[-106.81623,39.37556],[-106.81582,39.37568],[-106.8158,39.37582],[-106.81619,39.37667],[-106.81673,39.37734],[-106.81676,39.37753],[-106.8167,39.37763],[-106.81651,39.37777],[-106.81628,39.3778],[-106.8158,39.37769],[-106.81525,39.37746],[-106.81494,39.37743],[-106.81459,39.37755],[-106.81398,39.37803],[-106.81371,39.37806],[-106.81349,39.3779],[-106.81314,39.37714],[-106.81296,39.37647],[-106.81288,39.37635],[-106.81237,39.37603],[-106.81147,39.37585],[-106.81128,39.37554],[-106.81065,39.37496],[-106.81002,39.37414],[-106.80984,39.37412],[-106.80961,39.37426],[-106.80866,39.37515],[-106.80783,39.3754]]}},{"type":"Feature","properties":{"cls":"car","name":"CHAPMAN SPUR C","ml":"5 - HIGH DEGREE OF USER COMFORT","surf":"AGG - CRUSHED AGGREGATE OR GRAVEL","src":"usfs"},"geometry":{"type":"LineString","coordinates":[[-106.64228,39.31731],[-106.64245,39.31723],[-106.6427,39.31723],[-106.64309,39.31755],[-106.64318,39.31757],[-106.64332,39.31749]]}},{"type":"Feature","properties":{"cls":"high4wd","name":"JAKEMAN SPUR NO. 3","ml":"2 - HIGH CLEARANCE VEHICLES","surf":"NAT - NATIVE MATERIAL","src":"usfs"},"geometry":{"type":"LineString","coordinates":[[-106.70557,39.40139],[-106.70576,39.40135],[-106.70664,39.4006],[-106.70723,39.39983],[-106.70726,39.39965],[-106.70702,39.3978],[-106.70702,39.39733],[-106.7071,39.39675],[-106.70744,39.39587],[-106.70741,39.39572],[-106.70753,39.39568],[-106.70777,39.39599],[-106.70786,39.3963],[-106.70795,39.39678],[-106.7079,39.39723],[-106.70797,39.39814],[-106.70806,39.39869],[-106.70837,39.3995],[-106.70839,39.39985],[-106.70847,39.40004],[-106.70849,39.4008],[-106.70846,39.40099],[-106.70818,39.4015],[-106.7079,39.40186],[-106.7074,39.40226],[-106.707,39.40289]]}},{"type":"Feature","properties":{"cls":"car","name":"FULFORD CAMPGROUND SPUR","ml":"3 - SUITABLE FOR PASSENGER CARS","surf":"NAT - NATIVE MATERIAL","src":"usfs"},"geometry":{"type":"LineString","coordinates":[[-106.65917,39.492],[-106.65925,39.49186],[-106.65894,39.49152]]}},{"type":"Feature","properties":{"cls":"car","name":"ROCKY FORK DU-SW FROM BRIDGE","ml":"3 - SUITABLE FOR PASSENGER CARS","surf":"NAT - NATIVE MATERIAL","src":"usfs"},"geometry":{"type":"LineString","coordinates":[[-106.82954,39.36261],[-106.8302,39.36231],[-106.83151,39.36206],[-106.8317,39.36208],[-106.83242,39.36263],[-106.83268,39.36273],[-106.833,39.36273],[-106.83332,39.36266],[-106.83359,39.36252],[-106.83416,39.36207],[-106.83533,39.36198],[-106.83679,39.36173],[-106.837,39.36176]]}},{"type":"Feature","properties":{"cls":"high4wd","name":"WOODS LAKE","ml":"2 - HIGH CLEARANCE VEHICLES","surf":"NAT - NATIVE MATERIAL","src":"usfs"},"geometry":{"type":"LineString","coordinates":[[-106.65953,39.41461],[-106.65864,39.41396],[-106.65814,39.41328],[-106.65756,39.41307],[-106.65658,39.41321],[-106.6562,39.4132],[-106.65582,39.41285],[-106.65568,39.4123],[-106.65552,39.41213],[-106.65433,39.412],[-106.65354,39.41236],[-106.65323,39.41268],[-106.65162,39.41537],[-106.65135,39.41618],[-106.65123,39.41633],[-106.65064,39.41669],[-106.64952,39.41707],[-106.64889,39.41749],[-106.64819,39.41807],[-106.64752,39.41847],[-106.64651,39.41936],[-106.646,39.4201],[-106.64537,39.42075],[-106.6445,39.42134],[-106.64355,39.42182],[-106.64144,39.4226],[-106.64072,39.42263],[-106.64003,39.42253],[-106.63943,39.42266],[-106.63902,39.42245],[-106.63884,39.42242],[-106.63726,39.4226],[-106.63696,39.42255],[-106.63673,39.42241],[-106.63614,39.42159],[-106.6355,39.42109],[-106.63469,39.42114],[-106.63401,39.42107],[-106.63228,39.42119],[-106.63124,39.42146],[-106.63012,39.42186],[-106.62976,39.42213],[-106.62948,39.42249],[-106.62905,39.42401],[-106.62909,39.42446],[-106.62934,39.42506],[-106.62935,39.42538],[-106.62944,39.42567],[-106.6291,39.42582],[-106.62833,39.4258],[-106.62807,39.42568],[-106.62785,39.42536],[-106.62783,39.42509],[-106.62794,39.42451],[-106.6278,39.424],[-106.6282,39.42323]]}},{"type":"Feature","properties":{"cls":"car","name":"CHAPMAN GROUP CAMPGROUND","ml":"3 - SUITABLE FOR PASSENGER CARS","surf":"AGG - CRUSHED AGGREGATE OR GRAVEL","src":"usfs"},"geometry":{"type":"LineString","coordinates":[[-106.64307,39.31541],[-106.64242,39.31549],[-106.642,39.31538],[-106.6415,39.3155],[-106.64075,39.31553],[-106.63891,39.31503],[-106.63844,39.31475],[-106.63779,39.31449],[-106.63708,39.31394],[-106.63574,39.31249],[-106.63547,39.31179],[-106.6351,39.31164],[-106.63494,39.31137],[-106.63448,39.31103],[-106.63404,39.31104],[-106.63366,39.31087],[-106.63349,39.31069],[-106.63351,39.31028],[-106.63284,39.30973],[-106.63237,39.30955],[-106.63194,39.30962],[-106.63153,39.30934]]}},{"type":"Feature","properties":{"cls":"car","name":"CHAPMAN LOOP H","ml":"3 - SUITABLE FOR PASSENGER CARS","surf":"AGG - CRUSHED AGGREGATE OR GRAVEL","src":"usfs"},"geometry":{"type":"LineString","coordinates":[[-106.64161,39.30874],[-106.64105,39.30894],[-106.64048,39.3088],[-106.64001,39.30881],[-106.63952,39.30909],[-106.63899,39.3091],[-106.63874,39.30907],[-106.63837,39.30887],[-106.63829,39.30864],[-106.63845,39.3082],[-106.63872,39.30792],[-106.63901,39.30783],[-106.64081,39.30855],[-106.64162,39.30874]]}},{"type":"Feature","properties":{"cls":"car","name":"CHAPMAN EAST ENTRANCE","ml":"3 - SUITABLE FOR PASSENGER CARS","surf":"AGG - CRUSHED AGGREGATE OR GRAVEL","src":"usfs"},"geometry":{"type":"LineString","coordinates":[[-106.6402,39.31891],[-106.64132,39.31931],[-106.64248,39.31957],[-106.64294,39.31961],[-106.64333,39.31979],[-106.64351,39.31976],[-106.64357,39.31965]]}},{"type":"Feature","properties":{"cls":"high4wd","name":"KOBEY PARK","ml":"2 - HIGH CLEARANCE VEHICLES","surf":"NAT - NATIVE MATERIAL","src":"usfs"},"geometry":{"type":"LineString","coordinates":[[-106.81709,39.30266],[-106.81704,39.3034],[-106.81709,39.30353],[-106.81756,39.30386],[-106.8184,39.30423],[-106.81851,39.3044],[-106.81803,39.30524],[-106.81788,39.30563],[-106.8176,39.30567],[-106.8171,39.3056],[-106.81704,39.3057],[-106.8171,39.30591],[-106.81734,39.30612],[-106.81758,39.30621],[-106.81818,39.30631],[-106.81939,39.30618],[-106.82005,39.306],[-106.82046,39.30601],[-106.82048,39.30646],[-106.82107,39.30699],[-106.82134,39.30713],[-106.8215,39.30732],[-106.82162,39.30784],[-106.82153,39.30823],[-106.82144,39.3083],[-106.82144,39.30859],[-106.8219,39.30964],[-106.82271,39.31029],[-106.82325,39.3106],[-106.8243,39.31181],[-106.82474,39.31213],[-106.82534,39.31237],[-106.8256,39.31258],[-106.8257,39.3127],[-106.82581,39.31313],[-106.82602,39.31354],[-106.82609,39.31381],[-106.82642,39.3143],[-106.82685,39.31468],[-106.82754,39.31477],[-106.82819,39.31472],[-106.82837,39.31477],[-106.8288,39.31497],[-106.82933,39.31549],[-106.8298,39.31558],[-106.83128,39.31542],[-106.83171,39.31545],[-106.83227,39.31571],[-106.8326,39.31573],[-106.83284,39.31566],[-106.83325,39.31537],[-106.83366,39.3154],[-106.83432,39.31507],[-106.83517,39.31497],[-106.83551,39.31506],[-106.83627,39.31549],[-106.83732,39.31525],[-106.83813,39.31523],[-106.83818,39.31528],[-106.83811,39.31554],[-106.83789,39.31575],[-106.83779,39.31594],[-106.83801,39.31669],[-106.83782,39.31748],[-106.8377,39.31772],[-106.83789,39.31815],[-106.83806,39.31872],[-106.83804,39.31879],[-106.83738,39.31906],[-106.83729,39.31918],[-106.83726,39.31943],[-106.83695,39.31992],[-106.83578,39.32062],[-106.83483,39.32178],[-106.83444,39.32216],[-106.83417,39.32266],[-106.83374,39.32285],[-106.83335,39.3232],[-106.83268,39.32364],[-106.83212,39.32385],[-106.83103,39.32396],[-106.82993,39.32417],[-106.82907,39.32448],[-106.82851,39.32445],[-106.82769,39.32341],[-106.82701,39.32275],[-106.82678,39.32266],[-106.82574,39.32251],[-106.82447,39.32261],[-106.82294,39.32179],[-106.82165,39.32126],[-106.82074,39.32049],[-106.82014,39.32011],[-106.81948,39.32009],[-106.8189,39.31995],[-106.81872,39.31999],[-106.81857,39.32012],[-106.8185,39.3204],[-106.8183,39.32068],[-106.81876,39.3213],[-106.81887,39.3218],[-106.819,39.3221],[-106.81964,39.32255],[-106.8204,39.3228],[-106.82078,39.32301],[-106.82106,39.32336],[-106.82156,39.32379],[-106.82201,39.32386],[-106.82219,39.32413],[-106.82341,39.32526],[-106.82383,39.32585],[-106.82501,39.32683],[-106.82556,39.32711],[-106.82624,39.32735],[-106.82669,39.32727],[-106.82702,39.32744],[-106.82712,39.32756],[-106.82769,39.32781]]}},{"type":"Feature","properties":{"cls":"high4wd","name":"KOBEY PARK","ml":"2 - HIGH CLEARANCE VEHICLES","surf":"AGG - CRUSHED AGGREGATE OR GRAVEL","src":"usfs"},"geometry":{"type":"LineString","coordinates":[[-106.76492,39.28154],[-106.76499,39.28177],[-106.76513,39.28195],[-106.76557,39.28228],[-106.76594,39.28242],[-106.7673,39.28221],[-106.76768,39.2822],[-106.76955,39.28257],[-106.76993,39.28271],[-106.77121,39.28357],[-106.77233,39.2842],[-106.77271,39.28457],[-106.7733,39.28543],[-106.77367,39.28585],[-106.77374,39.28632],[-106.77358,39.28678],[-106.77352,39.28728],[-106.77359,39.28758],[-106.77389,39.28797],[-106.77389,39.28829],[-106.77405,39.28849],[-106.77527,39.28941],[-106.77544,39.28965],[-106.77561,39.29031],[-106.77558,39.29064],[-106.77543,39.291],[-106.77437,39.29186],[-106.77417,39.29209],[-106.77417,39.29311],[-106.77386,39.29387],[-106.774,39.29502],[-106.77413,39.29524],[-106.77472,39.29563],[-106.77479,39.29573],[-106.7749,39.29697],[-106.7751,39.29735],[-106.77538,39.29769],[-106.77588,39.29801],[-106.77716,39.29837],[-106.77744,39.29853],[-106.7777,39.29884],[-106.77783,39.29919],[-106.7776,39.29973],[-106.77769,39.30017]]}},{"type":"Feature","properties":{"cls":"high4wd","name":"CUNNINGHAM PORTAL","ml":"2 - HIGH CLEARANCE VEHICLES","surf":"NAT - NATIVE MATERIAL","src":"usfs"},"geometry":{"type":"LineString","coordinates":[[-106.54943,39.33432],[-106.54804,39.33438],[-106.54778,39.33449],[-106.54708,39.33511],[-106.54493,39.33573],[-106.54469,39.33587],[-106.5446,39.33604],[-106.54447,39.33615],[-106.54405,39.33618],[-106.54329,39.33667],[-106.54315,39.33671]]}},{"type":"Feature","properties":{"cls":"high4wd","name":"KOBEY PARK","ml":"2 - HIGH CLEARANCE VEHICLES","surf":"AGG - CRUSHED AGGREGATE OR GRAVEL","src":"usfs"},"geometry":{"type":"LineString","coordinates":[[-106.77769,39.30017],[-106.77798,39.3007],[-106.77824,39.30089],[-106.77889,39.30104],[-106.77957,39.30097],[-106.78043,39.30123],[-106.78163,39.30199],[-106.78193,39.30226],[-106.7823,39.30276],[-106.78255,39.30291],[-106.78406,39.30263],[-106.78524,39.30279],[-106.78623,39.30269],[-106.78639,39.30261],[-106.78646,39.30246],[-106.7865,39.30213],[-106.78628,39.30104],[-106.78657,39.30063],[-106.78683,39.30007],[-106.78717,39.29987],[-106.78782,39.29981],[-106.78943,39.30024],[-106.79045,39.30023],[-106.79119,39.30071],[-106.79323,39.3013],[-106.7945,39.3012],[-106.79561,39.3016],[-106.79603,39.30165],[-106.79629,39.30156],[-106.79685,39.30097],[-106.79703,39.29997],[-106.79718,39.2998],[-106.79747,39.29969],[-106.79956,39.29903],[-106.80126,39.29874],[-106.80171,39.29872],[-106.80281,39.29895],[-106.80331,39.29894],[-106.80372,39.29878],[-106.80486,39.29798],[-106.80629,39.29764],[-106.80683,39.29759],[-106.8076,39.29772],[-106.80797,39.29818],[-106.8092,39.29869],[-106.81007,39.29916],[-106.81129,39.30016],[-106.81239,39.30079],[-106.81302,39.30124],[-106.81335,39.30136],[-106.81628,39.30203],[-106.81686,39.30231],[-106.81705,39.30253],[-106.81709,39.30266]]}},{"type":"Feature","properties":{"cls":"unknown","src":"usgs"},"geometry":{"type":"LineString","coordinates":[[-106.79009,39.37567],[-106.78998,39.37586],[-106.78998,39.37624],[-106.79038,39.37732],[-106.79033,39.37771],[-106.79017,39.37787]]}},{"type":"Feature","properties":{"cls":"unknown","src":"usgs"},"geometry":{"type":"LineString","coordinates":[[-106.73062,39.28886],[-106.73064,39.2896],[-106.73078,39.29016],[-106.7311,39.29042],[-106.73131,39.29082],[-106.73175,39.29107],[-106.73197,39.2914],[-106.73237,39.29161]]}},{"type":"Feature","properties":{"cls":"high4wd","name":"FORK WAYS","src":"usgs"},"geometry":{"type":"LineString","coordinates":[[-106.73935,39.27453],[-106.73957,39.27405],[-106.73973,39.2739],[-106.73945,39.27346],[-106.74033,39.27353],[-106.74094,39.27335],[-106.74273,39.27391],[-106.74342,39.27393],[-106.74372,39.27365],[-106.74437,39.27347],[-106.74482,39.27353],[-106.74465,39.27261],[-106.74582,39.27245],[-106.74636,39.27246],[-106.74649,39.27232],[-106.74582,39.27193],[-106.74502,39.27126],[-106.74424,39.27116],[-106.743,39.2708],[-106.74458,39.27016],[-106.74497,39.26975],[-106.74584,39.2699],[-106.74746,39.26996],[-106.74693,39.26943],[-106.74434,39.26917],[-106.7441,39.26908],[-106.74408,39.26893],[-106.74493,39.26847],[-106.74781,39.26735],[-106.74834,39.26702],[-106.74891,39.26618],[-106.74896,39.26598],[-106.74892,39.26531],[-106.74905,39.26435]]}},{"type":"Feature","properties":{"cls":"unknown","name":"SECTION 14","src":"usgs"},"geometry":{"type":"LineString","coordinates":[[-106.74779,39.26618],[-106.74732,39.26508],[-106.74722,39.26495],[-106.74671,39.26465],[-106.7461,39.26451],[-106.74601,39.26476],[-106.74576,39.26507]]}},{"type":"Feature","properties":{"cls":"low4wd","name":"LOWER LAST CHANCE DC ROAD","src":"usgs"},"geometry":{"type":"LineString","coordinates":[[-106.65696,39.34366],[-106.65701,39.34396],[-106.65682,39.34498],[-106.65643,39.34571],[-106.65606,39.34624],[-106.6561,39.34631]]}},{"type":"Feature","properties":{"cls":"unknown","src":"usgs"},"geometry":{"type":"LineString","coordinates":[[-106.67706,39.34462],[-106.67757,39.34422]]}},{"type":"Feature","properties":{"cls":"car","name":"White Star Ln","src":"usgs"},"geometry":{"type":"LineString","coordinates":[[-106.87212,39.25239],[-106.87227,39.25267],[-106.87186,39.25289]]}},{"type":"Feature","properties":{"cls":"high4wd","name":"COLLINS SPUR #2","src":"usgs"},"geometry":{"type":"LineString","coordinates":[[-106.77761,39.28433],[-106.77693,39.28368],[-106.77658,39.28323],[-106.77628,39.28234],[-106.77603,39.28192],[-106.77499,39.28107],[-106.77449,39.28075],[-106.77299,39.28002],[-106.77274,39.27995],[-106.77234,39.27996],[-106.77169,39.28053],[-106.7715,39.28062],[-106.77022,39.28061],[-106.76978,39.2808],[-106.76915,39.28096],[-106.76869,39.28124]]}},{"type":"Feature","properties":{"cls":"low4wd","src":"usgs"},"geometry":{"type":"LineString","coordinates":[[-106.82019,39.38422],[-106.81909,39.38335],[-106.81702,39.38202]]}},{"type":"Feature","properties":{"cls":"low4wd","src":"usgs"},"geometry":{"type":"LineString","coordinates":[[-106.8168,39.38589],[-106.8165,39.38589],[-106.81586,39.38546],[-106.81552,39.38533],[-106.81519,39.38529],[-106.81395,39.38537]]}},{"type":"Feature","properties":{"cls":"low4wd","name":"NORRIE","src":"usgs"},"geometry":{"type":"LineString","coordinates":[[-106.6555,39.32469],[-106.65576,39.32463],[-106.65597,39.32447],[-106.65611,39.32428],[-106.65661,39.32405]]}},{"type":"Feature","properties":{"cls":"unknown","name":"HARRY GATES","src":"usgs"},"geometry":{"type":"LineString","coordinates":[[-106.65413,39.39814],[-106.65314,39.39869],[-106.65256,39.39886],[-106.65194,39.3992],[-106.65027,39.40051],[-106.64971,39.40114],[-106.64952,39.40123],[-106.64935,39.40118],[-106.64929,39.40107],[-106.64932,39.40064],[-106.64954,39.39977],[-106.64947,39.39966]]}},{"type":"Feature","properties":{"cls":"low4wd","src":"usgs"},"geometry":{"type":"LineString","coordinates":[[-106.78884,39.37707],[-106.78923,39.37741],[-106.78936,39.37783]]}},{"type":"Feature","properties":{"cls":"unknown","name":"LEEMAN GULCH","src":"usgs"},"geometry":{"type":"LineString","coordinates":[[-106.73711,39.452],[-106.73699,39.4518],[-106.73685,39.45172],[-106.73605,39.45162],[-106.73568,39.45148],[-106.73509,39.45082],[-106.73457,39.45085],[-106.7342,39.45074],[-106.73406,39.4506],[-106.73398,39.45024],[-106.73384,39.45016]]}},{"type":"Feature","properties":{"cls":"car","name":"Co Rd 18A","src":"usgs"},"geometry":{"type":"LineString","coordinates":[[-106.87835,39.27669],[-106.87848,39.27725],[-106.87839,39.27779],[-106.87825,39.2782],[-106.87737,39.27993],[-106.87697,39.28052],[-106.87599,39.28146],[-106.87474,39.28229],[-106.87403,39.28285]]}},{"type":"Feature","properties":{"cls":"high4wd","src":"usgs"},"geometry":{"type":"LineString","coordinates":[[-106.77761,39.29476],[-106.77726,39.29459],[-106.77679,39.29447],[-106.77597,39.29446],[-106.77508,39.29433],[-106.77465,39.29416],[-106.77391,39.29368]]}},{"type":"Feature","properties":{"cls":"low4wd","src":"usgs"},"geometry":{"type":"LineString","coordinates":[[-106.6555,39.32469],[-106.65468,39.32421],[-106.65463,39.32399],[-106.65347,39.32353],[-106.65286,39.32298]]}},{"type":"Feature","properties":{"cls":"unknown","src":"usgs"},"geometry":{"type":"LineString","coordinates":[[-106.82934,39.39275],[-106.82972,39.39265],[-106.82988,39.39254]]}},{"type":"Feature","properties":{"cls":"car","src":"usgs"},"geometry":{"type":"LineString","coordinates":[[-106.71798,39.27478],[-106.71753,39.27467],[-106.71697,39.2744],[-106.71693,39.27425],[-106.71704,39.27397],[-106.71765,39.27374],[-106.71886,39.27343],[-106.72076,39.2726],[-106.72169,39.27247],[-106.72336,39.27209]]}},{"type":"Feature","properties":{"cls":"low4wd","name":"MONTGOMERY FLATS","src":"usgs"},"geometry":{"type":"LineString","coordinates":[[-106.64561,39.36717],[-106.64821,39.36653],[-106.64893,39.36614],[-106.64905,39.36589],[-106.64914,39.36459],[-106.6493,39.36395],[-106.64981,39.36331]]}},{"type":"Feature","properties":{"cls":"unknown","name":"LEEMAN GULCH","src":"usgs"},"geometry":{"type":"LineString","coordinates":[[-106.73853,39.46309],[-106.73958,39.46271],[-106.73995,39.46225],[-106.74022,39.46202],[-106.74164,39.46141],[-106.74205,39.46109],[-106.7423,39.46058],[-106.7427,39.46014],[-106.74316,39.4601],[-106.74348,39.46028],[-106.74366,39.46028],[-106.74447,39.45984],[-106.74444,39.45963],[-106.74418,39.45923],[-106.74416,39.45891],[-106.74438,39.45855],[-106.7448,39.45839],[-106.74491,39.45823],[-106.74487,39.45756],[-106.74512,39.45677],[-106.74518,39.45601],[-106.74517,39.45565],[-106.74504,39.45526],[-106.74524,39.4546],[-106.74578,39.45408],[-106.74583,39.45381],[-106.74571,39.45362],[-106.7452,39.4534],[-106.7446,39.45323],[-106.74436,39.4531],[-106.74402,39.45308],[-106.7436,39.45323],[-106.74297,39.45329],[-106.74252,39.45402],[-106.74233,39.45411],[-106.74204,39.45389],[-106.7419,39.45355],[-106.74157,39.45312],[-106.74134,39.45298],[-106.74106,39.45295],[-106.74045,39.45309],[-106.74022,39.4536],[-106.74011,39.4537],[-106.73976,39.45374],[-106.73925,39.45368],[-106.73888,39.45389],[-106.73871,39.4539],[-106.73844,39.45374],[-106.73797,39.45307],[-106.73732,39.45237],[-106.73711,39.452]]}},{"type":"Feature","properties":{"cls":"low4wd","src":"usgs"},"geometry":{"type":"LineString","coordinates":[[-106.82639,39.39028],[-106.8266,39.39053],[-106.8267,39.39094],[-106.82688,39.39131],[-106.827,39.39127],[-106.82704,39.39085],[-106.82732,39.39005],[-106.82763,39.38987],[-106.8281,39.38989],[-106.82842,39.39012],[-106.8288,39.39052],[-106.82909,39.39121],[-106.82991,39.39204],[-106.83016,39.39214]]}},{"type":"Feature","properties":{"cls":"car","name":"White Star Ln","src":"usgs"},"geometry":{"type":"LineString","coordinates":[[-106.87303,39.26356],[-106.87327,39.26411],[-106.8735,39.26445],[-106.87412,39.26468]]}},{"type":"Feature","properties":{"cls":"unknown","src":"usgs"},"geometry":{"type":"LineString","coordinates":[[-106.74975,39.35229],[-106.74961,39.35261],[-106.74935,39.35296]]}},{"type":"Feature","properties":{"cls":"unknown","name":"TEETUM RIDGE ROAD","src":"usgs"},"geometry":{"type":"LineString","coordinates":[[-106.66069,39.3103],[-106.66064,39.31014],[-106.66055,39.31007],[-106.65971,39.30991],[-106.6592,39.30944],[-106.65916,39.30922],[-106.65936,39.30902],[-106.65939,39.30884],[-106.65951,39.30867],[-106.65943,39.30849],[-106.65918,39.3085],[-106.65774,39.30799],[-106.65731,39.30804]]}},{"type":"Feature","properties":{"cls":"car","name":"CLIFF WAYS","src":"usgs"},"geometry":{"type":"LineString","coordinates":[[-106.73305,39.25771],[-106.73266,39.25746],[-106.73224,39.25731],[-106.7314,39.25728],[-106.73089,39.25715],[-106.7301,39.25707],[-106.7299,39.25697],[-106.73002,39.25679],[-106.73151,39.25588],[-106.73208,39.25541],[-106.73226,39.25516],[-106.7323,39.2549],[-106.73217,39.25465],[-106.73155,39.25424],[-106.7311,39.25414]]}},{"type":"Feature","properties":{"cls":"unknown","src":"usgs"},"geometry":{"type":"LineString","coordinates":[[-106.74613,39.36323],[-106.74638,39.36309],[-106.74677,39.36308],[-106.74692,39.36301],[-106.74874,39.36291],[-106.74885,39.36287],[-106.74887,39.36257],[-106.74939,39.36267],[-106.74979,39.36257],[-106.75027,39.36259],[-106.75047,39.36255],[-106.75059,39.36242],[-106.75111,39.36224],[-106.7514,39.36225],[-106.75149,39.36228],[-106.75165,39.3625],[-106.75206,39.36355],[-106.75273,39.36406],[-106.7532,39.36492],[-106.75333,39.36495],[-106.75361,39.36475],[-106.7538,39.36476],[-106.75427,39.36517],[-106.75458,39.36532],[-106.75467,39.3653],[-106.75468,39.36501],[-106.7549,39.3642],[-106.75523,39.36366],[-106.75567,39.36328],[-106.7563,39.36317],[-106.75686,39.3633],[-106.75744,39.36326],[-106.75777,39.36361],[-106.75839,39.36408],[-106.75868,39.36488],[-106.75885,39.36514],[-106.75904,39.36527],[-106.75917,39.36553],[-106.75939,39.36571],[-106.75966,39.36567],[-106.75993,39.36582],[-106.76012,39.36551],[-106.76013,39.36523],[-106.76021,39.36504],[-106.76063,39.36481],[-106.76091,39.36454],[-106.76085,39.36427],[-106.76089,39.36414],[-106.76139,39.36412],[-106.76164,39.36404],[-106.76209,39.36437],[-106.76233,39.36442],[-106.76277,39.36391],[-106.76297,39.36385],[-106.76321,39.36398],[-106.76346,39.36452],[-106.76382,39.36471],[-106.76403,39.365],[-106.76469,39.365],[-106.76495,39.36507],[-106.76537,39.36484],[-106.76569,39.36488],[-106.76645,39.36529],[-106.76693,39.36547],[-106.76752,39.36586],[-106.76775,39.36585],[-106.76842,39.36563],[-106.76901,39.36565],[-106.76997,39.36604],[-106.77028,39.36636],[-106.77052,39.36678]]}},{"type":"Feature","properties":{"cls":"low4wd","name":"EAGLE-THOMASVILLE","src":"usgs"},"geometry":{"type":"LineString","coordinates":[[-106.73388,39.48011],[-106.73231,39.48015],[-106.73197,39.48021],[-106.73192,39.48028],[-106.73198,39.48055],[-106.73217,39.48076],[-106.73234,39.48074],[-106.73278,39.48052],[-106.73306,39.48052],[-106.73335,39.48064]]}},{"type":"Feature","properties":{"cls":"car","name":"CLIFF WAYS","src":"usgs"},"geometry":{"type":"LineString","coordinates":[[-106.74052,39.25761],[-106.74083,39.25768],[-106.74125,39.25763],[-106.74164,39.25715],[-106.7432,39.25574],[-106.74315,39.25565],[-106.74245,39.25557],[-106.7416,39.2553],[-106.74151,39.25521],[-106.74149,39.25507],[-106.74212,39.25472],[-106.74475,39.25478],[-106.74487,39.25469],[-106.74485,39.25455],[-106.74373,39.25405],[-106.7427,39.25382],[-106.74203,39.25379],[-106.74115,39.25352],[-106.7389,39.25327],[-106.73801,39.25303],[-106.73785,39.25279],[-106.7378,39.25258],[-106.73782,39.25194],[-106.73717,39.25146],[-106.73651,39.25126],[-106.73634,39.25111],[-106.73648,39.25106],[-106.73704,39.25108],[-106.73855,39.25137],[-106.74041,39.25143],[-106.74107,39.25156],[-106.74155,39.25174],[-106.74199,39.25277],[-106.74183,39.25301]]}},{"type":"Feature","properties":{"cls":"low4wd","src":"usgs"},"geometry":{"type":"LineString","coordinates":[[-106.81762,39.38537],[-106.81706,39.3858],[-106.8168,39.38589]]}},{"type":"Feature","properties":{"cls":"high4wd","name":"KNOB WAYS","src":"usgs"},"geometry":{"type":"LineString","coordinates":[[-106.77761,39.29476],[-106.77791,39.29484],[-106.77823,39.29478],[-106.77896,39.29443],[-106.77931,39.29357]]}},{"type":"Feature","properties":{"cls":"unknown","src":"usgs"},"geometry":{"type":"LineString","coordinates":[[-106.69018,39.35714],[-106.69083,39.35789],[-106.69164,39.35903],[-106.69229,39.35961],[-106.6934,39.35986],[-106.6945,39.35997],[-106.69495,39.35994],[-106.69567,39.36053],[-106.69613,39.3604],[-106.69654,39.36063],[-106.69718,39.36116],[-106.69752,39.3612],[-106.69787,39.36115],[-106.69793,39.36108],[-106.69792,39.3609],[-106.69714,39.36012]]}},{"type":"Feature","properties":{"cls":"unknown","src":"usgs"},"geometry":{"type":"LineString","coordinates":[[-106.65661,39.32405],[-106.65716,39.3251],[-106.65789,39.3256],[-106.65802,39.32603],[-106.65799,39.32624],[-106.6577,39.32638]]}},{"type":"Feature","properties":{"cls":"low4wd","name":"CHAPMAN CREEK","src":"usgs"},"geometry":{"type":"LineString","coordinates":[[-106.63111,39.2623],[-106.63042,39.26148],[-106.63041,39.26111]]}},{"type":"Feature","properties":{"cls":"car","src":"usgs"},"geometry":{"type":"LineString","coordinates":[[-106.78744,39.38491],[-106.78679,39.38582],[-106.78673,39.38608]]}},{"type":"Feature","properties":{"cls":"unknown","name":"MONTGOMERY FLATS","src":"usgs"},"geometry":{"type":"LineString","coordinates":[[-106.65953,39.35791],[-106.66277,39.35729],[-106.66398,39.35726],[-106.66503,39.35742],[-106.66526,39.3574],[-106.66568,39.35722],[-106.66625,39.35712],[-106.66693,39.35688]]}},{"type":"Feature","properties":{"cls":"unknown","name":"NORRIE POWERLINE","src":"usgs"},"geometry":{"type":"LineString","coordinates":[[-106.646,39.32854],[-106.64549,39.32817],[-106.64504,39.32803],[-106.64435,39.32805],[-106.64398,39.32786],[-106.64354,39.32789],[-106.64319,39.32782],[-106.64292,39.3275],[-106.64303,39.32737],[-106.64339,39.32722],[-106.64341,39.32696],[-106.64328,39.32689],[-106.64273,39.3268],[-106.64187,39.32693],[-106.64158,39.32689],[-106.64103,39.32619],[-106.64067,39.32588],[-106.64041,39.3253],[-106.63979,39.32466],[-106.63919,39.32436],[-106.63895,39.32436],[-106.63879,39.32429],[-106.63874,39.32414],[-106.6388,39.32396],[-106.63863,39.32382],[-106.63867,39.32362],[-106.63863,39.32356],[-106.63791,39.32327],[-106.63745,39.32291],[-106.63729,39.32264],[-106.63667,39.32224],[-106.63653,39.32202],[-106.63613,39.32166],[-106.63548,39.32141],[-106.63529,39.32124],[-106.6345,39.32086],[-106.63259,39.32073],[-106.6318,39.32104],[-106.63154,39.32088],[-106.6311,39.32084],[-106.63089,39.32072],[-106.63025,39.32058],[-106.62878,39.32085],[-106.62845,39.32086],[-106.62762,39.32077],[-106.6273,39.32062],[-106.62712,39.32043],[-106.62667,39.32031],[-106.62579,39.32028],[-106.62573,39.32061],[-106.62566,39.32068],[-106.62479,39.32132],[-106.62452,39.32141]]}},{"type":"Feature","properties":{"cls":"low4wd","src":"usgs"},"geometry":{"type":"LineString","coordinates":[[-106.81794,39.30556],[-106.8201,39.30535],[-106.8217,39.30537],[-106.82215,39.30532]]}},{"type":"Feature","properties":{"cls":"low4wd","name":"KUNTZ CREEK DC ROAD","src":"usgs"},"geometry":{"type":"LineString","coordinates":[[-106.67698,39.38997],[-106.67615,39.38939],[-106.67571,39.38932],[-106.6754,39.38941],[-106.67514,39.38932],[-106.67497,39.38934],[-106.67493,39.38914],[-106.67452,39.3892],[-106.67449,39.38926],[-106.67458,39.38931],[-106.6745,39.38938],[-106.67415,39.3891],[-106.6743,39.38876],[-106.67422,39.38866],[-106.67321,39.38863],[-106.67279,39.3884],[-106.67259,39.38839],[-106.67217,39.38847],[-106.67189,39.38861],[-106.67136,39.38931],[-106.67128,39.38967],[-106.67135,39.39019],[-106.67152,39.39044],[-106.67179,39.39061]]}},{"type":"Feature","properties":{"cls":"unknown","src":"usgs"},"geometry":{"type":"LineString","coordinates":[[-106.67695,39.34467],[-106.67706,39.34462]]}},{"type":"Feature","properties":{"cls":"unknown","src":"usgs"},"geometry":{"type":"LineString","coordinates":[[-106.83911,39.48591],[-106.83938,39.48551],[-106.83942,39.48535],[-106.83934,39.48525],[-106.8385,39.48497],[-106.83797,39.48515],[-106.83719,39.4856]]}},{"type":"Feature","properties":{"cls":"unknown","src":"usgs"},"geometry":{"type":"LineString","coordinates":[[-106.8061,39.38094],[-106.80656,39.38099]]}},{"type":"Feature","properties":{"cls":"low4wd","name":"EAGLE-THOMASVILLE","src":"usgs"},"geometry":{"type":"LineString","coordinates":[[-106.73476,39.48005],[-106.73426,39.47994],[-106.73402,39.48013]]}},{"type":"Feature","properties":{"cls":"high4wd","src":"usgs"},"geometry":{"type":"LineString","coordinates":[[-106.77931,39.29357],[-106.77841,39.29308],[-106.77762,39.29346],[-106.77728,39.29348],[-106.77689,39.2932],[-106.77678,39.29303],[-106.77709,39.29257],[-106.77765,39.29205],[-106.77819,39.29135],[-106.77859,39.29115],[-106.77885,39.29077],[-106.77965,39.2904],[-106.78118,39.29029],[-106.78153,39.29022],[-106.78207,39.28998],[-106.78315,39.28933],[-106.78318,39.2891],[-106.78337,39.28886],[-106.78359,39.2882],[-106.78369,39.28808],[-106.78445,39.28781],[-106.78467,39.28767],[-106.78492,39.28737],[-106.78546,39.28722],[-106.78644,39.28711]]}},{"type":"Feature","properties":{"cls":"unknown","name":"EAGLE-THOMASVILLE","src":"usgs"},"geometry":{"type":"LineString","coordinates":[[-106.73288,39.47944],[-106.73221,39.47959],[-106.73221,39.47973],[-106.73235,39.47975]]}},{"type":"Feature","properties":{"cls":"unknown","src":"usgs"},"geometry":{"type":"LineString","coordinates":[[-106.79393,39.38184],[-106.79396,39.38211],[-106.79461,39.38269],[-106.79459,39.3829]]}},{"type":"Feature","properties":{"cls":"car","name":"LITTLE DEADMAN","src":"usgs"},"geometry":{"type":"LineString","coordinates":[[-106.69218,39.35285],[-106.69245,39.3527],[-106.69263,39.35268],[-106.69414,39.35282],[-106.69517,39.35274],[-106.6958,39.35262],[-106.69717,39.35219]]}},{"type":"Feature","properties":{"cls":"low4wd","name":"JAKEMAN","src":"usgs"},"geometry":{"type":"LineString","coordinates":[[-106.70562,39.40143],[-106.70518,39.40211],[-106.70447,39.40284],[-106.70416,39.40331],[-106.7036,39.40447],[-106.70356,39.40497],[-106.70344,39.40537],[-106.70306,39.40609],[-106.70281,39.40643],[-106.70255,39.40659],[-106.70245,39.40679],[-106.70191,39.40713]]}},{"type":"Feature","properties":{"cls":"low4wd","name":"FREEMAN POWERLINE DC ROAD","src":"usgs"},"geometry":{"type":"LineString","coordinates":[[-106.77307,39.3697],[-106.77337,39.36993],[-106.77356,39.3704]]}},{"type":"Feature","properties":{"cls":"unknown","src":"usgs"},"geometry":{"type":"LineString","coordinates":[[-106.80601,39.38927],[-106.80614,39.38959],[-106.80631,39.38974],[-106.80654,39.38977]]}},{"type":"Feature","properties":{"cls":"unknown","name":"FORK WAYS","src":"usgs"},"geometry":{"type":"LineString","coordinates":[[-106.74299,39.2769],[-106.74178,39.27641],[-106.74119,39.27654],[-106.74032,39.27649],[-106.73978,39.27657],[-106.73864,39.2764],[-106.73789,39.27654],[-106.73656,39.27662],[-106.7353,39.27662],[-106.73448,39.27636],[-106.73362,39.27625],[-106.73253,39.27636],[-106.73228,39.27645],[-106.73211,39.27663],[-106.73179,39.27672],[-106.73042,39.27671],[-106.72971,39.27656],[-106.7291,39.27624],[-106.72828,39.27593],[-106.7274,39.27569],[-106.72733,39.27563],[-106.72716,39.27515],[-106.72702,39.27495],[-106.72677,39.27477],[-106.72679,39.27448],[-106.72672,39.27435],[-106.72649,39.27411],[-106.72635,39.27405],[-106.72569,39.27398],[-106.72503,39.27379],[-106.72483,39.27366],[-106.72462,39.27364],[-106.72376,39.27382],[-106.72339,39.27414]]}},{"type":"Feature","properties":{"cls":"low4wd","name":"EAGLE-THOMASVILLE","src":"usgs"},"geometry":{"type":"LineString","coordinates":[[-106.73513,39.47987],[-106.7351,39.48054],[-106.73515,39.48072],[-106.7355,39.48094],[-106.73585,39.48097],[-106.73606,39.4809],[-106.73618,39.48074],[-106.73616,39.48066],[-106.73564,39.48023],[-106.73529,39.47981]]}},{"type":"Feature","properties":{"cls":"high4wd","src":"usgs"},"geometry":{"type":"LineString","coordinates":[[-106.78108,39.29299],[-106.7814,39.29298],[-106.78153,39.29306],[-106.78166,39.29306],[-106.78247,39.29281],[-106.78347,39.29274],[-106.78406,39.29256],[-106.78523,39.29116],[-106.78567,39.29078],[-106.78669,39.28921],[-106.78692,39.28898],[-106.78853,39.28811],[-106.78903,39.28773],[-106.78973,39.28708],[-106.79004,39.28692],[-106.79022,39.28666],[-106.79046,39.28657],[-106.79131,39.2859],[-106.79147,39.28492],[-106.79038,39.28598],[-106.789,39.28677],[-106.78823,39.28751],[-106.78763,39.28796],[-106.78693,39.28827],[-106.78631,39.28845],[-106.78594,39.28872],[-106.78585,39.28918],[-106.78528,39.29032],[-106.78435,39.2911],[-106.78397,39.29154],[-106.78304,39.29238],[-106.78204,39.29256],[-106.78162,39.29284],[-106.78108,39.29299]]}},{"type":"Feature","properties":{"cls":"unknown","src":"usgs"},"geometry":{"type":"LineString","coordinates":[[-106.74975,39.35229],[-106.75,39.35223],[-106.75045,39.35227],[-106.75078,39.35249],[-106.75119,39.35365],[-106.75135,39.35371],[-106.75153,39.35372],[-106.75218,39.35355],[-106.75305,39.35393],[-106.75451,39.35424],[-106.75555,39.3542],[-106.75645,39.35432],[-106.75723,39.3542],[-106.7587,39.35418],[-106.75944,39.35403],[-106.75972,39.35406],[-106.76025,39.35433],[-106.76133,39.3547],[-106.7618,39.35509],[-106.7623,39.35532]]}},{"type":"Feature","properties":{"cls":"car","src":"usgs"},"geometry":{"type":"LineString","coordinates":[[-106.80919,39.3788],[-106.80939,39.37903],[-106.80941,39.37916],[-106.809,39.37948],[-106.80899,39.37965],[-106.80919,39.37972],[-106.80971,39.37965],[-106.80987,39.3797],[-106.8099,39.37977],[-106.80983,39.37995],[-106.80943,39.38029],[-106.80945,39.38042],[-106.80992,39.38068],[-106.81042,39.38064]]}},{"type":"Feature","properties":{"cls":"unknown","src":"usgs"},"geometry":{"type":"LineString","coordinates":[[-106.76775,39.28023],[-106.76794,39.28009],[-106.76823,39.27947],[-106.76864,39.27896],[-106.76879,39.27864],[-106.76914,39.27827]]}},{"type":"Feature","properties":{"cls":"unknown","src":"usgs"},"geometry":{"type":"LineString","coordinates":[[-106.80204,39.28801],[-106.80238,39.28778],[-106.80283,39.28769],[-106.80322,39.28783],[-106.804,39.28844],[-106.80445,39.28861],[-106.80463,39.28883],[-106.80544,39.28902]]}},{"type":"Feature","properties":{"cls":"unknown","src":"usgs"},"geometry":{"type":"LineString","coordinates":[[-106.83719,39.4856],[-106.83738,39.48582],[-106.83773,39.48603],[-106.83791,39.48633],[-106.8376,39.48638]]}},{"type":"Feature","properties":{"cls":"low4wd","src":"usgs"},"geometry":{"type":"LineString","coordinates":[[-106.66406,39.46981],[-106.66423,39.46992],[-106.66555,39.47002],[-106.66587,39.4701],[-106.66689,39.47045],[-106.66775,39.47084],[-106.66877,39.47078],[-106.66955,39.47087],[-106.67038,39.47121],[-106.67086,39.47157],[-106.67119,39.47172]]}},{"type":"Feature","properties":{"cls":"low4wd","name":"EAGLE-THOMASVILLE","src":"usgs"},"geometry":{"type":"LineString","coordinates":[[-106.73762,39.48079],[-106.73813,39.48113]]}},{"type":"Feature","properties":{"cls":"low4wd","src":"usgs"},"geometry":{"type":"LineString","coordinates":[[-106.78582,39.37456],[-106.78525,39.37457],[-106.785,39.37437],[-106.78474,39.37433],[-106.78425,39.37454],[-106.78345,39.37434],[-106.78295,39.37431],[-106.78253,39.3741],[-106.78229,39.37405]]}},{"type":"Feature","properties":{"cls":"low4wd","src":"usgs"},"geometry":{"type":"LineString","coordinates":[[-106.81852,39.30432],[-106.8189,39.30447],[-106.81921,39.30444],[-106.81942,39.30432],[-106.81977,39.30375],[-106.82005,39.30295],[-106.82005,39.30277]]}},{"type":"Feature","properties":{"cls":"unknown","src":"usgs"},"geometry":{"type":"LineString","coordinates":[[-106.82988,39.39254],[-106.82986,39.39309],[-106.82996,39.39329],[-106.83076,39.39381],[-106.83102,39.39411],[-106.83114,39.39436],[-106.83169,39.395],[-106.83191,39.39505],[-106.83223,39.39497]]}},{"type":"Feature","properties":{"cls":"low4wd","src":"usgs"},"geometry":{"type":"LineString","coordinates":[[-106.67356,39.45496],[-106.67258,39.45499],[-106.67146,39.45482],[-106.67081,39.45491],[-106.66919,39.45487],[-106.66842,39.45495]]}},{"type":"Feature","properties":{"cls":"low4wd","src":"usgs"},"geometry":{"type":"LineString","coordinates":[[-106.82459,39.3862],[-106.82492,39.38718],[-106.82504,39.3878],[-106.82526,39.38814],[-106.82559,39.38891],[-106.82576,39.38954]]}},{"type":"Feature","properties":{"cls":"car","src":"usgs"},"geometry":{"type":"LineString","coordinates":[[-106.80869,39.37982],[-106.80824,39.37984],[-106.80793,39.38004],[-106.80795,39.38021],[-106.80825,39.38086],[-106.80826,39.38099],[-106.80819,39.38106],[-106.80802,39.38108],[-106.80765,39.38087],[-106.80731,39.38082],[-106.80684,39.38083],[-106.80656,39.38099]]}},{"type":"Feature","properties":{"cls":"car","name":"OLD MEREDITH","src":"usgs"},"geometry":{"type":"LineString","coordinates":[[-106.73609,39.36121],[-106.73614,39.36182],[-106.73544,39.362],[-106.73472,39.36195],[-106.73378,39.36198],[-106.73354,39.36193],[-106.73243,39.36197],[-106.73197,39.3619],[-106.73136,39.36196],[-106.73115,39.36186]]}},{"type":"Feature","properties":{"cls":"unknown","name":"CLIFF WAYS","src":"usgs"},"geometry":{"type":"LineString","coordinates":[[-106.7311,39.25414],[-106.73087,39.25415],[-106.73061,39.25405],[-106.73052,39.2538],[-106.73061,39.25341],[-106.73043,39.25309],[-106.73047,39.25297],[-106.73032,39.25284],[-106.73029,39.25268],[-106.72999,39.2524],[-106.72925,39.2519],[-106.72916,39.25166]]}},{"type":"Feature","properties":{"cls":"unknown","src":"usgs"},"geometry":{"type":"LineString","coordinates":[[-106.81762,39.38537],[-106.81741,39.38505],[-106.81728,39.38439],[-106.81773,39.38387],[-106.81779,39.38366]]}},{"type":"Feature","properties":{"cls":"low4wd","src":"usgs"},"geometry":{"type":"LineString","coordinates":[[-106.79017,39.37787],[-106.79006,39.37796],[-106.78974,39.37799],[-106.78936,39.37783]]}},{"type":"Feature","properties":{"cls":"low4wd","name":"EAGLE-THOMASVILLE","src":"usgs"},"geometry":{"type":"LineString","coordinates":[[-106.73604,39.4796],[-106.73638,39.47953],[-106.73666,39.47956],[-106.73746,39.48001],[-106.73768,39.48022],[-106.73778,39.48043],[-106.73777,39.48061],[-106.73762,39.48079]]}},{"type":"Feature","properties":{"cls":"unknown","name":"FORK WAYS","src":"usgs"},"geometry":{"type":"LineString","coordinates":[[-106.74299,39.2769],[-106.74354,39.27739],[-106.74374,39.27746],[-106.7449,39.27832],[-106.74563,39.27851],[-106.7461,39.27848],[-106.74679,39.27855],[-106.74699,39.27879],[-106.74756,39.27919],[-106.74748,39.27928],[-106.74708,39.27934],[-106.74707,39.27941],[-106.74726,39.27951],[-106.74755,39.27954],[-106.74767,39.27962],[-106.74769,39.27971],[-106.74754,39.27977],[-106.74691,39.27957],[-106.74648,39.27935],[-106.74563,39.27917],[-106.74553,39.27918],[-106.74557,39.27926],[-106.74586,39.27949],[-106.74614,39.27961],[-106.74616,39.27973],[-106.7452,39.27944],[-106.74417,39.27942],[-106.7426,39.2786],[-106.74167,39.27856],[-106.74131,39.27848],[-106.74091,39.27837],[-106.74006,39.27797],[-106.73976,39.2779],[-106.73906,39.27796],[-106.73758,39.27769],[-106.73658,39.27766],[-106.73484,39.27793],[-106.73354,39.27806],[-106.73122,39.27812],[-106.73026,39.27828]]}},{"type":"Feature","properties":{"cls":"low4wd","src":"usgs"},"geometry":{"type":"LineString","coordinates":[[-106.76542,39.28217],[-106.76552,39.28185],[-106.76623,39.28051],[-106.76672,39.28029],[-106.76775,39.28023]]}},{"type":"Feature","properties":{"cls":"high4wd","name":"COLLINS SPUR #4","src":"usgs"},"geometry":{"type":"LineString","coordinates":[[-106.78166,39.28929],[-106.78158,39.28866]]}},{"type":"Feature","properties":{"cls":"car","name":"FORK WAYS","src":"usgs"},"geometry":{"type":"LineString","coordinates":[[-106.74643,39.27605],[-106.74657,39.2762],[-106.7466,39.27642],[-106.74691,39.27681],[-106.7472,39.27706],[-106.74742,39.27744],[-106.74728,39.27764],[-106.74648,39.27749],[-106.74632,39.27754],[-106.74624,39.27762],[-106.74625,39.2777],[-106.74647,39.27784],[-106.74643,39.27797],[-106.74629,39.27804],[-106.74518,39.27787],[-106.74485,39.27791],[-106.74447,39.27779],[-106.74418,39.27764],[-106.74394,39.27735],[-106.74396,39.27712],[-106.74352,39.27713],[-106.74299,39.2769]]}},{"type":"Feature","properties":{"cls":"low4wd","name":"LEDE CG","src":"usgs"},"geometry":{"type":"LineString","coordinates":[[-106.77748,39.46764],[-106.77738,39.46784],[-106.77756,39.46798],[-106.77762,39.46811],[-106.7775,39.4682]]}},{"type":"Feature","properties":{"cls":"unknown","name":"SECTION 14","src":"usgs"},"geometry":{"type":"LineString","coordinates":[[-106.74324,39.2655],[-106.74267,39.26544],[-106.74234,39.26559],[-106.74182,39.26635],[-106.7416,39.26652],[-106.74079,39.26691],[-106.74056,39.26722],[-106.73989,39.26756],[-106.73875,39.26747],[-106.73803,39.26749],[-106.73742,39.26738],[-106.73721,39.26741],[-106.73653,39.26803],[-106.73633,39.26853]]}},{"type":"Feature","properties":{"cls":"high4wd","src":"usgs"},"geometry":{"type":"LineString","coordinates":[[-106.83189,39.32389],[-106.83048,39.32321],[-106.82998,39.32265],[-106.82921,39.32221],[-106.82909,39.32195],[-106.8291,39.32151],[-106.82885,39.32136],[-106.82855,39.32083],[-106.82835,39.32067],[-106.82826,39.32036],[-106.82776,39.32016],[-106.82749,39.31995],[-106.82727,39.31968],[-106.82727,39.3195],[-106.82717,39.3193],[-106.82647,39.31893],[-106.8263,39.31877],[-106.82555,39.31869],[-106.82521,39.31852],[-106.82509,39.31853],[-106.82475,39.31861],[-106.82431,39.31884],[-106.82392,39.31876],[-106.82319,39.31901]]}},{"type":"Feature","properties":{"cls":"unknown","name":"BIGLOW","src":"usgs"},"geometry":{"type":"LineString","coordinates":[[-106.66938,39.34636],[-106.66949,39.34645],[-106.66963,39.34681],[-106.66977,39.34693],[-106.66993,39.34694],[-106.6701,39.34684],[-106.67011,39.34669],[-106.66997,39.34647],[-106.66974,39.34635],[-106.66938,39.34636]]}},{"type":"Feature","properties":{"cls":"low4wd","name":"CROOKED CREEK SPUR","src":"usgs"},"geometry":{"type":"LineString","coordinates":[[-106.65557,39.42246],[-106.65546,39.42238],[-106.65457,39.42259],[-106.65378,39.42248],[-106.65326,39.42253],[-106.65258,39.42288],[-106.65208,39.42298],[-106.65142,39.42334],[-106.6504,39.42351],[-106.64878,39.42421],[-106.64867,39.42423],[-106.64844,39.42414],[-106.64815,39.42438]]}},{"type":"Feature","properties":{"cls":"car","name":"White Star Ln","src":"usgs"},"geometry":{"type":"LineString","coordinates":[[-106.8712,39.25702],[-106.87141,39.25774],[-106.87216,39.2591],[-106.87251,39.25996],[-106.87261,39.26053],[-106.87272,39.26258],[-106.87303,39.26356]]}},{"type":"Feature","properties":{"cls":"low4wd","name":"BURNT MTN TIMBER ROAD","src":"usgs"},"geometry":{"type":"LineString","coordinates":[[-106.66173,39.36963],[-106.66166,39.36975],[-106.66123,39.37002],[-106.66091,39.37069],[-106.66074,39.37088],[-106.66036,39.37116],[-106.65993,39.37118],[-106.65963,39.37162],[-106.65848,39.37253],[-106.65803,39.37276],[-106.6569,39.3731],[-106.65647,39.37338],[-106.65617,39.37366],[-106.65532,39.37469],[-106.65403,39.37551],[-106.65268,39.3765],[-106.65203,39.37715],[-106.65146,39.37808]]}},{"type":"Feature","properties":{"cls":"high4wd","name":"COLLINS SPUR #2","src":"usgs"},"geometry":{"type":"LineString","coordinates":[[-106.76869,39.28124],[-106.76826,39.28166],[-106.76827,39.28192],[-106.76822,39.28199],[-106.76747,39.28219]]}},{"type":"Feature","properties":{"cls":"low4wd","src":"usgs"},"geometry":{"type":"LineString","coordinates":[[-106.78664,39.29994],[-106.78599,39.29944],[-106.78577,39.29855],[-106.78574,39.298],[-106.78599,39.29656],[-106.78599,39.29634],[-106.78588,39.29618]]}},{"type":"Feature","properties":{"cls":"car","name":"CLIFF WAYS","src":"usgs"},"geometry":{"type":"LineString","coordinates":[[-106.74047,39.26033],[-106.73935,39.26055],[-106.73871,39.26113],[-106.73841,39.26146],[-106.73837,39.26159],[-106.73845,39.26172],[-106.73963,39.26176],[-106.73994,39.26185],[-106.74015,39.26201],[-106.74051,39.26248],[-106.74066,39.26293],[-106.73944,39.26292],[-106.73912,39.263],[-106.73893,39.26315],[-106.73841,39.26374],[-106.73785,39.26503],[-106.7374,39.26543],[-106.73731,39.26579],[-106.73715,39.26603]]}},{"type":"Feature","properties":{"cls":"car","src":"usgs"},"geometry":{"type":"LineString","coordinates":[[-106.87211,39.252],[-106.87205,39.2521],[-106.87212,39.25239]]}},{"type":"Feature","properties":{"cls":"unknown","name":"CRAIG PEAK","src":"usgs"},"geometry":{"type":"LineString","coordinates":[[-106.64555,39.49994],[-106.64561,39.50003]]}},{"type":"Feature","properties":{"cls":"low4wd","name":"EAGLE-THOMASVILLE","src":"usgs"},"geometry":{"type":"LineString","coordinates":[[-106.73456,39.48068],[-106.73459,39.48055],[-106.73446,39.48026]]}},{"type":"Feature","properties":{"cls":"low4wd","src":"usgs"},"geometry":{"type":"LineString","coordinates":[[-106.78936,39.37082],[-106.78949,39.37162],[-106.78931,39.37203],[-106.78885,39.37243],[-106.78856,39.37252]]}},{"type":"Feature","properties":{"cls":"unknown","name":"SECTION 14","src":"usgs"},"geometry":{"type":"LineString","coordinates":[[-106.74905,39.26435],[-106.74851,39.26382],[-106.74833,39.26372],[-106.74723,39.26339],[-106.7469,39.26323],[-106.7468,39.26322],[-106.74671,39.2633],[-106.74672,39.26343],[-106.74684,39.26357],[-106.74763,39.26414],[-106.74783,39.26466],[-106.74786,39.2652],[-106.74779,39.26618]]}},{"type":"Feature","properties":{"cls":"unknown","name":"CRAIG PEAK","src":"usgs"},"geometry":{"type":"LineString","coordinates":[[-106.64817,39.50057],[-106.64809,39.50032],[-106.6481,39.49968],[-106.64787,39.49877],[-106.64783,39.49812],[-106.64813,39.49654],[-106.64803,39.49566],[-106.64809,39.49518],[-106.64798,39.49526],[-106.64764,39.49585],[-106.64751,39.49629],[-106.64702,39.49725],[-106.64652,39.49792],[-106.64581,39.49907],[-106.64555,39.49994]]}},{"type":"Feature","properties":{"cls":"car","name":"Red Oak Ln","src":"usgs"},"geometry":{"type":"LineString","coordinates":[[-106.86897,39.25701],[-106.86873,39.25724],[-106.86798,39.25842],[-106.8679,39.25863]]}},{"type":"Feature","properties":{"cls":"unknown","name":"LEDE CG","src":"usgs"},"geometry":{"type":"LineString","coordinates":[[-106.77639,39.46873],[-106.77674,39.46826]]}},{"type":"Feature","properties":{"cls":"high4wd","src":"usgs"},"geometry":{"type":"LineString","coordinates":[[-106.77618,39.28756],[-106.77529,39.28739]]}},{"type":"Feature","properties":{"cls":"car","name":"FRYINGPAN CORRALS DC ROAD","src":"usgs"},"geometry":{"type":"LineString","coordinates":[[-106.68064,39.34744],[-106.68111,39.34761],[-106.68232,39.34832],[-106.68303,39.34858],[-106.68391,39.34907]]}},{"type":"Feature","properties":{"cls":"low4wd","src":"usgs"},"geometry":{"type":"LineString","coordinates":[[-106.67508,39.48527],[-106.67487,39.48533],[-106.67417,39.48528],[-106.67331,39.48535],[-106.67208,39.48504],[-106.67188,39.48504],[-106.67121,39.48534],[-106.6708,39.48534]]}},{"type":"Feature","properties":{"cls":"unknown","src":"usgs"},"geometry":{"type":"LineString","coordinates":[[-106.51015,39.27598],[-106.51037,39.27664]]}},{"type":"Feature","properties":{"cls":"unknown","src":"usgs"},"geometry":{"type":"LineString","coordinates":[[-106.69959,39.41777],[-106.6996,39.41703],[-106.69973,39.41673],[-106.70025,39.41596],[-106.70073,39.41568],[-106.70084,39.41545],[-106.7016,39.41526],[-106.7023,39.41518],[-106.70362,39.41539],[-106.70403,39.4152],[-106.70422,39.415]]}},{"type":"Feature","properties":{"cls":"unknown","src":"usgs"},"geometry":{"type":"LineString","coordinates":[[-106.78673,39.38608],[-106.78644,39.38592],[-106.78596,39.38548],[-106.78574,39.38554],[-106.78494,39.38598],[-106.78425,39.38622],[-106.78392,39.38689],[-106.78369,39.38714]]}},{"type":"Feature","properties":{"cls":"unknown","name":"NORTH SELLAR","src":"usgs"},"geometry":{"type":"LineString","coordinates":[[-106.58646,39.32458],[-106.5859,39.32491],[-106.58523,39.32491],[-106.58456,39.32471],[-106.58429,39.32453],[-106.58417,39.32433],[-106.58369,39.32402],[-106.58329,39.32394],[-106.58172,39.32383],[-106.58078,39.32363],[-106.57896,39.32391],[-106.57791,39.32389]]}},{"type":"Feature","properties":{"cls":"high4wd","src":"usgs"},"geometry":{"type":"LineString","coordinates":[[-106.78644,39.28711],[-106.78708,39.28688],[-106.7872,39.28672],[-106.78791,39.28622],[-106.78934,39.2854]]}},{"type":"Feature","properties":{"cls":"low4wd","name":"LOWER LAST CHANCE DC ROAD","src":"usgs"},"geometry":{"type":"LineString","coordinates":[[-106.63327,39.35879],[-106.63235,39.35906],[-106.63165,39.35911],[-106.63,39.3587]]}},{"type":"Feature","properties":{"cls":"low4wd","src":"usgs"},"geometry":{"type":"LineString","coordinates":[[-106.80983,39.29901],[-106.80964,39.29921],[-106.80943,39.29924],[-106.80888,39.29905],[-106.80738,39.29834],[-106.80657,39.29824],[-106.80537,39.29829],[-106.80489,39.29858],[-106.80457,39.29889],[-106.80407,39.29919],[-106.80313,39.29954],[-106.8028,39.29957],[-106.80138,39.29933],[-106.80106,39.29923],[-106.80048,39.29887]]}},{"type":"Feature","properties":{"cls":"car","name":"McLain Flats Rd","src":"usgs"},"geometry":{"type":"LineString","coordinates":[[-106.8707,39.24992],[-106.8708,39.25007]]}},{"type":"Feature","properties":{"cls":"low4wd","name":"BEAR GULCH","src":"usgs"},"geometry":{"type":"LineString","coordinates":[[-106.81833,39.48307],[-106.81833,39.48348],[-106.81732,39.484],[-106.81649,39.48426],[-106.81576,39.4846],[-106.81467,39.48543],[-106.81428,39.48592],[-106.81383,39.48619],[-106.81248,39.48663],[-106.812,39.48668],[-106.81182,39.48679],[-106.81176,39.4869],[-106.81179,39.48718],[-106.81188,39.48724],[-106.81207,39.4872],[-106.8119,39.48745],[-106.81184,39.48775],[-106.81162,39.48793],[-106.81181,39.48887],[-106.81201,39.4892],[-106.81203,39.48938],[-106.81177,39.48999],[-106.81165,39.49014],[-106.81158,39.49044]]}},{"type":"Feature","properties":{"cls":"high4wd","src":"usgs"},"geometry":{"type":"LineString","coordinates":[[-106.76775,39.28023],[-106.76817,39.28017],[-106.76873,39.27992],[-106.76936,39.27981],[-106.76975,39.27949],[-106.77039,39.27931],[-106.7709,39.27942],[-106.77118,39.27955],[-106.77154,39.27944],[-106.77302,39.27856]]}},{"type":"Feature","properties":{"cls":"unknown","src":"usgs"},"geometry":{"type":"LineString","coordinates":[[-106.68064,39.34744],[-106.67977,39.34778],[-106.67923,39.34791]]}},{"type":"Feature","properties":{"cls":"unknown","src":"usgs"},"geometry":{"type":"LineString","coordinates":[[-106.85399,39.36967],[-106.85444,39.36923],[-106.85618,39.36972],[-106.85713,39.36964]]}},{"type":"Feature","properties":{"cls":"unknown","name":"SECTION 14","src":"usgs"},"geometry":{"type":"LineString","coordinates":[[-106.73544,39.27318],[-106.73471,39.27305],[-106.73441,39.27293],[-106.73437,39.27286],[-106.73443,39.27204],[-106.73468,39.27163],[-106.73592,39.271],[-106.73639,39.27092],[-106.73697,39.27068],[-106.73739,39.27031],[-106.73781,39.26981],[-106.73942,39.26935],[-106.74029,39.26892],[-106.74246,39.26825],[-106.74347,39.26769],[-106.74388,39.26758],[-106.74453,39.26753],[-106.74495,39.26734],[-106.74525,39.2671],[-106.74595,39.26633],[-106.74628,39.26571],[-106.74631,39.26557],[-106.74605,39.26525],[-106.74576,39.26507]]}},{"type":"Feature","properties":{"cls":"car","src":"usgs"},"geometry":{"type":"LineString","coordinates":[[-106.67481,39.34587],[-106.675,39.34537],[-106.6751,39.34483],[-106.67521,39.34467],[-106.67629,39.34481],[-106.67675,39.34476],[-106.67695,39.34467]]}},{"type":"Feature","properties":{"cls":"unknown","src":"usgs"},"geometry":{"type":"LineString","coordinates":[[-106.58378,39.32892],[-106.58383,39.32936],[-106.58392,39.32961],[-106.58397,39.33035],[-106.5839,39.33049],[-106.58352,39.33083],[-106.5834,39.33106],[-106.58346,39.3316],[-106.58389,39.3322],[-106.5843,39.3325],[-106.58541,39.33274],[-106.58596,39.33301],[-106.58852,39.33368]]}},{"type":"Feature","properties":{"cls":"car","src":"usgs"},"geometry":{"type":"LineString","coordinates":[[-106.7256,39.3617],[-106.72557,39.36216],[-106.72547,39.36229],[-106.72468,39.36241],[-106.72409,39.36263],[-106.72264,39.36288]]}},{"type":"Feature","properties":{"cls":"high4wd","src":"usgs"},"geometry":{"type":"LineString","coordinates":[[-106.77937,39.29345],[-106.77993,39.2933],[-106.78053,39.29295],[-106.78108,39.29299]]}},{"type":"Feature","properties":{"cls":"car","name":"McLain Flats Rd","src":"usgs"},"geometry":{"type":"LineString","coordinates":[[-106.8708,39.25007],[-106.87211,39.252]]}},{"type":"Feature","properties":{"cls":"unknown","src":"usgs"},"geometry":{"type":"LineString","coordinates":[[-106.74877,39.35381],[-106.74882,39.35392],[-106.74878,39.35423],[-106.74902,39.35464]]}},{"type":"Feature","properties":{"cls":"unknown","name":"SECTION 14","src":"usgs"},"geometry":{"type":"LineString","coordinates":[[-106.73191,39.27217],[-106.73237,39.27143],[-106.73242,39.27067],[-106.7325,39.27052],[-106.73281,39.2704],[-106.73404,39.27028],[-106.73556,39.26996],[-106.73622,39.26957],[-106.73632,39.26922]]}},{"type":"Feature","properties":{"cls":"car","src":"usgs"},"geometry":{"type":"LineString","coordinates":[[-106.72979,39.36204],[-106.72967,39.3619],[-106.72929,39.36177],[-106.72884,39.36171],[-106.72809,39.36176],[-106.72727,39.36142],[-106.72637,39.36126],[-106.72469,39.36132],[-106.72454,39.36127],[-106.72454,39.36118]]}},{"type":"Feature","properties":{"cls":"unknown","name":"CLIFF WAYS","src":"usgs"},"geometry":{"type":"LineString","coordinates":[[-106.72994,39.26234],[-106.7309,39.26283],[-106.73135,39.2629],[-106.73197,39.26288],[-106.73234,39.26284],[-106.7332,39.26233],[-106.73468,39.26174],[-106.73511,39.26173],[-106.73522,39.26191],[-106.73551,39.26198],[-106.73566,39.26194],[-106.73575,39.26164],[-106.73536,39.2609],[-106.73526,39.26066],[-106.73528,39.26054],[-106.73597,39.25993],[-106.73617,39.2594],[-106.73645,39.25916],[-106.73643,39.25907],[-106.7363,39.25895],[-106.73586,39.25878],[-106.73569,39.25857],[-106.73527,39.25834],[-106.73444,39.2582],[-106.73418,39.25822],[-106.73371,39.25865],[-106.73348,39.259],[-106.73252,39.25974],[-106.73208,39.25998],[-106.732,39.26012],[-106.73203,39.26047],[-106.7319,39.2607],[-106.73129,39.26107],[-106.72994,39.26234]]}},{"type":"Feature","properties":{"cls":"car","name":"RED HILL","src":"usgs"},"geometry":{"type":"LineString","coordinates":[[-106.81635,39.37571],[-106.81668,39.37579],[-106.81684,39.37574],[-106.81676,39.37552],[-106.81634,39.37511],[-106.81637,39.37493],[-106.8165,39.37473],[-106.8165,39.37423],[-106.81616,39.37319],[-106.8161,39.37268],[-106.81586,39.37252],[-106.81581,39.37222],[-106.81573,39.37209],[-106.81598,39.37173],[-106.81578,39.37166],[-106.81561,39.37175],[-106.81548,39.37173],[-106.81542,39.37155],[-106.81549,39.37111],[-106.81556,39.37104],[-106.81608,39.37095],[-106.81668,39.37127],[-106.81724,39.37137],[-106.81778,39.37124],[-106.81858,39.37134],[-106.81877,39.37127],[-106.81898,39.37109],[-106.81924,39.37054],[-106.81962,39.37038],[-106.81985,39.37058],[-106.82037,39.37191],[-106.82023,39.37311],[-106.82111,39.37359],[-106.82192,39.37381],[-106.82238,39.37425],[-106.82273,39.37477],[-106.82324,39.37529],[-106.82524,39.37682]]}},{"type":"Feature","properties":{"cls":"low4wd","name":"EAGLE-THOMASVILLE","src":"usgs"},"geometry":{"type":"LineString","coordinates":[[-106.73813,39.48113],[-106.73845,39.48125],[-106.7388,39.48126],[-106.73901,39.48119],[-106.73903,39.48106],[-106.73865,39.48072],[-106.73854,39.4807],[-106.73832,39.48083],[-106.73813,39.48113]]}},{"type":"Feature","properties":{"cls":"unknown","name":"JAKEMAN LANDING NO 2","src":"usgs"},"geometry":{"type":"LineString","coordinates":[[-106.69774,39.41411],[-106.69871,39.41339],[-106.69932,39.41282],[-106.69941,39.41263],[-106.69943,39.41228]]}},{"type":"Feature","properties":{"cls":"unknown","name":"COW CAMP","src":"usgs"},"geometry":{"type":"LineString","coordinates":[[-106.67592,39.40271],[-106.6741,39.40164],[-106.67298,39.40139],[-106.67156,39.40133],[-106.67072,39.40104]]}},{"type":"Feature","properties":{"cls":"unknown","src":"usgs"},"geometry":{"type":"LineString","coordinates":[[-106.83125,39.3929],[-106.83016,39.39214]]}},{"type":"Feature","properties":{"cls":"unknown","name":"LEDE CG","src":"usgs"},"geometry":{"type":"LineString","coordinates":[[-106.77639,39.46873],[-106.7764,39.46883],[-106.77619,39.46889],[-106.77564,39.46864],[-106.77532,39.46861],[-106.77467,39.46896],[-106.77421,39.469],[-106.77379,39.46917],[-106.77285,39.46935],[-106.77241,39.46927],[-106.77216,39.46941],[-106.77181,39.46944],[-106.77146,39.46965],[-106.77089,39.46973],[-106.77078,39.46997],[-106.77062,39.47007],[-106.77048,39.47007],[-106.77,39.46987],[-106.76964,39.46986],[-106.76891,39.47028],[-106.76884,39.47038],[-106.7688,39.47074],[-106.76865,39.47108]]}},{"type":"Feature","properties":{"cls":"high4wd","src":"usgs"},"geometry":{"type":"LineString","coordinates":[[-106.7456,39.27648],[-106.74599,39.27558],[-106.74637,39.27523],[-106.74643,39.27479],[-106.7465,39.27466],[-106.74694,39.27412],[-106.74754,39.27386],[-106.74824,39.27379],[-106.74939,39.27335],[-106.74985,39.27359],[-106.75089,39.27361],[-106.75165,39.27379],[-106.75251,39.27384],[-106.75328,39.27422]]}},{"type":"Feature","properties":{"cls":"car","name":"FRYING PAN","src":"usgs"},"geometry":{"type":"LineString","coordinates":[[-106.84599,39.36386],[-106.84606,39.36357],[-106.84601,39.36326],[-106.84579,39.36291],[-106.84547,39.36263],[-106.84306,39.36133],[-106.84234,39.36113],[-106.8417,39.36113],[-106.84076,39.36125],[-106.83869,39.36185],[-106.83757,39.36193],[-106.83646,39.36227],[-106.83506,39.36248],[-106.8335,39.36307],[-106.8315,39.36308]]}},{"type":"Feature","properties":{"cls":"unknown","name":"KOKAMEE CREEK","src":"usgs"},"geometry":{"type":"LineString","coordinates":[[-106.69153,39.35252],[-106.69152,39.35279],[-106.6916,39.35319],[-106.69182,39.35337],[-106.69205,39.35344]]}},{"type":"Feature","properties":{"cls":"unknown","name":"FREEMAN ROAD","src":"usgs"},"geometry":{"type":"LineString","coordinates":[[-106.76433,39.37159],[-106.76394,39.37144],[-106.76268,39.37125],[-106.76072,39.37081]]}},{"type":"Feature","properties":{"cls":"car","name":"FRYINGPAN CORRALS DC ROAD","src":"usgs"},"geometry":{"type":"LineString","coordinates":[[-106.68038,39.34727],[-106.68041,39.34733],[-106.68064,39.34744]]}},{"type":"Feature","properties":{"cls":"low4wd","name":"JOE CHAMBERS","src":"usgs"},"geometry":{"type":"LineString","coordinates":[[-106.70469,39.45607],[-106.70447,39.45611],[-106.70395,39.45641],[-106.70384,39.45634],[-106.70393,39.45616],[-106.70417,39.4559],[-106.70417,39.4558],[-106.70472,39.45532],[-106.70479,39.45517],[-106.70551,39.45489],[-106.70575,39.45465],[-106.70622,39.45372],[-106.70659,39.45329],[-106.70683,39.45279],[-106.70688,39.45244],[-106.70666,39.45203],[-106.70664,39.45185],[-106.70676,39.45176],[-106.70706,39.45175],[-106.70729,39.45166],[-106.70769,39.45172],[-106.70788,39.45162],[-106.70798,39.45118],[-106.70778,39.4511],[-106.70719,39.45116],[-106.70691,39.45097],[-106.7069,39.45081],[-106.70698,39.45078],[-106.70726,39.45086],[-106.70756,39.45082],[-106.70837,39.45037]]}},{"type":"Feature","properties":{"cls":"low4wd","src":"usgs"},"geometry":{"type":"LineString","coordinates":[[-106.79055,39.30029],[-106.79046,39.30001],[-106.79089,39.29934],[-106.7912,39.29916],[-106.79129,39.29889],[-106.7906,39.29763],[-106.79026,39.29655],[-106.78997,39.29644],[-106.78961,39.29658]]}},{"type":"Feature","properties":{"cls":"low4wd","name":"GYPSUM CREEK","src":"usgs"},"geometry":{"type":"LineString","coordinates":[[-106.79395,39.48616],[-106.79345,39.48572],[-106.79322,39.48531],[-106.79228,39.48491],[-106.79152,39.48418],[-106.79082,39.4837],[-106.79019,39.48288],[-106.78935,39.48201],[-106.78861,39.48148],[-106.78812,39.48085],[-106.78745,39.48041],[-106.78584,39.47967],[-106.78575,39.47939],[-106.78554,39.47773],[-106.78549,39.47757],[-106.78501,39.47699],[-106.78506,39.47672],[-106.78499,39.4764],[-106.78445,39.47594],[-106.78387,39.47508],[-106.78331,39.47441],[-106.78137,39.47284],[-106.78104,39.47206],[-106.78041,39.4713],[-106.77958,39.47077],[-106.77902,39.47026],[-106.77853,39.47006],[-106.77825,39.46966],[-106.77809,39.46915],[-106.77762,39.46851],[-106.77744,39.46798],[-106.7773,39.4679]]}},{"type":"Feature","properties":{"cls":"high4wd","name":"KNOB WAYS","src":"usgs"},"geometry":{"type":"LineString","coordinates":[[-106.77761,39.29476],[-106.77644,39.293],[-106.77535,39.29107]]}},{"type":"Feature","properties":{"cls":"low4wd","src":"usgs"},"geometry":{"type":"LineString","coordinates":[[-106.78582,39.37456],[-106.78648,39.37512],[-106.78663,39.37532],[-106.78663,39.37554],[-106.78642,39.37625],[-106.7864,39.37715],[-106.78648,39.37731],[-106.7867,39.37738],[-106.78692,39.37735],[-106.78735,39.37712],[-106.78772,39.37677],[-106.78813,39.3766],[-106.78834,39.37666],[-106.78884,39.37707]]}},{"type":"Feature","properties":{"cls":"unknown","src":"usgs"},"geometry":{"type":"LineString","coordinates":[[-106.80656,39.38099],[-106.80619,39.38121],[-106.80602,39.38124],[-106.80591,39.38104],[-106.8061,39.38094]]}},{"type":"Feature","properties":{"cls":"car","name":"CLIFF WAYS","src":"usgs"},"geometry":{"type":"LineString","coordinates":[[-106.72304,39.27091],[-106.7231,39.27073],[-106.72427,39.26975],[-106.72449,39.26933],[-106.72444,39.26909],[-106.72368,39.26788],[-106.72345,39.26718],[-106.72343,39.26647],[-106.72351,39.26592],[-106.7237,39.26541],[-106.72442,39.2647],[-106.72596,39.26342],[-106.72638,39.26332],[-106.72664,39.26313],[-106.7278,39.26273],[-106.72841,39.26219],[-106.72899,39.262],[-106.72938,39.262],[-106.72994,39.26234]]}},{"type":"Feature","properties":{"cls":"unknown","src":"usgs"},"geometry":{"type":"LineString","coordinates":[[-106.81158,39.49044],[-106.81151,39.49029],[-106.81149,39.4896],[-106.81139,39.48946],[-106.81102,39.48922],[-106.81095,39.48899],[-106.81062,39.48856],[-106.81037,39.48796],[-106.81002,39.48779],[-106.80978,39.4878],[-106.80915,39.48801],[-106.80757,39.48878],[-106.80708,39.48881],[-106.80676,39.48873],[-106.80633,39.48878],[-106.80615,39.48873],[-106.80594,39.48852],[-106.80577,39.48846],[-106.80569,39.48856],[-106.8058,39.48918],[-106.80577,39.4893],[-106.80566,39.4894],[-106.80484,39.48944],[-106.80445,39.4894],[-106.80406,39.48952],[-106.80377,39.48932],[-106.80356,39.48931],[-106.80307,39.48955],[-106.80194,39.48988],[-106.80077,39.48988],[-106.80054,39.48983],[-106.80012,39.48958],[-106.79971,39.48954],[-106.79927,39.48934],[-106.79841,39.48929],[-106.79824,39.48934],[-106.79805,39.48975],[-106.79753,39.49021],[-106.79643,39.49037],[-106.79619,39.49034],[-106.7961,39.49025],[-106.79613,39.49007],[-106.79634,39.4897],[-106.79632,39.48961],[-106.79616,39.48951],[-106.79585,39.48949],[-106.7952,39.4897],[-106.79485,39.48973],[-106.79341,39.48962],[-106.79285,39.48975],[-106.79279,39.4899],[-106.79283,39.49021],[-106.79272,39.49034],[-106.7924,39.49046],[-106.79203,39.49039],[-106.79159,39.48999],[-106.79084,39.48955],[-106.78976,39.48932],[-106.78907,39.489],[-106.7875,39.48892],[-106.78719,39.48884],[-106.78678,39.4885],[-106.78668,39.48827]]}},{"type":"Feature","properties":{"cls":"low4wd","name":"EAGLE-THOMASVILLE","src":"usgs"},"geometry":{"type":"LineString","coordinates":[[-106.73446,39.48026],[-106.73402,39.48013]]}},{"type":"Feature","properties":{"cls":"car","name":"SECTION 14","src":"usgs"},"geometry":{"type":"LineString","coordinates":[[-106.73544,39.27318],[-106.73542,39.27373],[-106.73565,39.2743],[-106.73563,39.27444],[-106.73545,39.27459],[-106.73476,39.27481],[-106.73391,39.27482],[-106.7335,39.2747],[-106.73317,39.27442],[-106.73291,39.27435]]}},{"type":"Feature","properties":{"cls":"unknown","name":"LITTLE DEADMAN","src":"usgs"},"geometry":{"type":"LineString","coordinates":[[-106.69717,39.35219],[-106.69826,39.35162],[-106.69998,39.34968]]}},{"type":"Feature","properties":{"cls":"low4wd","src":"usgs"},"geometry":{"type":"LineString","coordinates":[[-106.78664,39.29994],[-106.78644,39.29913],[-106.78646,39.29887],[-106.78656,39.2987],[-106.7863,39.29845],[-106.78627,39.29821],[-106.78645,39.29741],[-106.78671,39.29714],[-106.78698,39.29705],[-106.78701,39.29689],[-106.78699,39.2968],[-106.78684,39.2967],[-106.78639,39.29661]]}},{"type":"Feature","properties":{"cls":"unknown","name":"LEDE CG","src":"usgs"},"geometry":{"type":"LineString","coordinates":[[-106.77674,39.46826],[-106.7764,39.46827],[-106.77639,39.46873]]}},{"type":"Feature","properties":{"cls":"car","name":"Co Rd 18A","src":"usgs"},"geometry":{"type":"LineString","coordinates":[[-106.8712,39.28549],[-106.87025,39.28544],[-106.8694,39.28594],[-106.86817,39.28622],[-106.86763,39.28651],[-106.86739,39.28677],[-106.86732,39.28748],[-106.86708,39.28788],[-106.86548,39.2888],[-106.86443,39.28894],[-106.86398,39.28916],[-106.86184,39.28956],[-106.86122,39.28976],[-106.86085,39.29004],[-106.86039,39.29026],[-106.85933,39.29041]]}},{"type":"Feature","properties":{"cls":"unknown","src":"usgs"},"geometry":{"type":"LineString","coordinates":[[-106.81098,39.29989],[-106.81126,39.29983],[-106.81165,39.29959],[-106.81216,39.29962],[-106.81244,39.29973],[-106.81275,39.29996],[-106.81287,39.30025],[-106.813,39.30028],[-106.81396,39.29976],[-106.81446,39.29982]]}},{"type":"Feature","properties":{"cls":"unknown","src":"usgs"},"geometry":{"type":"LineString","coordinates":[[-106.69714,39.36012],[-106.69681,39.35993]]}},{"type":"Feature","properties":{"cls":"unknown","name":"SECTION 14","src":"usgs"},"geometry":{"type":"LineString","coordinates":[[-106.73291,39.27435],[-106.7333,39.27391],[-106.73331,39.27366],[-106.7335,39.27305],[-106.73422,39.2719],[-106.73503,39.27094],[-106.73687,39.26993],[-106.73942,39.26895],[-106.74109,39.26792],[-106.74268,39.2674],[-106.74289,39.26724],[-106.74311,39.26687],[-106.74372,39.26653],[-106.74426,39.2664],[-106.74456,39.26606],[-106.74456,39.26593],[-106.7445,39.26586],[-106.74405,39.26564],[-106.74324,39.2655]]}},{"type":"Feature","properties":{"cls":"high4wd","src":"usgs"},"geometry":{"type":"LineString","coordinates":[[-106.79403,39.29765],[-106.79346,39.29718],[-106.79319,39.29704],[-106.79308,39.29689],[-106.79285,39.29626],[-106.79238,39.2957],[-106.79236,39.29541],[-106.79248,39.29497],[-106.79282,39.29462],[-106.79306,39.29426]]}},{"type":"Feature","properties":{"cls":"high4wd","name":"KNOB WAYS","src":"usgs"},"geometry":{"type":"LineString","coordinates":[[-106.77931,39.29357],[-106.77937,39.29345]]}},{"type":"Feature","properties":{"cls":"unknown","src":"usgs"},"geometry":{"type":"LineString","coordinates":[[-106.69321,39.41781],[-106.69343,39.41741],[-106.69377,39.41735],[-106.69432,39.41702],[-106.69481,39.4157],[-106.69485,39.41504],[-106.69493,39.41486],[-106.69615,39.41444],[-106.69657,39.41344],[-106.69655,39.41337],[-106.69626,39.41321],[-106.69637,39.4129],[-106.69672,39.41281],[-106.69844,39.41273],[-106.69877,39.41255],[-106.69906,39.41229],[-106.69943,39.41228]]}},{"type":"Feature","properties":{"cls":"low4wd","name":"EAGLE-THOMASVILLE","src":"usgs"},"geometry":{"type":"LineString","coordinates":[[-106.73476,39.48005],[-106.73513,39.47987]]}},{"type":"Feature","properties":{"cls":"low4wd","src":"usgs"},"geometry":{"type":"LineString","coordinates":[[-106.81383,39.37895],[-106.81361,39.38018],[-106.81362,39.38112],[-106.81368,39.38125],[-106.81389,39.38125],[-106.81428,39.38086],[-106.81426,39.38042],[-106.81406,39.38021],[-106.81438,39.37917],[-106.81472,39.37915],[-106.81551,39.3793],[-106.81595,39.37951],[-106.81691,39.38047],[-106.81883,39.38177],[-106.82018,39.38283],[-106.82073,39.38308],[-106.82173,39.38328],[-106.82208,39.38345],[-106.82222,39.38359],[-106.82219,39.38372],[-106.82177,39.38409],[-106.82108,39.38443],[-106.82057,39.38445],[-106.82019,39.38422]]}},{"type":"Feature","properties":{"cls":"unknown","name":"RED CREEK","src":"usgs"},"geometry":{"type":"LineString","coordinates":[[-106.83972,39.49151],[-106.83967,39.49139],[-106.83932,39.49133],[-106.83899,39.49116],[-106.83825,39.49062],[-106.83738,39.49015],[-106.83712,39.48992]]}},{"type":"Feature","properties":{"cls":"high4wd","src":"usgs"},"geometry":{"type":"LineString","coordinates":[[-106.77389,39.28803],[-106.77504,39.28836],[-106.77566,39.28835],[-106.77591,39.28816],[-106.77618,39.28756]]}},{"type":"Feature","properties":{"cls":"unknown","src":"usgs"},"geometry":{"type":"LineString","coordinates":[[-106.69998,39.34968],[-106.6998,39.3495],[-106.69944,39.34944],[-106.69881,39.34953],[-106.69816,39.34981],[-106.69729,39.35057]]}},{"type":"Feature","properties":{"cls":"low4wd","name":"BETTY BEAR HUT","src":"usgs"},"geometry":{"type":"LineString","coordinates":[[-106.52285,39.2554],[-106.52277,39.25555],[-106.52281,39.25569],[-106.5232,39.25585],[-106.52329,39.25583],[-106.52334,39.25572],[-106.52398,39.25549]]}},{"type":"Feature","properties":{"cls":"unknown","src":"usgs"},"geometry":{"type":"LineString","coordinates":[[-106.69046,39.43994],[-106.69021,39.44024],[-106.69007,39.44029],[-106.68952,39.44042],[-106.68921,39.44041],[-106.68869,39.44028],[-106.68825,39.43989],[-106.68791,39.43971],[-106.6877,39.43968],[-106.68755,39.44011],[-106.68719,39.44046],[-106.68704,39.44076],[-106.68637,39.44159],[-106.68639,39.44178],[-106.6867,39.44219]]}},{"type":"Feature","properties":{"cls":"low4wd","src":"usgs"},"geometry":{"type":"LineString","coordinates":[[-106.78961,39.29658],[-106.78936,39.29692],[-106.78942,39.29761],[-106.78905,39.29854],[-106.78846,39.29952],[-106.78826,39.29964],[-106.78822,39.29988]]}},{"type":"Feature","properties":{"cls":"low4wd","src":"usgs"},"geometry":{"type":"LineString","coordinates":[[-106.66728,39.46964],[-106.66871,39.47002],[-106.67018,39.47022],[-106.67066,39.47037],[-106.67261,39.47149]]}},{"type":"Feature","properties":{"cls":"low4wd","name":"EAGLE-THOMASVILLE","src":"usgs"},"geometry":{"type":"LineString","coordinates":[[-106.73519,39.47985],[-106.73529,39.47981]]}},{"type":"Feature","properties":{"cls":"unknown","src":"usgs"},"geometry":{"type":"LineString","coordinates":[[-106.71381,39.36109],[-106.71383,39.36127],[-106.71402,39.36156],[-106.71436,39.36179],[-106.71441,39.36192],[-106.71397,39.36202],[-106.71383,39.36222],[-106.71338,39.36217],[-106.71298,39.36236]]}},{"type":"Feature","properties":{"cls":"car","name":"Yellow Fox Ln","src":"usgs"},"geometry":{"type":"LineString","coordinates":[[-106.86651,39.2555],[-106.86711,39.25642],[-106.86751,39.25677],[-106.86823,39.25702],[-106.86897,39.25701]]}},{"type":"Feature","properties":{"cls":"unknown","name":"TEETUM RIDGE ROAD","src":"usgs"},"geometry":{"type":"LineString","coordinates":[[-106.66069,39.3103],[-106.66185,39.31054],[-106.66204,39.31065],[-106.66215,39.31081],[-106.66214,39.31111],[-106.66179,39.31185],[-106.66172,39.31264],[-106.66178,39.31313]]}},{"type":"Feature","properties":{"cls":"car","name":"NORRIE GUARD STATION","src":"usgs"},"geometry":{"type":"LineString","coordinates":[[-106.65765,39.33121],[-106.65749,39.33135],[-106.65744,39.33161],[-106.65748,39.33196],[-106.6576,39.3321]]}},{"type":"Feature","properties":{"cls":"high4wd","name":"KNOB WAYS","src":"usgs"},"geometry":{"type":"LineString","coordinates":[[-106.78076,39.30145],[-106.7808,39.3013],[-106.78101,39.30113],[-106.78099,39.30094],[-106.78034,39.29994],[-106.77996,39.29913],[-106.7795,39.29869],[-106.7793,39.29824],[-106.77859,39.29723],[-106.77845,39.29673],[-106.77824,39.29648],[-106.77815,39.29618],[-106.77772,39.29552],[-106.77761,39.29476]]}},{"type":"Feature","properties":{"cls":"car","src":"usgs"},"geometry":{"type":"LineString","coordinates":[[-106.73769,39.36082],[-106.73715,39.36069],[-106.73689,39.36055]]}},{"type":"Feature","properties":{"cls":"unknown","src":"usgs"},"geometry":{"type":"LineString","coordinates":[[-106.74067,39.35414],[-106.74169,39.35388],[-106.74202,39.35349],[-106.74221,39.35339],[-106.7425,39.35344],[-106.74269,39.35356],[-106.74295,39.35396],[-106.7433,39.3542],[-106.74378,39.35426],[-106.74436,39.35418],[-106.7446,39.35405],[-106.74534,39.35401],[-106.74678,39.35358],[-106.74729,39.3535],[-106.74771,39.35336],[-106.74797,39.35319],[-106.74866,39.35316],[-106.7489,39.35306],[-106.7491,39.35277],[-106.74916,39.35257],[-106.74932,39.35242],[-106.74975,39.35229]]}},{"type":"Feature","properties":{"cls":"unknown","name":"NORRIE POWERLINE SPUR","src":"usgs"},"geometry":{"type":"LineString","coordinates":[[-106.63296,39.32563],[-106.63274,39.32549],[-106.63256,39.32486],[-106.6327,39.32433],[-106.63306,39.32391],[-106.63303,39.32369],[-106.63271,39.32322],[-106.63099,39.32265],[-106.62979,39.32269],[-106.62933,39.32231],[-106.62899,39.32229],[-106.62862,39.32239],[-106.62822,39.3223],[-106.62789,39.32235],[-106.62709,39.3223],[-106.62618,39.32187],[-106.62452,39.32141]]}},{"type":"Feature","properties":{"cls":"unknown","name":"IVANHOE DITCH ROAD","src":"usgs"},"geometry":{"type":"LineString","coordinates":[[-106.51124,39.27563],[-106.51124,39.2758],[-106.51079,39.27583],[-106.51055,39.27595],[-106.51044,39.27584],[-106.51029,39.27583],[-106.51015,39.27598]]}},{"type":"Feature","properties":{"cls":"unknown","src":"usgs"},"geometry":{"type":"LineString","coordinates":[[-106.75042,39.35341],[-106.74969,39.35316],[-106.74935,39.35296]]}},{"type":"Feature","properties":{"cls":"high4wd","src":"usgs"},"geometry":{"type":"LineString","coordinates":[[-106.77529,39.28739],[-106.7751,39.28752],[-106.77476,39.28748],[-106.77441,39.28735],[-106.7739,39.28695],[-106.77383,39.2867],[-106.77401,39.28658],[-106.77408,39.28641],[-106.77405,39.28568],[-106.7741,39.28539],[-106.77394,39.2847],[-106.7731,39.28391],[-106.7727,39.28339],[-106.772,39.28304],[-106.7716,39.28305],[-106.77085,39.28285],[-106.77043,39.28255],[-106.77022,39.28213]]}},{"type":"Feature","properties":{"cls":"low4wd","src":"usgs"},"geometry":{"type":"LineString","coordinates":[[-106.78597,39.47686],[-106.786,39.47707],[-106.78619,39.47719],[-106.78626,39.47765],[-106.78623,39.47794],[-106.78615,39.47805],[-106.78617,39.47826],[-106.78604,39.47905],[-106.78574,39.47936]]}},{"type":"Feature","properties":{"cls":"low4wd","src":"usgs"},"geometry":{"type":"LineString","coordinates":[[-106.82005,39.30277],[-106.82007,39.30267],[-106.81952,39.30218],[-106.81941,39.30191],[-106.81907,39.30151],[-106.81877,39.30146],[-106.81866,39.3015],[-106.81852,39.30183],[-106.81846,39.30275],[-106.81755,39.30358],[-106.81749,39.30382]]}},{"type":"Feature","properties":{"cls":"unknown","src":"usgs"},"geometry":{"type":"LineString","coordinates":[[-106.70186,39.36042],[-106.70172,39.36051],[-106.70149,39.36053],[-106.70066,39.36022],[-106.7003,39.36037],[-106.70016,39.36051],[-106.70004,39.36052],[-106.6996,39.3604],[-106.69897,39.36034],[-106.69841,39.36015]]}},{"type":"Feature","properties":{"cls":"unknown","name":"EAGLE-THOMASVILLE","src":"usgs"},"geometry":{"type":"LineString","coordinates":[[-106.73288,39.47944],[-106.73283,39.47926]]}},{"type":"Feature","properties":{"cls":"unknown","name":"Chaparral Dr","src":"usgs"},"geometry":{"type":"LineString","coordinates":[[-106.88432,39.28563],[-106.88414,39.28589],[-106.88402,39.28595],[-106.88304,39.2862],[-106.88268,39.28637],[-106.88243,39.28682],[-106.88192,39.28714],[-106.88132,39.28767],[-106.88065,39.28771],[-106.88,39.28794],[-106.87954,39.28851],[-106.87923,39.28861],[-106.87888,39.28894],[-106.87884,39.28904],[-106.87889,39.2891],[-106.87936,39.28901],[-106.87943,39.28915],[-106.87882,39.28979],[-106.8786,39.2901],[-106.87854,39.29036],[-106.87904,39.29062],[-106.87988,39.29077],[-106.87996,39.29125],[-106.87994,39.29196],[-106.87971,39.29231],[-106.87913,39.29268],[-106.8777,39.29335],[-106.87653,39.29414],[-106.87536,39.2959],[-106.87503,39.29743],[-106.87403,39.29929],[-106.87354,39.30047],[-106.87322,39.30088],[-106.87232,39.30153],[-106.87122,39.30347],[-106.87063,39.30375],[-106.87004,39.3039],[-106.86946,39.30393],[-106.8693,39.30403],[-106.8697,39.30433],[-106.87001,39.30483],[-106.87019,39.30554],[-106.87048,39.30567],[-106.87062,39.30583],[-106.87083,39.30594],[-106.87123,39.3059],[-106.87152,39.30597],[-106.87162,39.30613],[-106.8714,39.30635],[-106.87091,39.30651]]}},{"type":"Feature","properties":{"cls":"low4wd","name":"EAGLE-THOMASVILLE","src":"usgs"},"geometry":{"type":"LineString","coordinates":[[-106.73468,39.48131],[-106.73444,39.48101],[-106.73456,39.48068]]}},{"type":"Feature","properties":{"cls":"unknown","src":"usgs"},"geometry":{"type":"LineString","coordinates":[[-106.82988,39.39254],[-106.83016,39.39214]]}},{"type":"Feature","properties":{"cls":"low4wd","name":"REC.RESIDENCE","src":"usgs"},"geometry":{"type":"LineString","coordinates":[[-106.65939,39.33027],[-106.66015,39.33165],[-106.66105,39.33269],[-106.66168,39.33321],[-106.66185,39.33347],[-106.66279,39.33406],[-106.66382,39.33503],[-106.66437,39.33543],[-106.66453,39.33587],[-106.66471,39.336]]}},{"type":"Feature","properties":{"cls":"low4wd","name":"WOODS LAKE SPECIAL USE L","src":"usgs"},"geometry":{"type":"LineString","coordinates":[[-106.62909,39.42582],[-106.62795,39.42714]]}},{"type":"Feature","properties":{"cls":"unknown","src":"usgs"},"geometry":{"type":"LineString","coordinates":[[-106.69841,39.36015],[-106.69787,39.3603],[-106.69714,39.36012]]}},{"type":"Feature","properties":{"cls":"low4wd","src":"usgs"},"geometry":{"type":"LineString","coordinates":[[-106.80747,39.29769],[-106.80741,39.2974],[-106.80726,39.29717],[-106.80706,39.29702],[-106.8065,39.2968],[-106.80571,39.2967],[-106.80539,39.29683],[-106.80464,39.29689]]}},{"type":"Feature","properties":{"cls":"unknown","name":"SECTION 14","src":"usgs"},"geometry":{"type":"LineString","coordinates":[[-106.73291,39.27435],[-106.73249,39.27448],[-106.73239,39.27441],[-106.73248,39.27362],[-106.73244,39.27335],[-106.73199,39.27283],[-106.73191,39.27217]]}},{"type":"Feature","properties":{"cls":"car","src":"usgs"},"geometry":{"type":"LineString","coordinates":[[-106.5105,39.27488],[-106.51024,39.275],[-106.50974,39.27504],[-106.50976,39.27519],[-106.50996,39.27539],[-106.51003,39.27585],[-106.51015,39.27598]]}},{"type":"Feature","properties":{"cls":"unknown","name":"SECTION 14","src":"usgs"},"geometry":{"type":"LineString","coordinates":[[-106.74576,39.26507],[-106.74553,39.26524],[-106.74527,39.2653],[-106.74468,39.26536],[-106.74414,39.26533],[-106.74324,39.2655]]}},{"type":"Feature","properties":{"cls":"unknown","name":"LIME CREEK CANYON WESTSIDE","src":"usgs"},"geometry":{"type":"LineString","coordinates":[[-106.65237,39.4104],[-106.65282,39.40931],[-106.653,39.40906],[-106.65374,39.40874],[-106.65441,39.40833],[-106.65478,39.40825],[-106.65517,39.408],[-106.65533,39.40769]]}},{"type":"Feature","properties":{"cls":"low4wd","name":"EAGLE-THOMASVILLE","src":"usgs"},"geometry":{"type":"LineString","coordinates":[[-106.73388,39.48011],[-106.73387,39.47986],[-106.73381,39.47977],[-106.73304,39.47996],[-106.73288,39.47944]]}},{"type":"Feature","properties":{"cls":"unknown","src":"usgs"},"geometry":{"type":"LineString","coordinates":[[-106.79017,39.37787],[-106.7906,39.37824],[-106.79112,39.37848],[-106.79145,39.37891]]}},{"type":"Feature","properties":{"cls":"car","name":"CLIFF WAYS","src":"usgs"},"geometry":{"type":"LineString","coordinates":[[-106.7311,39.25414],[-106.73157,39.2534],[-106.73202,39.25308],[-106.73203,39.25299],[-106.7322,39.25287],[-106.7326,39.25276],[-106.7333,39.25293],[-106.7335,39.2533],[-106.73374,39.25353],[-106.7342,39.25416],[-106.73482,39.25421],[-106.735,39.25429],[-106.73525,39.25459],[-106.73521,39.2551],[-106.73529,39.25522],[-106.73565,39.25519],[-106.73688,39.25539],[-106.73717,39.25549],[-106.73785,39.25599],[-106.73811,39.25609],[-106.73836,39.25611],[-106.73871,39.2563],[-106.73917,39.25712],[-106.73921,39.25777]]}},{"type":"Feature","properties":{"cls":"car","name":"FORK WAYS","src":"usgs"},"geometry":{"type":"LineString","coordinates":[[-106.74905,39.26435],[-106.74908,39.2641],[-106.74834,39.26331],[-106.74805,39.26241],[-106.74772,39.26206],[-106.7474,39.26151],[-106.74738,39.26134]]}},{"type":"Feature","properties":{"cls":"low4wd","name":"EAGLE-THOMASVILLE","src":"usgs"},"geometry":{"type":"LineString","coordinates":[[-106.73456,39.48068],[-106.73479,39.48109],[-106.73468,39.48131]]}},{"type":"Feature","properties":{"cls":"unknown","src":"usgs"},"geometry":{"type":"LineString","coordinates":[[-106.74935,39.35296],[-106.7491,39.35343],[-106.74877,39.35381]]}},{"type":"Feature","properties":{"cls":"low4wd","src":"usgs"},"geometry":{"type":"LineString","coordinates":[[-106.82019,39.38422],[-106.81975,39.38444],[-106.81891,39.38461],[-106.8179,39.38515],[-106.81762,39.38537]]}},{"type":"Feature","properties":{"cls":"low4wd","src":"usgs"},"geometry":{"type":"LineString","coordinates":[[-106.818,39.30404],[-106.81834,39.30376],[-106.81877,39.30323],[-106.81917,39.30259],[-106.81936,39.30255],[-106.82005,39.30277]]}},{"type":"Feature","properties":{"cls":"unknown","src":"usgs"},"geometry":{"type":"LineString","coordinates":[[-106.80225,39.28804],[-106.80269,39.28807],[-106.80291,39.28817],[-106.80363,39.28875],[-106.80407,39.28921],[-106.80509,39.28939],[-106.80535,39.28953],[-106.80544,39.28966],[-106.80527,39.28975],[-106.80385,39.28968],[-106.80374,39.28962],[-106.80334,39.28913],[-106.80303,39.28897],[-106.80272,39.2889]]}},{"type":"Feature","properties":{"cls":"low4wd","name":"CHAPMAN GULCH DC ROAD","src":"usgs"},"geometry":{"type":"LineString","coordinates":[[-106.63903,39.29468],[-106.63898,39.29435],[-106.63925,39.29401],[-106.63909,39.2937],[-106.63944,39.2931],[-106.63937,39.29108],[-106.63923,39.2903],[-106.63898,39.28961],[-106.63849,39.28856]]}},{"type":"Feature","properties":{"cls":"unknown","src":"usgs"},"geometry":{"type":"LineString","coordinates":[[-106.79756,39.29225],[-106.7976,39.29205],[-106.79753,39.2915],[-106.79548,39.2903],[-106.79486,39.29007],[-106.79483,39.29003],[-106.79495,39.28978],[-106.79532,39.28947],[-106.79633,39.28901],[-106.79656,39.28897],[-106.79686,39.28899],[-106.79734,39.28917],[-106.79878,39.28998]]}},{"type":"Feature","properties":{"cls":"low4wd","name":"EAGLE-THOMASVILLE","src":"usgs"},"geometry":{"type":"LineString","coordinates":[[-106.73402,39.48013],[-106.73388,39.48011]]}},{"type":"Feature","properties":{"cls":"unknown","name":"JAKEMAN SPUR NO. 2","src":"usgs"},"geometry":{"type":"LineString","coordinates":[[-106.70098,39.40543],[-106.70011,39.40669],[-106.69958,39.40784],[-106.69894,39.40896],[-106.6988,39.4093],[-106.6988,39.40979],[-106.69897,39.41027],[-106.69915,39.41049],[-106.69979,39.41089],[-106.70026,39.4115],[-106.70042,39.41195],[-106.7004,39.41262],[-106.70017,39.4129],[-106.6995,39.41321],[-106.69929,39.41335],[-106.69909,39.41364],[-106.69868,39.41387],[-106.69834,39.41417],[-106.69776,39.41479],[-106.6974,39.41532],[-106.69713,39.41581],[-106.69705,39.41614],[-106.69706,39.41647],[-106.69732,39.41707],[-106.69798,39.41739],[-106.69959,39.41777]]}},{"type":"Feature","properties":{"cls":"low4wd","name":"GYPSUM CREEK","src":"usgs"},"geometry":{"type":"LineString","coordinates":[[-106.79843,39.48716],[-106.79749,39.48711],[-106.7964,39.48718],[-106.79591,39.48714],[-106.79395,39.48616]]}},{"type":"Feature","properties":{"cls":"unknown","name":"JAKEMAN SPUR NO. 4","src":"usgs"},"geometry":{"type":"LineString","coordinates":[[-106.70422,39.415],[-106.70445,39.41496],[-106.70582,39.41383],[-106.70707,39.4129],[-106.70758,39.41235],[-106.70765,39.41215],[-106.70751,39.41199],[-106.70693,39.41186],[-106.70686,39.41178],[-106.70685,39.41154],[-106.70649,39.41121],[-106.70547,39.41069],[-106.70451,39.41002],[-106.70434,39.40982],[-106.70424,39.40916],[-106.70408,39.40897],[-106.70403,39.40873],[-106.70407,39.40853],[-106.70419,39.40842],[-106.70468,39.40825],[-106.70528,39.40823],[-106.70613,39.408],[-106.70659,39.40768],[-106.70717,39.40693],[-106.70764,39.40648],[-106.70781,39.40555],[-106.70812,39.40472],[-106.70813,39.40439],[-106.70856,39.40379],[-106.70932,39.40301],[-106.70988,39.40208]]}},{"type":"Feature","properties":{"cls":"high4wd","name":"HAGGERMAN TUNNEL","src":"usgs"},"geometry":{"type":"LineString","coordinates":[[-106.50279,39.25583],[-106.50218,39.25577],[-106.50175,39.2556],[-106.50107,39.25512],[-106.50045,39.25481],[-106.49943,39.25445],[-106.49889,39.25436],[-106.49767,39.25429],[-106.49359,39.2544],[-106.49292,39.25448],[-106.4923,39.25465],[-106.49069,39.25553],[-106.49008,39.25553]]}},{"type":"Feature","properties":{"cls":"unknown","name":"SECTION 14","src":"usgs"},"geometry":{"type":"LineString","coordinates":[[-106.74779,39.26618],[-106.74744,39.26653],[-106.74692,39.26685],[-106.74537,39.26731],[-106.74418,39.26792],[-106.74332,39.26848],[-106.74126,39.2693],[-106.74011,39.26983],[-106.73887,39.27025],[-106.73802,39.27073],[-106.73657,39.2714],[-106.73546,39.27273],[-106.73544,39.27318]]}},{"type":"Feature","properties":{"cls":"low4wd","name":"LEDE CG","src":"usgs"},"geometry":{"type":"LineString","coordinates":[[-106.7775,39.4682],[-106.77716,39.46812],[-106.77674,39.46826]]}},{"type":"Feature","properties":{"cls":"low4wd","name":"JAKEMAN SPUR NO. 4","src":"usgs"},"geometry":{"type":"LineString","coordinates":[[-106.70191,39.40713],[-106.7015,39.40763],[-106.70114,39.40822],[-106.70111,39.40929],[-106.70129,39.40943],[-106.70245,39.40989],[-106.70286,39.41037],[-106.70305,39.41074],[-106.70484,39.41174],[-106.70499,39.41208],[-106.70553,39.41241],[-106.7057,39.41258],[-106.70581,39.41279],[-106.7058,39.41318],[-106.70563,39.41346],[-106.7052,39.41403],[-106.70422,39.41492],[-106.70422,39.415]]}},{"type":"Feature","properties":{"cls":"unknown","src":"usgs"},"geometry":{"type":"LineString","coordinates":[[-106.61044,39.30413],[-106.61039,39.30428],[-106.61047,39.3044],[-106.61048,39.30458],[-106.6102,39.30492],[-106.61013,39.30551],[-106.61074,39.30618],[-106.6109,39.30646],[-106.61091,39.30672],[-106.61089,39.30699],[-106.61042,39.30729]]}},{"type":"Feature","properties":{"cls":"unknown","src":"usgs"},"geometry":{"type":"LineString","coordinates":[[-106.82575,39.48462],[-106.82759,39.48566],[-106.82786,39.48569],[-106.82865,39.48554],[-106.8287,39.48566],[-106.82831,39.48597],[-106.82827,39.48626],[-106.82831,39.48648],[-106.82903,39.48664],[-106.82904,39.48684]]}},{"type":"Feature","properties":{"cls":"unknown","name":"JAKEMAN SPUR NO. 2","src":"usgs"},"geometry":{"type":"LineString","coordinates":[[-106.69959,39.41777],[-106.69998,39.41786],[-106.70004,39.41793],[-106.69988,39.418],[-106.69906,39.41803],[-106.69758,39.41829],[-106.69646,39.41865],[-106.696,39.41886],[-106.69572,39.41987],[-106.69531,39.42063]]}},{"type":"Feature","properties":{"cls":"unknown","name":"JAKEMAN LANDING NO 2","src":"usgs"},"geometry":{"type":"LineString","coordinates":[[-106.69943,39.41228],[-106.69946,39.41209],[-106.69882,39.41139],[-106.69811,39.411],[-106.69774,39.41065],[-106.6976,39.41024],[-106.69758,39.40912],[-106.69777,39.40863],[-106.698,39.40829],[-106.6987,39.40761],[-106.69953,39.40651],[-106.70098,39.40543]]}},{"type":"Feature","properties":{"cls":"low4wd","name":"JAKEMAN","src":"usgs"},"geometry":{"type":"LineString","coordinates":[[-106.70191,39.40713],[-106.70105,39.40764],[-106.70056,39.40816],[-106.70019,39.40869],[-106.7001,39.40893],[-106.70007,39.40955],[-106.70031,39.41006],[-106.70046,39.41014],[-106.70153,39.41027],[-106.70169,39.4104],[-106.7016,39.41062],[-106.70204,39.41078],[-106.70208,39.41085],[-106.70201,39.41111],[-106.70209,39.41135],[-106.70222,39.41153],[-106.70257,39.4118],[-106.70256,39.41214],[-106.70296,39.41264],[-106.703,39.4132],[-106.70297,39.41335],[-106.70284,39.41354]]}},{"type":"Feature","properties":{"cls":"car","name":"Star Mesa Rd","src":"usgs"},"geometry":{"type":"LineString","coordinates":[[-106.87048,39.24958],[-106.8657,39.24957],[-106.86553,39.24965],[-106.86539,39.24984],[-106.86497,39.25083],[-106.86476,39.25091],[-106.86454,39.25076],[-106.8641,39.24967],[-106.86398,39.24958],[-106.86382,39.24957],[-106.86366,39.2497],[-106.86357,39.24993],[-106.86353,39.25021],[-106.86356,39.25093],[-106.8635,39.25106],[-106.86339,39.25109],[-106.86328,39.25108],[-106.86315,39.25094],[-106.86266,39.2499],[-106.86254,39.24982],[-106.86238,39.24982],[-106.86227,39.25001],[-106.86228,39.25162],[-106.86191,39.25236],[-106.86155,39.25249],[-106.86095,39.25251],[-106.86034,39.25262],[-106.85947,39.25258],[-106.85931,39.25265],[-106.8592,39.25279],[-106.85914,39.25322],[-106.85879,39.25409],[-106.8587,39.25457],[-106.85907,39.2551],[-106.86007,39.25576]]}},{"type":"Feature","properties":{"cls":"low4wd","src":"usgs"},"geometry":{"type":"LineString","coordinates":[[-106.82028,39.37942],[-106.82027,39.37985],[-106.8201,39.37995],[-106.81981,39.38001],[-106.81804,39.38005],[-106.81796,39.38014],[-106.81816,39.38037]]}},{"type":"Feature","properties":{"cls":"high4wd","src":"usgs"},"geometry":{"type":"LineString","coordinates":[[-106.77618,39.28756],[-106.77643,39.28682],[-106.77648,39.28615],[-106.7763,39.28546],[-106.77598,39.28478],[-106.77504,39.28393],[-106.77487,39.28356],[-106.77452,39.28327],[-106.77445,39.28279],[-106.77392,39.2822],[-106.7731,39.28162],[-106.77236,39.28131],[-106.77215,39.28129],[-106.77183,39.28139],[-106.77115,39.28198],[-106.7711,39.28214],[-106.77197,39.28245],[-106.77253,39.28282],[-106.77318,39.2835],[-106.77441,39.28429],[-106.77484,39.28523],[-106.77484,39.28606],[-106.77529,39.28739]]}},{"type":"Feature","properties":{"cls":"car","name":"Co Rd 18","src":"usgs"},"geometry":{"type":"LineString","coordinates":[[-106.87459,39.27614],[-106.87835,39.27669]]}},{"type":"Feature","properties":{"cls":"low4wd","src":"usgs"},"geometry":{"type":"LineString","coordinates":[[-106.61675,39.32027],[-106.616,39.32031],[-106.61517,39.32026],[-106.61506,39.32028],[-106.61495,39.32045]]}},{"type":"Feature","properties":{"cls":"low4wd","name":"CROOKED CREEK RESERVOIR","src":"usgs"},"geometry":{"type":"LineString","coordinates":[[-106.65739,39.42829],[-106.65553,39.42804],[-106.65441,39.42766],[-106.65395,39.42736],[-106.65265,39.42581],[-106.65211,39.42543],[-106.65177,39.42527],[-106.65106,39.42507],[-106.65009,39.42506],[-106.64916,39.42527],[-106.64776,39.4265]]}},{"type":"Feature","properties":{"cls":"unknown","src":"usgs"},"geometry":{"type":"LineString","coordinates":[[-106.67706,39.34462],[-106.67716,39.34466],[-106.67745,39.34505],[-106.67784,39.34514],[-106.67803,39.34531],[-106.67841,39.34539]]}},{"type":"Feature","properties":{"cls":"unknown","src":"usgs"},"geometry":{"type":"LineString","coordinates":[[-106.7093,39.3429],[-106.70908,39.34292],[-106.70874,39.34357],[-106.70709,39.34497],[-106.70633,39.345],[-106.70282,39.34741],[-106.70105,39.34826],[-106.70025,39.34944],[-106.69998,39.34968]]}},{"type":"Feature","properties":{"cls":"low4wd","src":"usgs"},"geometry":{"type":"LineString","coordinates":[[-106.78856,39.37252],[-106.78819,39.37251],[-106.78781,39.37229],[-106.78787,39.37208],[-106.78783,39.37175],[-106.78755,39.37127],[-106.78737,39.37067],[-106.78727,39.37056],[-106.78712,39.37053],[-106.78692,39.37058],[-106.7867,39.37085],[-106.78665,39.37262],[-106.78628,39.37297],[-106.78629,39.37312],[-106.78691,39.37347],[-106.78706,39.37427],[-106.78701,39.37441],[-106.78687,39.37448],[-106.78582,39.37456]]}},{"type":"Feature","properties":{"cls":"car","src":"usgs"},"geometry":{"type":"LineString","coordinates":[[-106.73689,39.36055],[-106.73616,39.36063],[-106.73432,39.36107],[-106.733,39.36119],[-106.7323,39.36144],[-106.73196,39.36162],[-106.73185,39.36175]]}},{"type":"Feature","properties":{"cls":"low4wd","name":"EAGLE-THOMASVILLE","src":"usgs"},"geometry":{"type":"LineString","coordinates":[[-106.73529,39.47981],[-106.73604,39.4796]]}},{"type":"Feature","properties":{"cls":"car","src":"usgs"},"geometry":{"type":"LineString","coordinates":[[-106.78453,39.37083],[-106.7839,39.37082],[-106.7836,39.37097],[-106.78305,39.37136],[-106.78296,39.37171],[-106.78304,39.37174],[-106.78323,39.37164],[-106.78362,39.3713],[-106.78388,39.37132]]}},{"type":"Feature","properties":{"cls":"car","name":"NORRIE POWERLINE","src":"usgs"},"geometry":{"type":"LineString","coordinates":[[-106.66735,39.34039],[-106.6672,39.34047],[-106.66717,39.34056],[-106.66731,39.34105],[-106.66709,39.34117],[-106.66694,39.3415],[-106.66672,39.34158],[-106.66643,39.34184],[-106.66572,39.34197],[-106.66523,39.34234],[-106.66499,39.34238],[-106.66458,39.34203],[-106.66446,39.34169],[-106.66396,39.3411],[-106.66361,39.34092],[-106.6618,39.34053],[-106.66151,39.34028],[-106.661,39.33998],[-106.66055,39.33938],[-106.66041,39.33905],[-106.66029,39.33838],[-106.66022,39.33819],[-106.66005,39.33801],[-106.65959,39.33783],[-106.65915,39.33791],[-106.65782,39.33857],[-106.65747,39.3386],[-106.65738,39.33878],[-106.65726,39.33879],[-106.65698,39.33859],[-106.65704,39.33852],[-106.65701,39.33811],[-106.65712,39.338],[-106.65693,39.33752],[-106.65693,39.3373],[-106.65683,39.33699],[-106.65612,39.3365],[-106.65576,39.33643],[-106.65572,39.3362],[-106.6556,39.33615],[-106.65512,39.33601],[-106.65467,39.33608],[-106.65458,39.33605],[-106.65445,39.33577],[-106.65446,39.33525],[-106.6543,39.33514],[-106.65429,39.33506],[-106.65387,39.33488],[-106.65363,39.33461],[-106.65336,39.33453],[-106.65263,39.33493],[-106.65198,39.33502],[-106.65188,39.33496],[-106.65177,39.33472],[-106.65158,39.3346],[-106.6508,39.33434],[-106.65038,39.33429],[-106.65018,39.33417],[-106.65003,39.33376],[-106.64993,39.333],[-106.64969,39.33222],[-106.64953,39.33196],[-106.6491,39.33149],[-106.64868,39.33078],[-106.64774,39.3297],[-106.64695,39.32909],[-106.646,39.32854]]}},{"type":"Feature","properties":{"cls":"low4wd","name":"EAGLE-THOMASVILLE","src":"usgs"},"geometry":{"type":"LineString","coordinates":[[-106.73446,39.48026],[-106.73476,39.48005]]}},{"type":"Feature","properties":{"cls":"low4wd","src":"usgs"},"geometry":{"type":"LineString","coordinates":[[-106.82459,39.3862],[-106.8232,39.38612],[-106.82253,39.38624],[-106.82191,39.38612],[-106.8211,39.38621],[-106.82088,39.38616],[-106.82081,39.38581],[-106.8209,39.38514],[-106.82031,39.38447],[-106.82019,39.38422]]}},{"type":"Feature","properties":{"cls":"low4wd","name":"TEETUM RIDGE ROAD","src":"usgs"},"geometry":{"type":"LineString","coordinates":[[-106.65881,39.31051],[-106.65906,39.31043],[-106.66021,39.31042],[-106.66069,39.3103]]}},{"type":"Feature","properties":{"cls":"unknown","name":"SELLAR LOGGING ROAD","src":"usgs"},"geometry":{"type":"LineString","coordinates":[[-106.60371,39.32873],[-106.6049,39.32922],[-106.60607,39.3294],[-106.60851,39.32948],[-106.60952,39.3296],[-106.61064,39.32979],[-106.61203,39.33016],[-106.61283,39.33016],[-106.61337,39.33005]]}},{"type":"Feature","properties":{"cls":"low4wd","src":"usgs"},"geometry":{"type":"LineString","coordinates":[[-106.78936,39.37783],[-106.78933,39.37851],[-106.7894,39.37968],[-106.78936,39.3799],[-106.78921,39.38009],[-106.78935,39.38037]]}},{"type":"Feature","properties":{"cls":"unknown","src":"usgs"},"geometry":{"type":"LineString","coordinates":[[-106.74877,39.35381],[-106.74857,39.35402],[-106.74759,39.35426]]}},{"type":"Feature","properties":{"cls":"low4wd","name":"EAGLE-THOMASVILLE","src":"usgs"},"geometry":{"type":"LineString","coordinates":[[-106.73513,39.47987],[-106.73519,39.47985]]}},{"type":"Feature","properties":{"cls":"low4wd","src":"usgs"},"geometry":{"type":"LineString","coordinates":[[-106.82576,39.38954],[-106.82586,39.38985],[-106.82639,39.39028]]}},{"type":"Feature","properties":{"cls":"low4wd","name":"JAKEMAN SPUR NO. 2","src":"usgs"},"geometry":{"type":"LineString","coordinates":[[-106.70564,39.40127],[-106.70291,39.40293],[-106.70223,39.4036],[-106.70172,39.40447],[-106.70098,39.40543]]}},{"type":"Feature","properties":{"cls":"car","name":"McLain Flats Rd","src":"usgs"},"geometry":{"type":"LineString","coordinates":[[-106.87211,39.252],[-106.87244,39.25236],[-106.87339,39.25314],[-106.87397,39.2533],[-106.87454,39.25354],[-106.87617,39.25391]]}},{"type":"Feature","properties":{"cls":"low4wd","src":"usgs"},"geometry":{"type":"LineString","coordinates":[[-106.71468,39.44719],[-106.71392,39.4468],[-106.71188,39.44653],[-106.71133,39.44616],[-106.71073,39.44596],[-106.71083,39.44623],[-106.71138,39.44682],[-106.71175,39.44705],[-106.71218,39.44716],[-106.71225,39.44723],[-106.71225,39.44738],[-106.71216,39.44742],[-106.71115,39.4474],[-106.71075,39.44726],[-106.71026,39.44682],[-106.71018,39.44683],[-106.71016,39.44707],[-106.7103,39.44754],[-106.71014,39.44803],[-106.71037,39.44815],[-106.71123,39.44817],[-106.71124,39.44828],[-106.71092,39.44836],[-106.70999,39.44835],[-106.70956,39.44797],[-106.7094,39.44771],[-106.70923,39.4477],[-106.70912,39.44782],[-106.70899,39.44817],[-106.70898,39.4483],[-106.70909,39.44848],[-106.70951,39.44874],[-106.70999,39.44893],[-106.71041,39.44895],[-106.71053,39.44908],[-106.71031,39.4491],[-106.7097,39.4495],[-106.7094,39.44959],[-106.70907,39.44955],[-106.70891,39.44945],[-106.70873,39.44946],[-106.70826,39.44978],[-106.70776,39.44993]]}},{"type":"Feature","properties":{"cls":"car","src":"usgs"},"geometry":{"type":"LineString","coordinates":[[-106.78744,39.38491],[-106.78783,39.38414]]}},{"type":"Feature","properties":{"cls":"unknown","name":"MONTGOMERY FLATS","src":"usgs"},"geometry":{"type":"LineString","coordinates":[[-106.64981,39.36331],[-106.65103,39.36257],[-106.65188,39.36229],[-106.65303,39.36125],[-106.65351,39.36067],[-106.65397,39.3606],[-106.65459,39.36023],[-106.65537,39.35955],[-106.65578,39.35929],[-106.65786,39.35847],[-106.65953,39.35791]]}},{"type":"Feature","properties":{"cls":"high4wd","src":"usgs"},"geometry":{"type":"LineString","coordinates":[[-106.79403,39.29765],[-106.79347,39.29755],[-106.79295,39.29735],[-106.79262,39.29705],[-106.79226,39.2966],[-106.79193,39.29571],[-106.79189,39.29521],[-106.79202,39.29468],[-106.79188,39.2946],[-106.7915,39.29458],[-106.79101,39.29486],[-106.79052,39.29526],[-106.78992,39.29558],[-106.78961,39.29658]]}},{"type":"Feature","properties":{"cls":"high4wd","name":"COLLINS SPUR #4","src":"usgs"},"geometry":{"type":"LineString","coordinates":[[-106.78158,39.28866],[-106.7814,39.28812],[-106.78119,39.288],[-106.78052,39.28799],[-106.78016,39.2877],[-106.77998,39.28745],[-106.7798,39.28697],[-106.77957,39.28676]]}},{"type":"Feature","properties":{"cls":"car","name":"Co Rd 18A","src":"usgs"},"geometry":{"type":"LineString","coordinates":[[-106.87403,39.28285],[-106.87251,39.28451],[-106.8712,39.28549]]}},{"type":"Feature","properties":{"cls":"high4wd","name":"KNOB WAYS","src":"usgs"},"geometry":{"type":"LineString","coordinates":[[-106.77937,39.29345],[-106.77963,39.2931],[-106.78052,39.29231],[-106.78125,39.29198],[-106.78167,39.29187],[-106.78261,39.29137],[-106.78287,39.29105],[-106.78317,39.2908],[-106.78411,39.2902],[-106.78446,39.28986],[-106.78495,39.2891],[-106.78501,39.28887],[-106.78561,39.28812],[-106.78676,39.28748],[-106.78839,39.28629],[-106.78941,39.28596],[-106.78976,39.28562],[-106.78987,39.28533],[-106.79031,39.28484],[-106.7914,39.28419],[-106.79185,39.28367]]}},{"type":"Feature","properties":{"cls":"car","src":"usgs"},"geometry":{"type":"LineString","coordinates":[[-106.78066,39.36405],[-106.7809,39.36398],[-106.78086,39.36383],[-106.7809,39.36376],[-106.78124,39.36376],[-106.78138,39.36384],[-106.78146,39.36401],[-106.78117,39.36405],[-106.78121,39.36424]]}},{"type":"Feature","properties":{"cls":"low4wd","src":"usgs"},"geometry":{"type":"LineString","coordinates":[[-106.68929,39.39707],[-106.68931,39.39723],[-106.68901,39.39803],[-106.68906,39.39838],[-106.68928,39.39852],[-106.68934,39.39864],[-106.68928,39.39894],[-106.68913,39.39916],[-106.6891,39.39934]]}},{"type":"Feature","properties":{"cls":"low4wd","name":"LAMONT PASTURE","src":"usgs"},"geometry":{"type":"LineString","coordinates":[[-106.66216,39.31955],[-106.66231,39.31964],[-106.66291,39.31977],[-106.66347,39.3197],[-106.6643,39.31934],[-106.66445,39.31918],[-106.66451,39.31889],[-106.66506,39.31832],[-106.66523,39.31782],[-106.66541,39.31755],[-106.66602,39.31719],[-106.66663,39.31697],[-106.66713,39.31687]]}},{"type":"Feature","properties":{"cls":"low4wd","name":"CABIN","src":"usgs"},"geometry":{"type":"LineString","coordinates":[[-106.62252,39.31887],[-106.62278,39.31898],[-106.62308,39.319],[-106.62359,39.31885],[-106.62435,39.31877],[-106.62442,39.31865],[-106.62442,39.31837],[-106.62435,39.31825],[-106.62422,39.31819]]}},{"type":"Feature","properties":{"cls":"car","src":"usgs"},"geometry":{"type":"LineString","coordinates":[[-106.8712,39.28549],[-106.86958,39.2865],[-106.8679,39.28794]]}},{"type":"Feature","properties":{"cls":"unknown","name":"SELLAR LAKE","src":"usgs"},"geometry":{"type":"LineString","coordinates":[[-106.58646,39.32458],[-106.58645,39.32413],[-106.58658,39.32358],[-106.5868,39.32324],[-106.58678,39.32256],[-106.58649,39.32219],[-106.58632,39.32187],[-106.58544,39.32161]]}},{"type":"Feature","properties":{"cls":"car","src":"usgs"},"geometry":{"type":"LineString","coordinates":[[-106.80766,39.38442],[-106.80728,39.38426],[-106.80727,39.38413],[-106.80741,39.38402],[-106.80746,39.38333]]}},{"type":"Feature","properties":{"cls":"low4wd","src":"usgs"},"geometry":{"type":"LineString","coordinates":[[-106.81702,39.38202],[-106.81646,39.38144],[-106.81597,39.38072],[-106.81579,39.38055],[-106.81549,39.38068],[-106.81518,39.38094],[-106.81504,39.38179],[-106.81496,39.38196],[-106.81459,39.38209],[-106.81426,39.38195]]}},{"type":"Feature","properties":{"cls":"low4wd","name":"EAGLE-THOMASVILLE","src":"usgs"},"geometry":{"type":"LineString","coordinates":[[-106.73762,39.48079],[-106.73736,39.48089],[-106.73721,39.48084],[-106.73694,39.48039],[-106.73627,39.47996],[-106.73604,39.4796]]}},{"type":"Feature","properties":{"cls":"unknown","src":"usgs"},"geometry":{"type":"LineString","coordinates":[[-106.69681,39.35993],[-106.69651,39.35949]]}},{"type":"Feature","properties":{"cls":"low4wd","name":"CHAPMAN CREEK","src":"usgs"},"geometry":{"type":"LineString","coordinates":[[-106.63085,39.26325],[-106.63042,39.26335],[-106.63004,39.26331]]}},{"type":"Feature","properties":{"cls":"low4wd","src":"usgs"},"geometry":{"type":"LineString","coordinates":[[-106.67555,39.41024],[-106.67637,39.41075],[-106.67682,39.41089],[-106.67714,39.41091]]}},{"type":"Feature","properties":{"cls":"unknown","name":"POWERLINE","src":"usgs"},"geometry":{"type":"LineString","coordinates":[[-106.646,39.32854],[-106.64551,39.32856],[-106.64468,39.32845],[-106.6446,39.32852],[-106.64457,39.32867],[-106.64465,39.32886],[-106.64497,39.3292],[-106.64487,39.32961],[-106.64448,39.32989],[-106.64371,39.33013],[-106.64314,39.33071],[-106.63635,39.32728],[-106.63529,39.32664],[-106.63467,39.32657],[-106.63387,39.32621],[-106.63311,39.32575],[-106.63035,39.32444],[-106.63016,39.32398],[-106.62975,39.32373],[-106.63071,39.32262]]}},{"type":"Feature","properties":{"cls":"low4wd","src":"usgs"},"geometry":{"type":"LineString","coordinates":[[-106.79154,39.30568],[-106.79093,39.30504],[-106.78981,39.3036]]}},{"type":"Feature","properties":{"cls":"low4wd","src":"usgs"},"geometry":{"type":"LineString","coordinates":[[-106.78389,39.49714],[-106.78423,39.49774],[-106.78453,39.4979],[-106.78762,39.49847],[-106.78814,39.49862],[-106.78844,39.49878],[-106.78876,39.49913],[-106.78893,39.49985],[-106.78913,39.50033],[-106.78935,39.50056],[-106.78975,39.50074],[-106.79013,39.50116],[-106.79028,39.50209],[-106.79057,39.50254],[-106.79063,39.50275],[-106.79201,39.50333],[-106.79277,39.50406],[-106.79363,39.50448],[-106.79407,39.50486],[-106.7944,39.50498],[-106.79487,39.50504],[-106.79703,39.50502]]}},{"type":"Feature","properties":{"cls":"low4wd","src":"usgs"},"geometry":{"type":"LineString","coordinates":[[-106.83106,39.39682],[-106.83084,39.396],[-106.83054,39.39559],[-106.83021,39.39489],[-106.82979,39.39442],[-106.82929,39.39412],[-106.82873,39.39391],[-106.82801,39.39352],[-106.82724,39.39259],[-106.82709,39.39253],[-106.82687,39.39205],[-106.82619,39.39173],[-106.82605,39.39145],[-106.82601,39.3908],[-106.82609,39.39047],[-106.82639,39.39028]]}},{"type":"Feature","properties":{"cls":"high4wd","name":"WILBER CREEK","src":"usgs"},"geometry":{"type":"LineString","coordinates":[[-106.76735,39.26025],[-106.76616,39.26132],[-106.76579,39.26141],[-106.76569,39.26153],[-106.7657,39.26161],[-106.76603,39.2619],[-106.76615,39.26216],[-106.76624,39.26288],[-106.76621,39.26312],[-106.76567,39.26424],[-106.76486,39.26528],[-106.76475,39.26554],[-106.76469,39.26596]]}},{"type":"Feature","properties":{"cls":"car","name":"Meadow Lark Ln","src":"usgs"},"geometry":{"type":"LineString","coordinates":[[-106.87303,39.26356],[-106.87143,39.26428]]}},{"type":"Feature","properties":{"cls":"low4wd","src":"usgs"},"geometry":{"type":"LineString","coordinates":[[-106.87293,39.37862],[-106.87314,39.3783],[-106.8734,39.3782],[-106.87356,39.37801],[-106.87366,39.37798],[-106.874,39.37807],[-106.87471,39.37846],[-106.87512,39.37845],[-106.87566,39.37766],[-106.87576,39.37762],[-106.87593,39.37765],[-106.87634,39.3779],[-106.87712,39.37778],[-106.87809,39.37809]]}},{"type":"Feature","properties":{"cls":"unknown","name":"SELLAR SNOTEL ROAD","src":"usgs"},"geometry":{"type":"LineString","coordinates":[[-106.61689,39.31822],[-106.61687,39.31791],[-106.61701,39.3179],[-106.61713,39.31777]]}},{"type":"Feature","properties":{"cls":"car","name":"Yellow Fox Ln","src":"usgs"},"geometry":{"type":"LineString","coordinates":[[-106.86897,39.25701],[-106.8712,39.25702]]}},{"type":"Feature","properties":{"cls":"car","src":"usgs"},"geometry":{"type":"LineString","coordinates":[[-106.80766,39.38442],[-106.80783,39.38454],[-106.80785,39.38468],[-106.80722,39.38488],[-106.80683,39.38515],[-106.8059,39.38645],[-106.80553,39.38706],[-106.80549,39.38733],[-106.80553,39.38773],[-106.80601,39.38927]]}},{"type":"Feature","properties":{"cls":"low4wd","name":"REC.RESIDENCE","src":"usgs"},"geometry":{"type":"LineString","coordinates":[[-106.65917,39.33019],[-106.6592,39.33076],[-106.65906,39.3319],[-106.65929,39.33244]]}},{"type":"Feature","properties":{"cls":"car","name":"FRYING PAN","src":"usgs"},"geometry":{"type":"LineString","coordinates":[[-106.78392,39.36604],[-106.7831,39.36532],[-106.78133,39.36431],[-106.78082,39.36407],[-106.78061,39.36404],[-106.78012,39.36413],[-106.77931,39.36458],[-106.77898,39.36483],[-106.77862,39.36536],[-106.77834,39.36557],[-106.7778,39.36568],[-106.77742,39.36562],[-106.77711,39.36545],[-106.77687,39.36518],[-106.77668,39.36411],[-106.77648,39.3637],[-106.77594,39.36339],[-106.77541,39.36323]]}},{"type":"Feature","properties":{"cls":"unknown","name":"NORTH FORK","src":"usgs"},"geometry":{"type":"LineString","coordinates":[[-106.53513,39.35693],[-106.53466,39.35808],[-106.53464,39.35824],[-106.53472,39.35846],[-106.53515,39.35914],[-106.53614,39.36001]]}},{"type":"Feature","properties":{"cls":"unknown","name":"DIEMER LAKE","src":"usgs"},"geometry":{"type":"LineString","coordinates":[[-106.60378,39.32849],[-106.60375,39.32869],[-106.60347,39.32894],[-106.60264,39.3292],[-106.60183,39.32959],[-106.6014,39.32986],[-106.60118,39.33013],[-106.60022,39.3309],[-106.59998,39.33136],[-106.59991,39.33165],[-106.60002,39.33165],[-106.6004,39.33112],[-106.60067,39.33094],[-106.60196,39.33028],[-106.60277,39.33003],[-106.60369,39.33],[-106.60397,39.33005],[-106.60477,39.33046],[-106.60555,39.33071],[-106.60697,39.33103],[-106.60769,39.33099],[-106.60829,39.33109],[-106.60947,39.33168],[-106.61251,39.33224],[-106.6129,39.33244],[-106.61318,39.33249],[-106.61351,39.33272],[-106.6138,39.33283],[-106.6148,39.33288],[-106.61478,39.33299],[-106.61376,39.3337],[-106.61358,39.33406],[-106.61225,39.33457],[-106.61204,39.33476],[-106.61171,39.33483],[-106.61121,39.33481],[-106.61104,39.33501],[-106.61056,39.33523],[-106.61035,39.33522],[-106.60993,39.33499],[-106.60906,39.33507],[-106.60847,39.33526],[-106.60815,39.33546]]}},{"type":"Feature","properties":{"cls":"low4wd","name":"POWERLINE - CROOKED CREEK","src":"usgs"},"geometry":{"type":"LineString","coordinates":[[-106.68568,39.43908],[-106.68568,39.43852],[-106.68493,39.43814],[-106.68379,39.43691],[-106.68365,39.43653],[-106.68371,39.43573],[-106.68334,39.43383],[-106.68344,39.43315],[-106.68336,39.43205],[-106.68348,39.43147],[-106.68369,39.43085],[-106.68419,39.43004],[-106.68473,39.42873],[-106.6846,39.42868],[-106.68368,39.4288],[-106.68344,39.42873],[-106.68341,39.42836],[-106.68317,39.42784],[-106.68309,39.4273],[-106.68282,39.42702],[-106.68284,39.42662],[-106.68231,39.42625],[-106.68231,39.42607],[-106.68297,39.42526],[-106.68242,39.42481],[-106.68238,39.42462],[-106.68303,39.42398],[-106.68307,39.42386],[-106.68266,39.42352],[-106.68248,39.42321],[-106.68239,39.42266],[-106.68241,39.42206],[-106.68228,39.42129],[-106.68288,39.42031],[-106.68374,39.41964],[-106.68386,39.41945],[-106.68351,39.41894],[-106.68284,39.4184],[-106.6815,39.41768],[-106.68142,39.41755],[-106.68129,39.41697],[-106.68125,39.41649],[-106.68092,39.41591],[-106.6807,39.41517],[-106.68082,39.41488],[-106.6817,39.41448],[-106.68229,39.41431],[-106.68367,39.41425],[-106.6838,39.4142],[-106.68383,39.41402],[-106.68339,39.41305],[-106.68237,39.4123],[-106.68074,39.41091],[-106.68062,39.41041],[-106.68074,39.40961],[-106.68013,39.4083],[-106.68007,39.40798],[-106.67965,39.4072],[-106.67946,39.40712],[-106.67876,39.40708],[-106.67856,39.40686],[-106.67856,39.40661],[-106.67865,39.40646],[-106.67914,39.40624],[-106.68003,39.40613],[-106.6815,39.40617],[-106.68162,39.40614],[-106.68165,39.40606],[-106.68076,39.4055],[-106.68016,39.40493],[-106.67919,39.40418],[-106.67829,39.40385],[-106.67782,39.4035],[-106.6774,39.40302],[-106.6772,39.40222],[-106.67676,39.40198]]}},{"type":"Feature","properties":{"cls":"low4wd","src":"usgs"},"geometry":{"type":"LineString","coordinates":[[-106.77079,39.36695],[-106.77074,39.36714],[-106.77121,39.36762],[-106.77157,39.36837],[-106.77175,39.3686],[-106.77233,39.36875],[-106.77307,39.36948]]}},{"type":"Feature","properties":{"cls":"high4wd","src":"usgs"},"geometry":{"type":"LineString","coordinates":[[-106.79987,39.29313],[-106.80073,39.29281],[-106.80191,39.29276],[-106.80274,39.29259],[-106.80392,39.2925],[-106.80409,39.29229],[-106.8042,39.29194],[-106.80443,39.29156],[-106.80478,39.29115],[-106.80524,39.2909],[-106.80586,39.29088]]}},{"type":"Feature","properties":{"cls":"unknown","src":"usgs"},"geometry":{"type":"LineString","coordinates":[[-106.67923,39.34791],[-106.67896,39.34795]]}},{"type":"Feature","properties":{"cls":"unknown","src":"usgs"},"geometry":{"type":"LineString","coordinates":[[-106.67896,39.34795],[-106.67861,39.34813],[-106.67844,39.34812],[-106.67843,39.34828],[-106.67871,39.34876],[-106.67871,39.34897],[-106.67825,39.34937],[-106.67809,39.34968],[-106.67747,39.34985],[-106.67709,39.34967],[-106.67653,39.34954],[-106.67598,39.34952],[-106.67579,39.34957]]}},{"type":"Feature","properties":{"cls":"car","name":"LENADO","src":"usgs"},"geometry":{"type":"LineString","coordinates":[[-106.82439,39.25153],[-106.82392,39.25149]]}},{"type":"Feature","properties":{"cls":"car","name":"LENADO","src":"usgs"},"geometry":{"type":"LineString","coordinates":[[-106.83136,39.2515],[-106.83207,39.25187],[-106.83303,39.25209],[-106.83361,39.25263],[-106.83422,39.25295],[-106.8347,39.25312],[-106.83584,39.25324]]}},{"type":"Feature","properties":{"cls":"car","name":"LENADO","src":"usgs"},"geometry":{"type":"LineString","coordinates":[[-106.83136,39.2515],[-106.8313,39.25147]]}},{"type":"Feature","properties":{"cls":"car","name":"LENADO","src":"usgs"},"geometry":{"type":"LineString","coordinates":[[-106.8313,39.25147],[-106.83105,39.25135],[-106.83067,39.25132],[-106.82931,39.25136],[-106.82816,39.25149],[-106.82439,39.25153]]}},{"type":"Feature","properties":{"cls":"car","name":"LENADO","src":"usgs"},"geometry":{"type":"LineString","coordinates":[[-106.82392,39.25149],[-106.82356,39.25133],[-106.82262,39.25072],[-106.82223,39.25059]]}},{"type":"Feature","properties":{"cls":"car","name":"LENADO","src":"usgs"},"geometry":{"type":"LineString","coordinates":[[-106.82223,39.25059],[-106.82206,39.25054]]}},{"type":"Feature","properties":{"cls":"car","name":"LENADO","src":"usgs"},"geometry":{"type":"LineString","coordinates":[[-106.82206,39.25054],[-106.82117,39.25011],[-106.82075,39.24998],[-106.82042,39.24977],[-106.81986,39.24922],[-106.81894,39.24885]]}},{"type":"Feature","properties":{"cls":"unknown","src":"usgs"},"geometry":{"type":"LineString","coordinates":[[-106.67507,39.34346],[-106.67506,39.34366]]}},{"type":"Feature","properties":{"cls":"unknown","src":"usgs"},"geometry":{"type":"LineString","coordinates":[[-106.67506,39.34366],[-106.67521,39.34387],[-106.6757,39.34427],[-106.676,39.34439],[-106.67663,39.3445],[-106.67695,39.34467]]}},{"type":"Feature","properties":{"cls":"unknown","src":"usgs"},"geometry":{"type":"LineString","coordinates":[[-106.73689,39.36055],[-106.73686,39.36047],[-106.73721,39.35949],[-106.73711,39.35944],[-106.73679,39.35949]]}},{"type":"Feature","properties":{"cls":"unknown","src":"usgs"},"geometry":{"type":"LineString","coordinates":[[-106.73679,39.35949],[-106.73599,39.35964],[-106.73587,39.35958],[-106.73591,39.35951],[-106.7362,39.35941],[-106.73666,39.35879]]}},{"type":"Feature","properties":{"cls":"low4wd","src":"usgs"},"geometry":{"type":"LineString","coordinates":[[-106.62601,39.34373],[-106.62628,39.3439]]}},{"type":"Feature","properties":{"cls":"low4wd","src":"usgs"},"geometry":{"type":"LineString","coordinates":[[-106.6256,39.34372],[-106.62584,39.34368],[-106.62601,39.34373]]}},{"type":"Feature","properties":{"cls":"car","name":"DEADMAN","src":"usgs"},"geometry":{"type":"LineString","coordinates":[[-106.70743,39.36193],[-106.70759,39.36181]]}},{"type":"Feature","properties":{"cls":"unknown","name":"DEADMAN","src":"usgs"},"geometry":{"type":"LineString","coordinates":[[-106.70759,39.36181],[-106.70777,39.36172],[-106.70877,39.3619],[-106.70901,39.36187],[-106.71057,39.36106],[-106.71116,39.36041],[-106.71165,39.36014],[-106.71192,39.35982],[-106.71225,39.35959],[-106.71251,39.35916],[-106.71309,39.35887],[-106.71322,39.3586],[-106.71327,39.35824],[-106.71342,39.35804],[-106.71393,39.35788],[-106.714,39.35747],[-106.71381,39.35687],[-106.71385,39.35659],[-106.71502,39.35644],[-106.71682,39.35562],[-106.71689,39.35533],[-106.71685,39.35444]]}},{"type":"Feature","properties":{"cls":"car","name":"LENADO","src":"usgs"},"geometry":{"type":"LineString","coordinates":[[-106.83594,39.25326],[-106.83584,39.25324]]}},{"type":"Feature","properties":{"cls":"unknown","name":"MILLER","src":"usgs"},"geometry":{"type":"LineString","coordinates":[[-106.73171,39.32775],[-106.73157,39.32775],[-106.73061,39.32814],[-106.73019,39.32851]]}},{"type":"Feature","properties":{"cls":"unknown","name":"MILLER","src":"usgs"},"geometry":{"type":"LineString","coordinates":[[-106.73604,39.31966],[-106.736,39.31971]]}},{"type":"Feature","properties":{"cls":"unknown","name":"MILLER","src":"usgs"},"geometry":{"type":"LineString","coordinates":[[-106.736,39.31971],[-106.73504,39.32102],[-106.73454,39.3221],[-106.73321,39.32594],[-106.73324,39.32664],[-106.73315,39.32689],[-106.73275,39.32745],[-106.73234,39.32836],[-106.73228,39.3284],[-106.73207,39.32835],[-106.7319,39.32786],[-106.73171,39.32775]]}},{"type":"Feature","properties":{"cls":"low4wd","name":"BIGLOW","src":"usgs"},"geometry":{"type":"LineString","coordinates":[[-106.66852,39.34311],[-106.66866,39.34343],[-106.66889,39.34368]]}},{"type":"Feature","properties":{"cls":"low4wd","name":"BIGLOW","src":"usgs"},"geometry":{"type":"LineString","coordinates":[[-106.66889,39.34368],[-106.66895,39.34391],[-106.66885,39.34455],[-106.66897,39.34513],[-106.66876,39.34583],[-106.66889,39.34599],[-106.66938,39.34636]]}},{"type":"Feature","properties":{"cls":"low4wd","name":"NORRIE","src":"usgs"},"geometry":{"type":"LineString","coordinates":[[-106.65711,39.32992],[-106.6553,39.32705],[-106.65519,39.32652],[-106.65594,39.32604],[-106.65599,39.32591],[-106.65587,39.3257],[-106.65545,39.32533],[-106.65541,39.32502],[-106.6555,39.32469]]}},{"type":"Feature","properties":{"cls":"low4wd","src":"usgs"},"geometry":{"type":"LineString","coordinates":[[-106.61337,39.32025],[-106.61321,39.32013],[-106.61317,39.32],[-106.61346,39.31955]]}},{"type":"Feature","properties":{"cls":"unknown","src":"usgs"},"geometry":{"type":"LineString","coordinates":[[-106.61495,39.32045],[-106.61359,39.32035],[-106.61337,39.32025]]}},{"type":"Feature","properties":{"cls":"unknown","name":"MILLER","src":"usgs"},"geometry":{"type":"LineString","coordinates":[[-106.73853,39.35799],[-106.73882,39.35792],[-106.73908,39.35774]]}},{"type":"Feature","properties":{"cls":"unknown","name":"MILLER","src":"usgs"},"geometry":{"type":"LineString","coordinates":[[-106.7405,39.35491],[-106.74067,39.35414]]}},{"type":"Feature","properties":{"cls":"unknown","name":"MILLER","src":"usgs"},"geometry":{"type":"LineString","coordinates":[[-106.73908,39.35774],[-106.73928,39.35729],[-106.73918,39.35675],[-106.7395,39.35612],[-106.73972,39.35587],[-106.73989,39.35578],[-106.74064,39.35583],[-106.741,39.35556],[-106.74109,39.35532],[-106.74102,39.35515],[-106.74058,39.35508],[-106.7405,39.35491]]}},{"type":"Feature","properties":{"cls":"low4wd","name":"NORTH FORK","src":"usgs"},"geometry":{"type":"LineString","coordinates":[[-106.62687,39.34372],[-106.62592,39.34398],[-106.62382,39.34425],[-106.62047,39.34435],[-106.61713,39.34423],[-106.61311,39.34473],[-106.61273,39.34465],[-106.61228,39.34403],[-106.61189,39.34401],[-106.60989,39.34462],[-106.60877,39.34465],[-106.60733,39.34495],[-106.60696,39.34485],[-106.60656,39.34459],[-106.60621,39.34445],[-106.60562,39.34439],[-106.60431,39.34485],[-106.60214,39.34539],[-106.6008,39.34615],[-106.59967,39.34629],[-106.59641,39.34691],[-106.59444,39.34759],[-106.59146,39.34833],[-106.59097,39.34865],[-106.58998,39.34873],[-106.58981,39.34879],[-106.58904,39.3494],[-106.58851,39.34958],[-106.58808,39.34983],[-106.58575,39.35021],[-106.58524,39.35038],[-106.58405,39.35097],[-106.58345,39.35139],[-106.58304,39.35207],[-106.58234,39.35286],[-106.58007,39.35488],[-106.57898,39.35503],[-106.57862,39.35514],[-106.5784,39.35528],[-106.57813,39.35568],[-106.57788,39.35634],[-106.57763,39.35669],[-106.57649,39.35743],[-106.57623,39.3577],[-106.57567,39.35784],[-106.57458,39.35785],[-106.57359,39.35772],[-106.57337,39.35784],[-106.5731,39.35818],[-106.57222,39.35844],[-106.57048,39.35932],[-106.56967,39.35999],[-106.56877,39.36054],[-106.5684,39.36113],[-106.56807,39.3613],[-106.56791,39.36132],[-106.56769,39.36122],[-106.56761,39.36078],[-106.56752,39.36064],[-106.56716,39.36028],[-106.5669,39.36019],[-106.56616,39.36023],[-106.56554,39.36017],[-106.56456,39.36062],[-106.56363,39.36069],[-106.56287,39.36055],[-106.56201,39.36063],[-106.56169,39.3607],[-106.56135,39.36092],[-106.5612,39.36094],[-106.56033,39.36081],[-106.55931,39.36084],[-106.55834,39.3604],[-106.55807,39.36038],[-106.55703,39.36046],[-106.55591,39.36082],[-106.55499,39.36094],[-106.55407,39.36125],[-106.55361,39.36124],[-106.55299,39.361],[-106.55249,39.36097],[-106.55124,39.36138],[-106.55047,39.3613],[-106.54797,39.36155],[-106.54666,39.3619],[-106.54596,39.36191],[-106.54561,39.36209],[-106.54522,39.36212],[-106.54491,39.36199],[-106.54476,39.36179],[-106.54533,39.36099],[-106.54537,39.36086],[-106.5452,39.36062],[-106.54497,39.36054],[-106.5443,39.36049],[-106.54403,39.36014],[-106.54382,39.36002],[-106.54334,39.3599],[-106.54187,39.35976],[-106.5416,39.35947],[-106.54094,39.3592],[-106.54024,39.35918],[-106.53978,39.35926],[-106.53913,39.35951],[-106.53886,39.3595],[-106.53855,39.35938],[-106.53839,39.35913],[-106.53841,39.35883],[-106.53829,39.35868],[-106.53751,39.35834],[-106.53702,39.35828],[-106.53593,39.35773],[-106.5355,39.35719],[-106.53513,39.35693],[-106.53549,39.35619],[-106.53552,39.35597],[-106.53496,39.35566],[-106.53449,39.3556]]}},{"type":"Feature","properties":{"cls":"low4wd","name":"NORTH FORK","src":"usgs"},"geometry":{"type":"LineString","coordinates":[[-106.66877,39.34321],[-106.66831,39.34301],[-106.66674,39.34269],[-106.66581,39.34289],[-106.66473,39.34329],[-106.66421,39.34342],[-106.66135,39.34278],[-106.65882,39.34264],[-106.65834,39.3428],[-106.6571,39.34361],[-106.65658,39.34377],[-106.65617,39.3438],[-106.65427,39.34354],[-106.65301,39.34322],[-106.65223,39.34297],[-106.65107,39.3424]]}},{"type":"Feature","properties":{"cls":"low4wd","name":"NORTH FORK","src":"usgs"},"geometry":{"type":"LineString","coordinates":[[-106.65107,39.3424],[-106.64977,39.34214],[-106.64738,39.34148],[-106.647,39.34144],[-106.64512,39.34152],[-106.64439,39.34132],[-106.64347,39.34122],[-106.64104,39.34147],[-106.63804,39.34164],[-106.63766,39.34172],[-106.63604,39.34245],[-106.63558,39.3426],[-106.63181,39.34303],[-106.63088,39.34319],[-106.62914,39.34313],[-106.62814,39.34333],[-106.62687,39.34372]]}},{"type":"Feature","properties":{"cls":"unknown","name":"BESSIE PARK","src":"usgs"},"geometry":{"type":"LineString","coordinates":[[-106.70383,39.35075],[-106.70254,39.35026],[-106.70058,39.34976],[-106.69998,39.34968]]}},{"type":"Feature","properties":{"cls":"unknown","name":"BESSIE PARK","src":"usgs"},"geometry":{"type":"LineString","coordinates":[[-106.71685,39.35444],[-106.7164,39.35445],[-106.71586,39.3547],[-106.71556,39.3547],[-106.714,39.3537],[-106.7138,39.3534],[-106.71371,39.3531],[-106.71358,39.35302],[-106.71337,39.35305],[-106.7128,39.35338],[-106.71217,39.35348],[-106.70994,39.35304],[-106.70946,39.35302],[-106.70818,39.35274],[-106.70784,39.35272],[-106.70718,39.35244],[-106.70539,39.35146],[-106.70383,39.35075]]}},{"type":"Feature","properties":{"cls":"unknown","name":"LOWER RED CANYON","src":"usgs"},"geometry":{"type":"LineString","coordinates":[[-106.87091,39.30651],[-106.87056,39.30662],[-106.86981,39.30662],[-106.86946,39.30651]]}},{"type":"Feature","properties":{"cls":"unknown","name":"LOWER RED CANYON","src":"usgs"},"geometry":{"type":"LineString","coordinates":[[-106.86946,39.30651],[-106.86886,39.30612],[-106.86858,39.30601],[-106.86799,39.30616],[-106.86643,39.30613],[-106.86597,39.30627],[-106.86507,39.3063],[-106.86451,39.3064],[-106.86322,39.30629],[-106.8627,39.30608],[-106.86216,39.30599],[-106.86157,39.30599],[-106.86127,39.30601],[-106.86082,39.30615],[-106.86031,39.30651]]}},{"type":"Feature","properties":{"cls":"unknown","name":"BESSIE PARK","src":"usgs"},"geometry":{"type":"LineString","coordinates":[[-106.69683,39.35438],[-106.69717,39.35219]]}},{"type":"Feature","properties":{"cls":"low4wd","name":"EAGLE-THOMASVILLE","src":"usgs"},"geometry":{"type":"LineString","coordinates":[[-106.68405,39.36244],[-106.68473,39.36197],[-106.68551,39.36207],[-106.68566,39.36181],[-106.68592,39.36165]]}},{"type":"Feature","properties":{"cls":"low4wd","name":"EAGLE-THOMASVILLE","src":"usgs"},"geometry":{"type":"LineString","coordinates":[[-106.68592,39.36165],[-106.68639,39.36108],[-106.68686,39.36106],[-106.68707,39.36033],[-106.68816,39.35965],[-106.6887,39.35951],[-106.68893,39.35906],[-106.6897,39.35842],[-106.68983,39.35806]]}},{"type":"Feature","properties":{"cls":"low4wd","name":"EAGLE-THOMASVILLE","src":"usgs"},"geometry":{"type":"LineString","coordinates":[[-106.68983,39.35806],[-106.69,39.35748]]}},{"type":"Feature","properties":{"cls":"low4wd","name":"EAGLE-THOMASVILLE","src":"usgs"},"geometry":{"type":"LineString","coordinates":[[-106.69,39.35748],[-106.69036,39.35686],[-106.69034,39.35671],[-106.69017,39.35667],[-106.69,39.35677],[-106.68983,39.35733]]}},{"type":"Feature","properties":{"cls":"low4wd","name":"EAGLE-THOMASVILLE","src":"usgs"},"geometry":{"type":"LineString","coordinates":[[-106.68983,39.35733],[-106.68943,39.35806]]}},{"type":"Feature","properties":{"cls":"low4wd","name":"EAGLE-THOMASVILLE","src":"usgs"},"geometry":{"type":"LineString","coordinates":[[-106.68943,39.35806],[-106.68923,39.35823],[-106.68872,39.35841],[-106.6882,39.3588],[-106.68805,39.35882],[-106.68756,39.35868],[-106.68664,39.35893],[-106.68639,39.35906],[-106.68587,39.35953],[-106.68556,39.36037],[-106.68532,39.36044],[-106.68499,39.36039],[-106.68478,39.36019],[-106.68474,39.36002],[-106.68481,39.3598],[-106.68535,39.35847],[-106.68552,39.35824],[-106.68584,39.35805]]}},{"type":"Feature","properties":{"cls":"low4wd","name":"EAGLE-THOMASVILLE","src":"usgs"},"geometry":{"type":"LineString","coordinates":[[-106.68584,39.35805],[-106.68654,39.35755],[-106.68776,39.35687],[-106.68794,39.35664],[-106.68823,39.35607],[-106.68945,39.35499],[-106.69031,39.35448],[-106.69059,39.35437],[-106.69123,39.35429],[-106.69134,39.35418],[-106.69132,39.35393],[-106.69088,39.35358],[-106.69054,39.35316],[-106.69023,39.35233],[-106.69011,39.35219],[-106.68992,39.35203],[-106.68919,39.35173],[-106.68894,39.35156],[-106.68889,39.35142],[-106.68904,39.35117]]}},{"type":"Feature","properties":{"cls":"unknown","name":"MEREDITH","src":"usgs"},"geometry":{"type":"LineString","coordinates":[[-106.73846,39.35797],[-106.73829,39.35773],[-106.73797,39.35752],[-106.73793,39.35743],[-106.73801,39.35676],[-106.73818,39.3563],[-106.73819,39.35585],[-106.73803,39.35514],[-106.73804,39.35488]]}},{"type":"Feature","properties":{"cls":"car","src":"usgs"},"geometry":{"type":"LineString","coordinates":[[-106.70301,39.36073],[-106.70292,39.36085]]}},{"type":"Feature","properties":{"cls":"unknown","src":"usgs"},"geometry":{"type":"LineString","coordinates":[[-106.70292,39.36085],[-106.70293,39.361],[-106.70328,39.36122],[-106.70329,39.36136],[-106.70293,39.36207],[-106.70285,39.36214],[-106.70266,39.36215]]}},{"type":"Feature","properties":{"cls":"car","name":"THOMASVILLE","src":"usgs"},"geometry":{"type":"LineString","coordinates":[[-106.69456,39.35498],[-106.69465,39.3551],[-106.69466,39.35539],[-106.6949,39.35628],[-106.69527,39.35697],[-106.6961,39.35767],[-106.69743,39.35836]]}},{"type":"Feature","properties":{"cls":"unknown","name":"THOMASVILLE","src":"usgs"},"geometry":{"type":"LineString","coordinates":[[-106.69743,39.35836],[-106.69754,39.35847]]}},{"type":"Feature","properties":{"cls":"car","name":"THOMASVILLE","src":"usgs"},"geometry":{"type":"LineString","coordinates":[[-106.69754,39.35847],[-106.69768,39.35867],[-106.69768,39.35879],[-106.69682,39.35875]]}},{"type":"Feature","properties":{"cls":"unknown","name":"NORRIE","src":"usgs"},"geometry":{"type":"LineString","coordinates":[[-106.65076,39.31868],[-106.64973,39.31798]]}},{"type":"Feature","properties":{"cls":"unknown","name":"NORRIE","src":"usgs"},"geometry":{"type":"LineString","coordinates":[[-106.65661,39.32405],[-106.65653,39.3238],[-106.65509,39.32277],[-106.65424,39.32181],[-106.65397,39.32129],[-106.65329,39.32098],[-106.65305,39.32064],[-106.65245,39.32018],[-106.65191,39.31934],[-106.65076,39.31868]]}},{"type":"Feature","properties":{"cls":"car","name":"FRYING PAN","src":"usgs"},"geometry":{"type":"LineString","coordinates":[[-106.77541,39.36323],[-106.77217,39.36313],[-106.76918,39.36336],[-106.76885,39.36327],[-106.76823,39.3629],[-106.76791,39.36284],[-106.76738,39.36282],[-106.76616,39.36305],[-106.76575,39.36292],[-106.76518,39.36257],[-106.76444,39.36236],[-106.7636,39.36238],[-106.76067,39.36212],[-106.76025,39.36221],[-106.75965,39.3625],[-106.75924,39.36253],[-106.75814,39.36223],[-106.75681,39.36212],[-106.75582,39.36191],[-106.75466,39.36206],[-106.75406,39.36204],[-106.75232,39.36149],[-106.75183,39.36142],[-106.75012,39.36156],[-106.74881,39.36181],[-106.74717,39.36187],[-106.74599,39.36171],[-106.74462,39.36193],[-106.74351,39.36184],[-106.74163,39.36231],[-106.73997,39.3626],[-106.73943,39.36257],[-106.739,39.36242],[-106.73717,39.36139],[-106.73664,39.36123],[-106.73548,39.36127],[-106.73098,39.36188]]}},{"type":"Feature","properties":{"cls":"car","name":"FRYING PAN","src":"usgs"},"geometry":{"type":"LineString","coordinates":[[-106.70201,39.36046],[-106.69872,39.35959],[-106.69772,39.35926],[-106.69668,39.35866],[-106.69467,39.35713],[-106.69439,39.35677],[-106.69429,39.35643],[-106.69456,39.35498],[-106.69452,39.35455],[-106.69424,39.35405],[-106.69379,39.3537]]}},{"type":"Feature","properties":{"cls":"car","name":"FRYING PAN","src":"usgs"},"geometry":{"type":"LineString","coordinates":[[-106.69379,39.3537],[-106.68965,39.35152],[-106.68646,39.3497],[-106.68387,39.34868],[-106.68228,39.34774],[-106.68183,39.34757],[-106.67895,39.347]]}},{"type":"Feature","properties":{"cls":"car","name":"FRYING PAN","src":"usgs"},"geometry":{"type":"LineString","coordinates":[[-106.67895,39.347],[-106.67613,39.34641],[-106.67427,39.34564],[-106.67184,39.3444],[-106.6694,39.34368]]}},{"type":"Feature","properties":{"cls":"car","name":"FRYING PAN","src":"usgs"},"geometry":{"type":"LineString","coordinates":[[-106.6694,39.34368],[-106.66901,39.34346],[-106.66879,39.34323],[-106.66791,39.34197],[-106.66759,39.34133],[-106.66717,39.33979],[-106.66686,39.33939],[-106.66475,39.33765],[-106.66254,39.33692],[-106.66194,39.33651],[-106.66132,39.33587],[-106.66107,39.33509],[-106.66093,39.33485],[-106.65997,39.33417],[-106.65931,39.33356],[-106.65817,39.33179],[-106.65663,39.3302]]}},{"type":"Feature","properties":{"cls":"car","name":"FRYING PAN","src":"usgs"},"geometry":{"type":"LineString","coordinates":[[-106.65663,39.3302],[-106.65404,39.32635],[-106.65315,39.32529],[-106.65285,39.325],[-106.65217,39.32455],[-106.65127,39.32363],[-106.65079,39.32336]]}},{"type":"Feature","properties":{"cls":"car","name":"FRYING PAN","src":"usgs"},"geometry":{"type":"LineString","coordinates":[[-106.65079,39.32336],[-106.64735,39.32159],[-106.64563,39.32107],[-106.64296,39.32],[-106.64076,39.3192],[-106.637,39.31731],[-106.63365,39.3149],[-106.63289,39.31424],[-106.63232,39.31327],[-106.63224,39.31253],[-106.63206,39.31217],[-106.63104,39.31151],[-106.6306,39.31103],[-106.6301,39.31065],[-106.62798,39.3096],[-106.62695,39.30932],[-106.62433,39.30891],[-106.61876,39.3079],[-106.6182,39.30758],[-106.61717,39.30634],[-106.61676,39.30595],[-106.61609,39.30562],[-106.61552,39.30547],[-106.61394,39.30533],[-106.60697,39.30294],[-106.60471,39.30263],[-106.6017,39.3017],[-106.60054,39.30088],[-106.59938,39.30044],[-106.59908,39.30026],[-106.59891,39.30008],[-106.59863,39.29949],[-106.59805,39.2988],[-106.59761,39.29846],[-106.59672,39.29805],[-106.59518,39.29786],[-106.59375,39.29818],[-106.59171,39.29821],[-106.59118,39.29808],[-106.59039,39.29763],[-106.58994,39.29754],[-106.58969,39.29755],[-106.58873,39.29781],[-106.58791,39.29784]]}},{"type":"Feature","properties":{"cls":"low4wd","name":"SELLAR PARK","src":"usgs"},"geometry":{"type":"LineString","coordinates":[[-106.62247,39.31868],[-106.62227,39.31886],[-106.62205,39.31892],[-106.62085,39.31894],[-106.62037,39.31877],[-106.61954,39.31874],[-106.61778,39.31842]]}},{"type":"Feature","properties":{"cls":"unknown","name":"SELLAR PARK","src":"usgs"},"geometry":{"type":"LineString","coordinates":[[-106.61778,39.31842],[-106.61694,39.31822],[-106.61519,39.31793],[-106.61437,39.31792],[-106.614,39.31812],[-106.61382,39.31813],[-106.61358,39.31805]]}},{"type":"Feature","properties":{"cls":"unknown","name":"SELLAR PARK","src":"usgs"},"geometry":{"type":"LineString","coordinates":[[-106.61358,39.31805],[-106.6131,39.31784],[-106.6127,39.31753],[-106.61247,39.31749],[-106.61195,39.31755],[-106.61156,39.31749],[-106.61069,39.31702],[-106.60994,39.31675],[-106.60919,39.31606],[-106.60892,39.31591]]}},{"type":"Feature","properties":{"cls":"unknown","name":"SELLAR PARK","src":"usgs"},"geometry":{"type":"LineString","coordinates":[[-106.59961,39.3082],[-106.59897,39.30771],[-106.59711,39.30739],[-106.59548,39.30683],[-106.59515,39.30679],[-106.59436,39.30649],[-106.59409,39.30647],[-106.59351,39.30612]]}},{"type":"Feature","properties":{"cls":"unknown","name":"SELLAR PARK","src":"usgs"},"geometry":{"type":"LineString","coordinates":[[-106.60892,39.31591],[-106.60839,39.31564],[-106.60778,39.31548],[-106.6074,39.31552],[-106.60651,39.31528],[-106.6062,39.31529],[-106.6053,39.31485],[-106.60511,39.31468],[-106.60487,39.31431],[-106.60448,39.31398],[-106.60455,39.31359],[-106.60439,39.31306],[-106.60395,39.31272],[-106.60386,39.31245],[-106.60358,39.31225],[-106.60343,39.3118],[-106.60294,39.31149],[-106.60282,39.31102],[-106.60266,39.31079],[-106.6025,39.31033],[-106.60195,39.30985],[-106.60192,39.3096],[-106.60175,39.30933],[-106.60146,39.30905],[-106.60071,39.30861],[-106.59961,39.3082]]}},{"type":"Feature","properties":{"cls":"unknown","name":"MILLER","src":"usgs"},"geometry":{"type":"LineString","coordinates":[[-106.74636,39.34781],[-106.74636,39.34771]]}},{"type":"Feature","properties":{"cls":"unknown","name":"MILLER","src":"usgs"},"geometry":{"type":"LineString","coordinates":[[-106.74067,39.35414],[-106.74048,39.35392],[-106.74033,39.35388],[-106.73989,39.35411],[-106.73937,39.35457],[-106.73922,39.35456],[-106.73955,39.35402],[-106.73972,39.35363],[-106.73969,39.35338],[-106.73937,39.353],[-106.73938,39.35289],[-106.74065,39.35248],[-106.74114,39.3521],[-106.74138,39.35179],[-106.74149,39.35135],[-106.74146,39.35101],[-106.74161,39.35081],[-106.74198,39.351],[-106.74238,39.35099],[-106.74394,39.3503],[-106.7444,39.34994],[-106.74487,39.34976],[-106.74504,39.34963],[-106.74622,39.34817],[-106.74636,39.34781]]}},{"type":"Feature","properties":{"cls":"unknown","name":"DEADMAN","src":"usgs"},"geometry":{"type":"LineString","coordinates":[[-106.71685,39.35444],[-106.71685,39.35443]]}},{"type":"Feature","properties":{"cls":"unknown","name":"DEADMAN","src":"usgs"},"geometry":{"type":"LineString","coordinates":[[-106.71685,39.35443],[-106.71638,39.35358],[-106.71626,39.35309],[-106.71628,39.35283],[-106.71691,39.35166],[-106.71711,39.35106],[-106.71751,39.35055],[-106.71821,39.35002],[-106.71879,39.34852],[-106.71913,39.34797],[-106.71946,39.34771],[-106.71988,39.34711],[-106.72001,39.34701],[-106.72036,39.34636],[-106.72043,39.34606],[-106.72049,39.34498],[-106.72073,39.34422],[-106.72081,39.34371],[-106.72073,39.3431],[-106.72043,39.34224]]}},{"type":"Feature","properties":{"cls":"unknown","name":"DEADMAN","src":"usgs"},"geometry":{"type":"LineString","coordinates":[[-106.72043,39.34224],[-106.72043,39.34222]]}},{"type":"Feature","properties":{"cls":"unknown","name":"DEADMAN","src":"usgs"},"geometry":{"type":"LineString","coordinates":[[-106.72043,39.34222],[-106.72048,39.34206],[-106.72043,39.34194]]}},{"type":"Feature","properties":{"cls":"unknown","name":"DEADMAN","src":"usgs"},"geometry":{"type":"LineString","coordinates":[[-106.72043,39.34194],[-106.72043,39.34188]]}},{"type":"Feature","properties":{"cls":"unknown","name":"DEADMAN","src":"usgs"},"geometry":{"type":"LineString","coordinates":[[-106.72043,39.34188],[-106.72043,39.34168]]}},{"type":"Feature","properties":{"cls":"unknown","name":"DEADMAN","src":"usgs"},"geometry":{"type":"LineString","coordinates":[[-106.72043,39.34168],[-106.72038,39.34157],[-106.72043,39.34137]]}},{"type":"Feature","properties":{"cls":"unknown","name":"DEADMAN","src":"usgs"},"geometry":{"type":"LineString","coordinates":[[-106.72043,39.34137],[-106.72042,39.34121]]}},{"type":"Feature","properties":{"cls":"unknown","name":"DEADMAN","src":"usgs"},"geometry":{"type":"LineString","coordinates":[[-106.72042,39.34121],[-106.72032,39.34097],[-106.72031,39.34053]]}},{"type":"Feature","properties":{"cls":"car","src":"usgs"},"geometry":{"type":"LineString","coordinates":[[-106.85489,39.29433],[-106.85487,39.29426],[-106.85516,39.29412],[-106.85528,39.29391],[-106.85567,39.29386],[-106.85607,39.29361],[-106.85628,39.29334],[-106.85769,39.29256]]}},{"type":"Feature","properties":{"cls":"car","src":"usgs"},"geometry":{"type":"LineString","coordinates":[[-106.85769,39.29256],[-106.85782,39.29245]]}},{"type":"Feature","properties":{"cls":"car","src":"usgs"},"geometry":{"type":"LineString","coordinates":[[-106.85782,39.29245],[-106.8584,39.291],[-106.85903,39.29046],[-106.85933,39.29041]]}},{"type":"Feature","properties":{"cls":"car","src":"usgs"},"geometry":{"type":"LineString","coordinates":[[-106.70477,39.3612],[-106.70472,39.36134]]}},{"type":"Feature","properties":{"cls":"unknown","src":"usgs"},"geometry":{"type":"LineString","coordinates":[[-106.70472,39.36134],[-106.7046,39.36152],[-106.70409,39.36159],[-106.70389,39.36169],[-106.70385,39.36176],[-106.70397,39.3622],[-106.70359,39.36254]]}},{"type":"Feature","properties":{"cls":"unknown","name":"DIEMER LAKE","src":"usgs"},"geometry":{"type":"LineString","coordinates":[[-106.61476,39.34015],[-106.61476,39.34016]]}},{"type":"Feature","properties":{"cls":"unknown","name":"DIEMER LAKE","src":"usgs"},"geometry":{"type":"LineString","coordinates":[[-106.60816,39.33545],[-106.60819,39.33564],[-106.60826,39.33569],[-106.60834,39.33627],[-106.60843,39.3365],[-106.60859,39.33669],[-106.6091,39.33701],[-106.6097,39.33715],[-106.61,39.33712],[-106.61078,39.33736],[-106.61283,39.33771],[-106.61458,39.33786],[-106.61479,39.33789],[-106.61487,39.33798],[-106.61432,39.33803],[-106.61384,39.33799],[-106.61139,39.33854],[-106.61093,39.33857],[-106.61068,39.3385],[-106.61021,39.33855],[-106.60958,39.33867],[-106.60941,39.33879],[-106.60944,39.33884],[-106.61074,39.33911],[-106.61107,39.33931],[-106.61125,39.33935],[-106.61197,39.3394],[-106.61229,39.33927],[-106.61262,39.33938],[-106.61407,39.33961],[-106.61464,39.33981],[-106.61477,39.34002],[-106.61476,39.34015]]}},{"type":"Feature","properties":{"cls":"low4wd","name":"IVANHOE LAKE","src":"usgs"},"geometry":{"type":"LineString","coordinates":[[-106.60526,39.32389],[-106.6051,39.32431],[-106.60494,39.32454],[-106.60432,39.32481],[-106.60407,39.32485],[-106.60368,39.32484],[-106.6033,39.32471],[-106.60242,39.3239]]}},{"type":"Feature","properties":{"cls":"low4wd","name":"IVANHOE LAKE","src":"usgs"},"geometry":{"type":"LineString","coordinates":[[-106.60676,39.32208],[-106.60662,39.32216]]}},{"type":"Feature","properties":{"cls":"low4wd","name":"IVANHOE LAKE","src":"usgs"},"geometry":{"type":"LineString","coordinates":[[-106.60662,39.32216],[-106.60608,39.32254],[-106.60545,39.32325],[-106.60526,39.32389]]}},{"type":"Feature","properties":{"cls":"low4wd","name":"IVANHOE LAKE","src":"usgs"},"geometry":{"type":"LineString","coordinates":[[-106.60242,39.3239],[-106.6019,39.32357],[-106.60107,39.32321],[-106.60069,39.3229],[-106.60003,39.32218],[-106.59962,39.32197]]}},{"type":"Feature","properties":{"cls":"low4wd","name":"IVANHOE LAKE","src":"usgs"},"geometry":{"type":"LineString","coordinates":[[-106.59962,39.32197],[-106.59898,39.32181],[-106.59755,39.32178],[-106.59713,39.32169],[-106.59694,39.32161],[-106.59665,39.32136],[-106.59646,39.32099],[-106.59645,39.32073],[-106.59697,39.31883],[-106.59715,39.31861],[-106.59747,39.3184],[-106.5985,39.31787],[-106.59878,39.31757],[-106.59897,39.31721],[-106.59931,39.31528],[-106.59939,39.31503],[-106.59957,39.31476]]}},{"type":"Feature","properties":{"cls":"low4wd","name":"IVANHOE LAKE","src":"usgs"},"geometry":{"type":"LineString","coordinates":[[-106.61096,39.32025],[-106.6098,39.32055],[-106.60894,39.32086]]}},{"type":"Feature","properties":{"cls":"low4wd","name":"IVANHOE LAKE","src":"usgs"},"geometry":{"type":"LineString","coordinates":[[-106.60894,39.32086],[-106.60676,39.32208]]}},{"type":"Feature","properties":{"cls":"low4wd","name":"IVANHOE LAKE","src":"usgs"},"geometry":{"type":"LineString","coordinates":[[-106.61359,39.31951],[-106.61096,39.32025]]}},{"type":"Feature","properties":{"cls":"low4wd","name":"IVANHOE LAKE","src":"usgs"},"geometry":{"type":"LineString","coordinates":[[-106.61824,39.31695],[-106.61868,39.31721],[-106.61937,39.31745],[-106.62181,39.31793],[-106.62236,39.3182],[-106.62247,39.31877],[-106.62256,39.31894],[-106.62242,39.31958],[-106.62212,39.31985],[-106.62074,39.32043],[-106.61942,39.32071],[-106.61884,39.32074],[-106.61826,39.32068],[-106.61733,39.32049],[-106.61473,39.31942],[-106.61427,39.31937],[-106.61359,39.31951]]}},{"type":"Feature","properties":{"cls":"low4wd","name":"IVANHOE LAKE","src":"usgs"},"geometry":{"type":"LineString","coordinates":[[-106.59957,39.31476],[-106.60028,39.31397],[-106.60038,39.31372],[-106.60038,39.31352],[-106.60034,39.31327],[-106.60015,39.31294],[-106.59995,39.31275],[-106.59956,39.31254]]}},{"type":"Feature","properties":{"cls":"low4wd","name":"IVANHOE LAKE","src":"usgs"},"geometry":{"type":"LineString","coordinates":[[-106.59956,39.31254],[-106.59898,39.31248],[-106.59859,39.31257],[-106.59696,39.31344],[-106.59646,39.31383],[-106.59592,39.31452],[-106.59546,39.31495],[-106.59387,39.31594],[-106.59337,39.31606],[-106.59274,39.31607],[-106.59203,39.31579],[-106.5917,39.31549],[-106.59154,39.31526],[-106.5912,39.31393],[-106.59041,39.31252],[-106.58992,39.31124],[-106.58963,39.3101],[-106.58969,39.30826],[-106.58964,39.308],[-106.58946,39.30765],[-106.58923,39.30742],[-106.58854,39.30701],[-106.588,39.30686],[-106.58537,39.30666],[-106.58457,39.30627],[-106.58406,39.30593],[-106.58314,39.30562],[-106.58218,39.30555],[-106.58029,39.30584],[-106.57961,39.30566],[-106.57929,39.30541],[-106.57916,39.30523],[-106.5791,39.30474],[-106.57924,39.30441],[-106.5807,39.30313],[-106.58079,39.30258],[-106.58068,39.30221],[-106.58054,39.30203],[-106.57986,39.30169],[-106.57724,39.30073],[-106.57492,39.30046],[-106.57456,39.30047],[-106.57356,39.30028],[-106.57257,39.2999],[-106.57205,39.29944],[-106.57201,39.29908],[-106.57209,39.2988],[-106.57238,39.29835],[-106.57269,39.29813],[-106.5739,39.2979],[-106.57398,39.29784],[-106.57418,39.29743],[-106.57418,39.29731],[-106.57395,39.29701],[-106.57312,39.29659],[-106.57255,39.29651],[-106.56961,39.29528],[-106.56731,39.29451],[-106.56502,39.29288],[-106.56379,39.29241],[-106.56266,39.29182],[-106.5621,39.29133],[-106.56186,39.29096],[-106.56133,39.29038],[-106.56112,39.29023],[-106.56071,39.29007],[-106.5599,39.28998],[-106.55908,39.29022],[-106.5586,39.29022],[-106.55636,39.28971],[-106.55448,39.28975],[-106.55387,39.28992],[-106.55255,39.29065],[-106.55158,39.29091],[-106.55085,39.29106],[-106.54971,39.29091],[-106.54941,39.29097],[-106.54864,39.29133],[-106.54803,39.29168],[-106.5478,39.29188],[-106.5476,39.29228],[-106.54754,39.29303],[-106.54726,39.29352],[-106.54576,39.29454],[-106.54173,39.29622],[-106.54107,39.29645],[-106.5405,39.29655],[-106.53944,39.29658],[-106.53873,39.29652],[-106.53783,39.29635],[-106.53519,39.29568],[-106.53351,39.29554],[-106.53323,39.29543],[-106.53162,39.29445],[-106.52942,39.29322]]}},{"type":"Feature","properties":{"cls":"low4wd","name":"IVANHOE LAKE","src":"usgs"},"geometry":{"type":"LineString","coordinates":[[-106.60894,39.3088],[-106.61113,39.31067],[-106.6119,39.31118]]}},{"type":"Feature","properties":{"cls":"low4wd","name":"IVANHOE LAKE","src":"usgs"},"geometry":{"type":"LineString","coordinates":[[-106.6119,39.31118],[-106.61319,39.31201],[-106.61665,39.31369],[-106.61697,39.31405],[-106.61713,39.31441],[-106.61719,39.3154],[-106.61735,39.31586],[-106.61783,39.31659],[-106.61824,39.31695]]}},{"type":"Feature","properties":{"cls":"low4wd","name":"IVANHOE LAKE","src":"usgs"},"geometry":{"type":"LineString","coordinates":[[-106.6075,39.30756],[-106.60894,39.3088]]}},{"type":"Feature","properties":{"cls":"low4wd","name":"IVANHOE LAKE","src":"usgs"},"geometry":{"type":"LineString","coordinates":[[-106.58791,39.29784],[-106.58723,39.29782],[-106.5869,39.29789],[-106.58677,39.29807],[-106.58685,39.29844],[-106.58748,39.29886],[-106.58824,39.29911],[-106.58918,39.2993],[-106.59125,39.29944],[-106.59289,39.2994],[-106.59349,39.29955],[-106.59396,39.29992],[-106.59409,39.30035],[-106.59417,39.30093],[-106.59435,39.30123],[-106.59461,39.30145],[-106.59501,39.30162],[-106.59593,39.30176],[-106.59749,39.30167],[-106.59821,39.30172],[-106.59941,39.30257],[-106.59984,39.30272],[-106.60062,39.30284],[-106.60115,39.30309],[-106.60405,39.3046],[-106.60459,39.30506],[-106.60505,39.30563],[-106.6075,39.30756]]}},{"type":"Feature","properties":{"cls":"unknown","name":"BUSHEE CREEK","src":"usgs"},"geometry":{"type":"LineString","coordinates":[[-106.66693,39.35688],[-106.66731,39.35679],[-106.66784,39.35679],[-106.66876,39.35693],[-106.66892,39.35686],[-106.66994,39.35487],[-106.67098,39.35397],[-106.67345,39.35383],[-106.67508,39.354],[-106.67611,39.35351],[-106.67669,39.35296],[-106.67826,39.35278],[-106.67853,39.35217],[-106.67915,39.35173],[-106.6792,39.35161],[-106.67908,39.35107],[-106.67912,39.34992],[-106.67898,39.34944],[-106.67933,39.34891],[-106.67937,39.34875],[-106.67927,39.34801],[-106.67896,39.34746]]}},{"type":"Feature","properties":{"cls":"car","name":"BUSHEE CREEK","src":"usgs"},"geometry":{"type":"LineString","coordinates":[[-106.67896,39.34717],[-106.67902,39.34701]]}},{"type":"Feature","properties":{"cls":"car","name":"BUSHEE CREEK","src":"usgs"},"geometry":{"type":"LineString","coordinates":[[-106.67896,39.34746],[-106.67891,39.34731],[-106.67896,39.34717]]}},{"type":"Feature","properties":{"cls":"low4wd","src":"usgs"},"geometry":{"type":"LineString","coordinates":[[-106.75201,39.4966],[-106.75351,39.49739],[-106.75367,39.49758]]}},{"type":"Feature","properties":{"cls":"unknown","src":"usgs"},"geometry":{"type":"LineString","coordinates":[[-106.83393,39.48913],[-106.83357,39.48936]]}},{"type":"Feature","properties":{"cls":"unknown","src":"usgs"},"geometry":{"type":"LineString","coordinates":[[-106.83357,39.48936],[-106.83265,39.49007],[-106.83196,39.49018],[-106.83179,39.48999],[-106.83185,39.48969],[-106.8318,39.48958],[-106.83154,39.48949],[-106.83101,39.48948],[-106.83066,39.48921],[-106.83036,39.48917],[-106.82965,39.48944],[-106.82904,39.49026],[-106.82847,39.49024],[-106.82808,39.49044],[-106.82762,39.4908],[-106.82731,39.49124],[-106.8269,39.4915],[-106.82557,39.49185],[-106.82533,39.49197],[-106.82508,39.49223],[-106.82503,39.49223],[-106.82498,39.49207],[-106.8248,39.49205],[-106.82472,39.49198],[-106.82467,39.49153],[-106.82438,39.49098],[-106.82424,39.49084],[-106.82398,39.4908],[-106.82221,39.49178],[-106.82164,39.49201],[-106.82146,39.49221],[-106.8212,39.49236],[-106.82082,39.49241],[-106.82013,39.49229],[-106.8195,39.49202],[-106.81928,39.49166],[-106.8192,39.49089],[-106.81904,39.49077],[-106.81705,39.49039],[-106.81672,39.49027],[-106.81394,39.49013],[-106.81363,39.49007],[-106.81357,39.49],[-106.81345,39.48885],[-106.81357,39.48845],[-106.814,39.48795],[-106.81395,39.48783],[-106.81387,39.48781],[-106.81363,39.48785],[-106.8133,39.48801],[-106.81301,39.48826],[-106.81291,39.4886],[-106.81287,39.48937],[-106.81278,39.48979],[-106.81263,39.49009],[-106.81192,39.49039],[-106.81158,39.49044]]}},{"type":"Feature","properties":{"cls":"unknown","src":"usgs"},"geometry":{"type":"LineString","coordinates":[[-106.87296,39.38343],[-106.87264,39.38354],[-106.87231,39.38396],[-106.87192,39.38396],[-106.87182,39.38409],[-106.87197,39.38432],[-106.87207,39.38463]]}},{"type":"Feature","properties":{"cls":"low4wd","src":"usgs"},"geometry":{"type":"LineString","coordinates":[[-106.87809,39.37809],[-106.87529,39.38198],[-106.87501,39.38272],[-106.87296,39.38343]]}},{"type":"Feature","properties":{"cls":"unknown","src":"usgs"},"geometry":{"type":"LineString","coordinates":[[-106.83682,39.48978],[-106.83712,39.48992]]}},{"type":"Feature","properties":{"cls":"unknown","src":"usgs"},"geometry":{"type":"LineString","coordinates":[[-106.83719,39.4856],[-106.83621,39.48596],[-106.83597,39.48622],[-106.83607,39.48672],[-106.83587,39.48882],[-106.8359,39.48915],[-106.83618,39.48949],[-106.83682,39.48978]]}},{"type":"Feature","properties":{"cls":"low4wd","src":"usgs"},"geometry":{"type":"LineString","coordinates":[[-106.82028,39.37942],[-106.82067,39.37981],[-106.82148,39.38164],[-106.82237,39.38291],[-106.82239,39.38342],[-106.82268,39.38386],[-106.82346,39.38477]]}},{"type":"Feature","properties":{"cls":"low4wd","src":"usgs"},"geometry":{"type":"LineString","coordinates":[[-106.82455,39.38602],[-106.82459,39.3862]]}},{"type":"Feature","properties":{"cls":"low4wd","src":"usgs"},"geometry":{"type":"LineString","coordinates":[[-106.82346,39.38477],[-106.82434,39.38561],[-106.82455,39.38602]]}},{"type":"Feature","properties":{"cls":"car","name":"FRYING PAN","src":"usgs"},"geometry":{"type":"LineString","coordinates":[[-106.80445,39.38634],[-106.80393,39.38619],[-106.80374,39.38604],[-106.80358,39.38579],[-106.80357,39.38541],[-106.80367,39.38519],[-106.80412,39.3846],[-106.80419,39.38436],[-106.80418,39.38415],[-106.80393,39.38317],[-106.80371,39.38269],[-106.80342,39.38244],[-106.80301,39.38231],[-106.80259,39.38231],[-106.80173,39.3825],[-106.80065,39.3831],[-106.79986,39.38369],[-106.79888,39.3849],[-106.79866,39.38504],[-106.79833,39.38512],[-106.79787,39.38508],[-106.79753,39.38494],[-106.79606,39.38331],[-106.79554,39.38306],[-106.79407,39.38282],[-106.79218,39.38283],[-106.79096,39.38299],[-106.79004,39.38328]]}},{"type":"Feature","properties":{"cls":"car","name":"FRYING PAN","src":"usgs"},"geometry":{"type":"LineString","coordinates":[[-106.8315,39.36308],[-106.83056,39.36328],[-106.83028,39.36343],[-106.82877,39.36491],[-106.82748,39.36583],[-106.82658,39.36618],[-106.82545,39.36638],[-106.82391,39.36631],[-106.82264,39.36587],[-106.82219,39.36555],[-106.82174,39.36496],[-106.82042,39.36358],[-106.82005,39.36335],[-106.81968,39.36333],[-106.81941,39.36338],[-106.81858,39.36392],[-106.81827,39.36424],[-106.81781,39.36516],[-106.81754,39.3655],[-106.8161,39.36666],[-106.81582,39.36695],[-106.81564,39.3673],[-106.8152,39.36876],[-106.81502,39.36901],[-106.8142,39.36979],[-106.81405,39.36999],[-106.81395,39.37037],[-106.81423,39.37166],[-106.81465,39.37255],[-106.81624,39.37558],[-106.81749,39.37704],[-106.81767,39.37736],[-106.81767,39.3776],[-106.81751,39.37793],[-106.81702,39.37825],[-106.81647,39.37828],[-106.81579,39.37807],[-106.8153,39.37805],[-106.81486,39.37826],[-106.81438,39.37873]]}},{"type":"Feature","properties":{"cls":"car","name":"FRYING PAN","src":"usgs"},"geometry":{"type":"LineString","coordinates":[[-106.81438,39.37873],[-106.81397,39.37893],[-106.81358,39.37896],[-106.81322,39.37888],[-106.81294,39.37872]]}},{"type":"Feature","properties":{"cls":"car","name":"FRYING PAN","src":"usgs"},"geometry":{"type":"LineString","coordinates":[[-106.81294,39.37872],[-106.81277,39.37854],[-106.81253,39.37806],[-106.81194,39.37749],[-106.81151,39.37714],[-106.81101,39.37701],[-106.81058,39.37707],[-106.8102,39.3773],[-106.80928,39.37867]]}},{"type":"Feature","properties":{"cls":"car","name":"FRYING PAN","src":"usgs"},"geometry":{"type":"LineString","coordinates":[[-106.80928,39.37867],[-106.8088,39.37947],[-106.80866,39.37993],[-106.80867,39.38064],[-106.80895,39.3815],[-106.809,39.38206],[-106.80888,39.38275],[-106.80865,39.38328],[-106.80829,39.38382],[-106.80783,39.38432],[-106.80646,39.38492],[-106.80512,39.3862],[-106.80492,39.38629],[-106.80445,39.38634]]}},{"type":"Feature","properties":{"cls":"car","name":"FRYING PAN","src":"usgs"},"geometry":{"type":"LineString","coordinates":[[-106.79004,39.38328],[-106.78925,39.38381],[-106.78906,39.38401],[-106.7887,39.38468],[-106.78835,39.38492],[-106.78797,39.385],[-106.78758,39.38495],[-106.78728,39.38483],[-106.78703,39.38463],[-106.78688,39.38438],[-106.78686,39.38414],[-106.78744,39.38119],[-106.78761,39.37945],[-106.78744,39.37908],[-106.78704,39.37875],[-106.78546,39.37829]]}},{"type":"Feature","properties":{"cls":"car","name":"FRYING PAN","src":"usgs"},"geometry":{"type":"LineString","coordinates":[[-106.78546,39.37829],[-106.78483,39.37805],[-106.78448,39.37767]]}},{"type":"Feature","properties":{"cls":"car","name":"FRYING PAN","src":"usgs"},"geometry":{"type":"LineString","coordinates":[[-106.78448,39.37767],[-106.78277,39.37546],[-106.7826,39.37511],[-106.78222,39.37387],[-106.78222,39.37348],[-106.78261,39.37242],[-106.78283,39.37217],[-106.78415,39.3711],[-106.78533,39.37054],[-106.78559,39.37034],[-106.78579,39.37003],[-106.78597,39.36953],[-106.78595,39.36862]]}},{"type":"Feature","properties":{"cls":"car","name":"FRYING PAN","src":"usgs"},"geometry":{"type":"LineString","coordinates":[[-106.78595,39.36862],[-106.78593,39.3676],[-106.78579,39.36713]]}},{"type":"Feature","properties":{"cls":"car","name":"FRYING PAN","src":"usgs"},"geometry":{"type":"LineString","coordinates":[[-106.78579,39.36713],[-106.78565,39.36696],[-106.78535,39.36679]]}},{"type":"Feature","properties":{"cls":"car","name":"FRYING PAN","src":"usgs"},"geometry":{"type":"LineString","coordinates":[[-106.78535,39.36679],[-106.78454,39.36656],[-106.78392,39.36604]]}},{"type":"Feature","properties":{"cls":"car","name":"FRYING PAN","src":"usgs"},"geometry":{"type":"LineString","coordinates":[[-106.73098,39.36188],[-106.72919,39.3621],[-106.72867,39.36204],[-106.72721,39.3617],[-106.726,39.36173],[-106.72447,39.36156],[-106.7239,39.36159],[-106.72323,39.36175],[-106.72182,39.36244],[-106.71799,39.36356],[-106.71765,39.36361],[-106.71659,39.36346],[-106.71276,39.36231],[-106.71192,39.36228],[-106.71124,39.36242]]}},{"type":"Feature","properties":{"cls":"car","name":"FRYING PAN","src":"usgs"},"geometry":{"type":"LineString","coordinates":[[-106.71124,39.36242],[-106.71121,39.36243]]}},{"type":"Feature","properties":{"cls":"car","name":"FRYING PAN","src":"usgs"},"geometry":{"type":"LineString","coordinates":[[-106.71121,39.36243],[-106.71034,39.36257],[-106.70925,39.36239]]}},{"type":"Feature","properties":{"cls":"car","name":"FRYING PAN","src":"usgs"},"geometry":{"type":"LineString","coordinates":[[-106.70925,39.36239],[-106.70201,39.36046]]}},{"type":"Feature","properties":{"cls":"low4wd","name":"EAGLE-THOMASVILLE","src":"usgs"},"geometry":{"type":"LineString","coordinates":[[-106.68356,39.36329],[-106.68383,39.36315],[-106.68405,39.36244]]}},{"type":"Feature","properties":{"cls":"low4wd","name":"EAGLE-THOMASVILLE","src":"usgs"},"geometry":{"type":"LineString","coordinates":[[-106.67986,39.36794],[-106.67996,39.368],[-106.68006,39.36887],[-106.68029,39.36937],[-106.68093,39.37001],[-106.68112,39.37003],[-106.68119,39.36992],[-106.68114,39.36973],[-106.6808,39.3688],[-106.68091,39.36855],[-106.68094,39.36829],[-106.68141,39.36759],[-106.68135,39.36751],[-106.68105,39.36738],[-106.68097,39.36687],[-106.68106,39.36653],[-106.68134,39.36607],[-106.68123,39.3648],[-106.68166,39.36434],[-106.68192,39.36421],[-106.68224,39.36393],[-106.68297,39.36376],[-106.68356,39.36329]]}},{"type":"Feature","properties":{"cls":"unknown","name":"RED CREEK","src":"usgs"},"geometry":{"type":"LineString","coordinates":[[-106.83962,39.48983],[-106.84011,39.49012],[-106.84019,39.4902],[-106.84027,39.49056],[-106.84097,39.49115],[-106.84137,39.49114],[-106.84141,39.49124],[-106.84137,39.49166],[-106.84146,39.49181],[-106.84185,39.49196],[-106.84233,39.49228],[-106.84256,39.49223],[-106.84282,39.49174],[-106.8428,39.49162],[-106.84262,39.49141],[-106.84272,39.49094],[-106.84285,39.49073],[-106.84321,39.49046],[-106.84341,39.4902],[-106.84359,39.48967],[-106.84379,39.48941],[-106.84405,39.48948],[-106.84472,39.49039],[-106.84518,39.49048],[-106.84558,39.49024],[-106.84609,39.48948],[-106.84626,39.48941],[-106.84656,39.48945],[-106.84664,39.48937],[-106.84675,39.48909],[-106.84663,39.4888],[-106.84665,39.48852],[-106.84623,39.48825],[-106.84572,39.48812],[-106.8457,39.48799],[-106.84581,39.48758]]}},{"type":"Feature","properties":{"cls":"unknown","name":"RED CREEK","src":"usgs"},"geometry":{"type":"LineString","coordinates":[[-106.83909,39.48982],[-106.83898,39.48965],[-106.83903,39.48959],[-106.83928,39.48963],[-106.83962,39.48983]]}},{"type":"Feature","properties":{"cls":"unknown","name":"RED CREEK","src":"usgs"},"geometry":{"type":"LineString","coordinates":[[-106.83734,39.48979],[-106.8377,39.48991],[-106.83827,39.48997],[-106.83896,39.49018],[-106.83932,39.49036],[-106.83961,39.49038],[-106.83954,39.49021],[-106.83909,39.48982]]}},{"type":"Feature","properties":{"cls":"unknown","name":"RED CREEK","src":"usgs"},"geometry":{"type":"LineString","coordinates":[[-106.83712,39.48992],[-106.83715,39.48979]]}},{"type":"Feature","properties":{"cls":"unknown","name":"RED CREEK","src":"usgs"},"geometry":{"type":"LineString","coordinates":[[-106.83715,39.48979],[-106.83734,39.48979]]}},{"type":"Feature","properties":{"cls":"low4wd","src":"usgs"},"geometry":{"type":"LineString","coordinates":[[-106.78927,39.37054],[-106.78936,39.37082]]}},{"type":"Feature","properties":{"cls":"low4wd","src":"usgs"},"geometry":{"type":"LineString","coordinates":[[-106.78947,39.36935],[-106.78936,39.36965],[-106.78934,39.37032],[-106.78927,39.37054]]}},{"type":"Feature","properties":{"cls":"unknown","src":"usgs"},"geometry":{"type":"LineString","coordinates":[[-106.80491,39.39297],[-106.80465,39.39286],[-106.80457,39.39276]]}},{"type":"Feature","properties":{"cls":"unknown","src":"usgs"},"geometry":{"type":"LineString","coordinates":[[-106.80457,39.39276],[-106.80456,39.39225],[-106.80475,39.39174],[-106.80554,39.39049],[-106.80578,39.39],[-106.80601,39.38927]]}},{"type":"Feature","properties":{"cls":"car","src":"usgs"},"geometry":{"type":"LineString","coordinates":[[-106.70777,39.36201],[-106.7078,39.36216]]}},{"type":"Feature","properties":{"cls":"car","src":"usgs"},"geometry":{"type":"LineString","coordinates":[[-106.7078,39.36216],[-106.70782,39.36222],[-106.70805,39.36235],[-106.7081,39.36252],[-106.70801,39.36262],[-106.70801,39.36302],[-106.70821,39.3631],[-106.70879,39.36308]]}},{"type":"Feature","properties":{"cls":"low4wd","src":"usgs"},"geometry":{"type":"LineString","coordinates":[[-106.81652,39.37829],[-106.81686,39.37871]]}},{"type":"Feature","properties":{"cls":"low4wd","src":"usgs"},"geometry":{"type":"LineString","coordinates":[[-106.81686,39.37871],[-106.81714,39.37879],[-106.81746,39.37871]]}},{"type":"Feature","properties":{"cls":"low4wd","src":"usgs"},"geometry":{"type":"LineString","coordinates":[[-106.81746,39.37871],[-106.8178,39.3786],[-106.81843,39.3787]]}},{"type":"Feature","properties":{"cls":"low4wd","src":"usgs"},"geometry":{"type":"LineString","coordinates":[[-106.81843,39.3787],[-106.81956,39.37905],[-106.82028,39.37942]]}},{"type":"Feature","properties":{"cls":"low4wd","src":"usgs"},"geometry":{"type":"LineString","coordinates":[[-106.73298,39.48222],[-106.73305,39.48189],[-106.73302,39.48162],[-106.73314,39.48131]]}},{"type":"Feature","properties":{"cls":"unknown","src":"usgs"},"geometry":{"type":"LineString","coordinates":[[-106.72482,39.48557],[-106.72572,39.48509],[-106.72616,39.48497],[-106.72643,39.48469],[-106.72718,39.48463],[-106.72804,39.48416],[-106.72861,39.48412],[-106.72959,39.48364],[-106.73049,39.48346],[-106.73105,39.48315],[-106.73141,39.48316],[-106.7321,39.48293],[-106.73237,39.48276],[-106.73269,39.48238],[-106.73298,39.48222]]}},{"type":"Feature","properties":{"cls":"low4wd","name":"GYPSUM CREEK","src":"usgs"},"geometry":{"type":"LineString","coordinates":[[-106.87874,39.49964],[-106.87829,39.49957],[-106.87782,39.49958],[-106.8775,39.49948],[-106.87656,39.49943],[-106.87555,39.49899],[-106.87518,39.4989],[-106.87454,39.49851]]}},{"type":"Feature","properties":{"cls":"low4wd","name":"GYPSUM CREEK","src":"usgs"},"geometry":{"type":"LineString","coordinates":[[-106.87454,39.49851],[-106.87141,39.49752],[-106.86967,39.49709]]}},{"type":"Feature","properties":{"cls":"low4wd","name":"GYPSUM CREEK","src":"usgs"},"geometry":{"type":"LineString","coordinates":[[-106.86967,39.49709],[-106.86713,39.49645],[-106.86585,39.49654],[-106.86385,39.49653],[-106.86274,39.4963],[-106.8624,39.49611],[-106.86166,39.49594],[-106.86038,39.49536],[-106.85981,39.4952],[-106.85855,39.49501],[-106.85716,39.49492]]}},{"type":"Feature","properties":{"cls":"low4wd","name":"GYPSUM CREEK","src":"usgs"},"geometry":{"type":"LineString","coordinates":[[-106.85716,39.49492],[-106.85533,39.49488],[-106.85447,39.49476],[-106.85282,39.49474],[-106.85102,39.49447],[-106.84943,39.49432],[-106.84819,39.49398],[-106.84692,39.49415],[-106.84544,39.49404],[-106.84433,39.4942],[-106.84333,39.49418],[-106.84252,39.49396],[-106.84165,39.49358],[-106.84078,39.49359],[-106.84062,39.49354],[-106.84023,39.49311],[-106.84017,39.49293],[-106.84024,39.49261],[-106.83985,39.49164]]}},{"type":"Feature","properties":{"cls":"unknown","name":"WATERBURG CREEK","src":"usgs"},"geometry":{"type":"LineString","coordinates":[[-106.73334,39.36378],[-106.73332,39.36378]]}},{"type":"Feature","properties":{"cls":"unknown","name":"WATERBURG CREEK","src":"usgs"},"geometry":{"type":"LineString","coordinates":[[-106.73567,39.36303],[-106.73468,39.36308],[-106.73357,39.36372],[-106.73334,39.36378]]}},{"type":"Feature","properties":{"cls":"car","name":"WATERBURG CREEK","src":"usgs"},"geometry":{"type":"LineString","coordinates":[[-106.73808,39.36191],[-106.7371,39.36244],[-106.73567,39.36303]]}},{"type":"Feature","properties":{"cls":"car","src":"usgs"},"geometry":{"type":"LineString","coordinates":[[-106.86122,39.36955],[-106.86088,39.36966]]}},{"type":"Feature","properties":{"cls":"low4wd","src":"usgs"},"geometry":{"type":"LineString","coordinates":[[-106.86088,39.36966],[-106.8599,39.36992],[-106.85917,39.37024],[-106.85827,39.37039],[-106.85805,39.37061],[-106.85795,39.37106]]}},{"type":"Feature","properties":{"cls":"low4wd","name":"GYPSUM CREEK","src":"usgs"},"geometry":{"type":"LineString","coordinates":[[-106.83972,39.49151],[-106.83924,39.4914],[-106.83834,39.49102],[-106.83818,39.49099],[-106.83774,39.49109],[-106.83684,39.49076],[-106.83592,39.49068],[-106.8352,39.4905],[-106.83458,39.49022],[-106.83424,39.48974]]}},{"type":"Feature","properties":{"cls":"low4wd","name":"GYPSUM CREEK","src":"usgs"},"geometry":{"type":"LineString","coordinates":[[-106.83424,39.48974],[-106.83396,39.48916],[-106.83361,39.48891]]}},{"type":"Feature","properties":{"cls":"low4wd","name":"GYPSUM CREEK","src":"usgs"},"geometry":{"type":"LineString","coordinates":[[-106.83361,39.48891],[-106.83292,39.48834],[-106.83251,39.48789]]}},{"type":"Feature","properties":{"cls":"low4wd","name":"GYPSUM CREEK","src":"usgs"},"geometry":{"type":"LineString","coordinates":[[-106.81866,39.48326],[-106.8185,39.48322],[-106.81819,39.48298],[-106.81717,39.48275],[-106.81665,39.48282],[-106.81465,39.48328],[-106.81249,39.48353],[-106.81209,39.48367],[-106.80993,39.4836],[-106.80961,39.48376],[-106.80875,39.48439],[-106.80654,39.48621],[-106.80572,39.4868],[-106.80317,39.48765],[-106.80015,39.48743],[-106.79843,39.48716]]}},{"type":"Feature","properties":{"cls":"low4wd","name":"GYPSUM CREEK","src":"usgs"},"geometry":{"type":"LineString","coordinates":[[-106.83251,39.48789],[-106.83225,39.48759],[-106.83202,39.48743],[-106.83134,39.48748],[-106.83055,39.48717],[-106.82915,39.48684],[-106.82858,39.48685],[-106.82821,39.48698]]}},{"type":"Feature","properties":{"cls":"low4wd","name":"GYPSUM CREEK","src":"usgs"},"geometry":{"type":"LineString","coordinates":[[-106.82821,39.48698],[-106.82798,39.48708],[-106.82728,39.48702],[-106.82596,39.48719],[-106.82477,39.487]]}},{"type":"Feature","properties":{"cls":"low4wd","name":"GYPSUM CREEK","src":"usgs"},"geometry":{"type":"LineString","coordinates":[[-106.82477,39.487],[-106.82316,39.48641],[-106.82174,39.48559],[-106.82099,39.48504]]}},{"type":"Feature","properties":{"cls":"low4wd","name":"GYPSUM CREEK","src":"usgs"},"geometry":{"type":"LineString","coordinates":[[-106.82099,39.48504],[-106.82045,39.48478],[-106.82027,39.48434]]}},{"type":"Feature","properties":{"cls":"low4wd","name":"GYPSUM CREEK","src":"usgs"},"geometry":{"type":"LineString","coordinates":[[-106.82027,39.48434],[-106.82013,39.48399],[-106.81984,39.48368]]}},{"type":"Feature","properties":{"cls":"low4wd","name":"GYPSUM CREEK","src":"usgs"},"geometry":{"type":"LineString","coordinates":[[-106.81984,39.48368],[-106.81963,39.48345]]}},{"type":"Feature","properties":{"cls":"low4wd","name":"GYPSUM CREEK","src":"usgs"},"geometry":{"type":"LineString","coordinates":[[-106.81963,39.48345],[-106.81866,39.48326]]}},{"type":"Feature","properties":{"cls":"car","name":"FRYING PAN","src":"usgs"},"geometry":{"type":"LineString","coordinates":[[-106.89906,39.37747],[-106.89646,39.37845],[-106.89555,39.37873],[-106.89475,39.37889],[-106.89346,39.37891],[-106.88315,39.37776],[-106.8796,39.37646],[-106.87878,39.37606],[-106.87823,39.37571],[-106.87753,39.37515],[-106.87697,39.3749],[-106.8765,39.37489],[-106.87578,39.37502],[-106.87454,39.37548],[-106.87421,39.37548],[-106.8734,39.37518],[-106.87283,39.37506],[-106.87245,39.3751],[-106.87121,39.37548],[-106.87053,39.37548],[-106.87021,39.37541]]}},{"type":"Feature","properties":{"cls":"car","name":"FRYING PAN","src":"usgs"},"geometry":{"type":"LineString","coordinates":[[-106.87021,39.37541],[-106.86993,39.37528],[-106.86959,39.375],[-106.86856,39.37344],[-106.86812,39.3725],[-106.86745,39.36999],[-106.86724,39.3697],[-106.86688,39.36946],[-106.86632,39.36927],[-106.86591,39.36923],[-106.864,39.36961],[-106.86194,39.3695],[-106.86088,39.36961]]}},{"type":"Feature","properties":{"cls":"car","name":"FRYING PAN","src":"usgs"},"geometry":{"type":"LineString","coordinates":[[-106.84921,39.36701],[-106.84824,39.36708],[-106.84768,39.367],[-106.84704,39.36669],[-106.84618,39.36605],[-106.8459,39.36566],[-106.84567,39.36501],[-106.84569,39.36463],[-106.84599,39.36386]]}},{"type":"Feature","properties":{"cls":"car","name":"FRYING PAN","src":"usgs"},"geometry":{"type":"LineString","coordinates":[[-106.86088,39.36961],[-106.85944,39.36994],[-106.85725,39.3702],[-106.85612,39.37027],[-106.85538,39.37021],[-106.85326,39.36939],[-106.85156,39.36901],[-106.85112,39.36865],[-106.85058,39.36755],[-106.85031,39.36725],[-106.84985,39.36703],[-106.84921,39.36701]]}},{"type":"Feature","properties":{"cls":"unknown","src":"usgs"},"geometry":{"type":"LineString","coordinates":[[-106.86342,39.48972],[-106.86322,39.48987]]}},{"type":"Feature","properties":{"cls":"unknown","src":"usgs"},"geometry":{"type":"LineString","coordinates":[[-106.86322,39.48987],[-106.86314,39.49],[-106.86293,39.49112],[-106.86316,39.49167],[-106.86318,39.49208],[-106.86312,39.49225],[-106.86272,39.49261]]}},{"type":"Feature","properties":{"cls":"low4wd","src":"usgs"},"geometry":{"type":"LineString","coordinates":[[-106.86272,39.49261],[-106.86251,39.49305],[-106.86244,39.49354],[-106.86235,39.49376],[-106.86189,39.49403],[-106.86169,39.49425],[-106.86157,39.4951],[-106.86117,39.49574]]}},{"type":"Feature","properties":{"cls":"car","src":"usgs"},"geometry":{"type":"LineString","coordinates":[[-106.78544,39.36685],[-106.7858,39.36692]]}},{"type":"Feature","properties":{"cls":"car","src":"usgs"},"geometry":{"type":"LineString","coordinates":[[-106.7858,39.36692],[-106.78649,39.36711],[-106.7866,39.36722],[-106.78649,39.36736],[-106.78585,39.36759]]}},{"type":"Feature","properties":{"cls":"low4wd","name":"FRYINGPAN TUNNEL DITCH","src":"usgs"},"geometry":{"type":"LineString","coordinates":[[-106.53057,39.25023],[-106.53073,39.25083],[-106.53077,39.25143],[-106.53068,39.25181],[-106.53036,39.25221]]}},{"type":"Feature","properties":{"cls":"unknown","name":"Little Ditch Rd","src":"usgs"},"geometry":{"type":"LineString","coordinates":[[-106.8702,39.27719],[-106.86988,39.27703],[-106.86948,39.27705],[-106.86872,39.27754],[-106.86858,39.27772],[-106.86865,39.27799],[-106.86915,39.27823],[-106.8693,39.27838],[-106.86939,39.27856],[-106.86939,39.279],[-106.86956,39.2792],[-106.86978,39.27932]]}},{"type":"Feature","properties":{"cls":"unknown","name":"Woody Creek Mesa","src":"usgs"},"geometry":{"type":"LineString","coordinates":[[-106.8702,39.27719],[-106.87002,39.27624]]}},{"type":"Feature","properties":{"cls":"car","name":"Woody Creek Mesa","src":"usgs"},"geometry":{"type":"LineString","coordinates":[[-106.87054,39.27464],[-106.87051,39.27479],[-106.87061,39.27491],[-106.87212,39.27593],[-106.87225,39.27614],[-106.87278,39.27629],[-106.87314,39.27649],[-106.87355,39.27715],[-106.87356,39.27729],[-106.87349,39.2774],[-106.87311,39.27758],[-106.87134,39.27749],[-106.87077,39.27754],[-106.87035,39.27746],[-106.8702,39.27719]]}},{"type":"Feature","properties":{"cls":"car","name":"Paradise Mesa","src":"usgs"},"geometry":{"type":"LineString","coordinates":[[-106.86202,39.26931],[-106.86164,39.26835],[-106.86174,39.26751],[-106.86196,39.26711],[-106.86249,39.26715],[-106.86268,39.2671],[-106.86297,39.26677],[-106.86305,39.26658],[-106.86318,39.2665],[-106.86413,39.2668],[-106.86488,39.26713],[-106.86537,39.26723],[-106.86583,39.26755],[-106.86669,39.26793],[-106.86697,39.26796],[-106.86773,39.26785]]}},{"type":"Feature","properties":{"cls":"unknown","name":"Meadowlark Ln","src":"usgs"},"geometry":{"type":"LineString","coordinates":[[-106.87143,39.26428],[-106.87128,39.26446],[-106.87127,39.26457],[-106.87149,39.26507],[-106.87152,39.26534],[-106.87171,39.26552],[-106.87171,39.26579],[-106.87159,39.26583],[-106.87125,39.26578],[-106.87022,39.26608],[-106.86943,39.2661],[-106.86895,39.26601],[-106.86883,39.26605],[-106.86869,39.26619],[-106.86869,39.26647],[-106.86852,39.26672],[-106.86858,39.26717],[-106.86847,39.26762],[-106.86773,39.26785]]}},{"type":"Feature","properties":{"cls":"car","name":"IVANHOE LAKE","src":"usgs"},"geometry":{"type":"LineString","coordinates":[[-106.5279,39.29216],[-106.52728,39.29162],[-106.52713,39.29131],[-106.52603,39.29023],[-106.5255,39.2896],[-106.52515,39.28875],[-106.52497,39.28809],[-106.52315,39.28554],[-106.52283,39.28475],[-106.52232,39.2829],[-106.52222,39.28266],[-106.52187,39.28224],[-106.52151,39.28197],[-106.52093,39.28169],[-106.51817,39.2807],[-106.51643,39.27969],[-106.51317,39.27743],[-106.51263,39.27698],[-106.51039,39.27477],[-106.50917,39.27368],[-106.5081,39.27326],[-106.50708,39.27299],[-106.50562,39.27204],[-106.50445,39.27101],[-106.50402,39.2707],[-106.50319,39.27028],[-106.50101,39.26948],[-106.5003,39.26914],[-106.50009,39.26896],[-106.4996,39.26833],[-106.49928,39.26776],[-106.49918,39.26726],[-106.49884,39.26682]]}},{"type":"Feature","properties":{"cls":"unknown","name":"SUNDELL","src":"usgs"},"geometry":{"type":"LineString","coordinates":[[-106.94672,39.54633],[-106.94654,39.54602],[-106.94542,39.54516],[-106.944,39.54442],[-106.9434,39.54358],[-106.94323,39.54318],[-106.94291,39.54276],[-106.942,39.54176],[-106.94106,39.54022],[-106.94098,39.5398],[-106.94102,39.53937],[-106.9412,39.53882],[-106.94133,39.53783],[-106.94197,39.53728],[-106.94302,39.53618],[-106.9431,39.53597],[-106.94309,39.53573],[-106.94304,39.53552],[-106.94289,39.53536],[-106.94214,39.53487],[-106.94125,39.5339],[-106.94082,39.53323],[-106.94078,39.53308],[-106.94082,39.53263],[-106.9406,39.5313],[-106.94007,39.52916],[-106.93991,39.52904],[-106.93945,39.52912],[-106.93776,39.53006],[-106.93738,39.53019],[-106.93707,39.53018],[-106.93679,39.53008],[-106.93651,39.52989],[-106.93627,39.52954],[-106.93623,39.52901],[-106.93631,39.52798],[-106.93616,39.52776],[-106.93515,39.52726],[-106.9341,39.52649],[-106.93285,39.52581],[-106.9323,39.52539],[-106.93206,39.525],[-106.93196,39.52473],[-106.93194,39.52424],[-106.93202,39.524],[-106.93234,39.52356],[-106.93234,39.52349],[-106.93211,39.5232],[-106.93245,39.52278],[-106.93234,39.52254],[-106.93188,39.52216],[-106.93178,39.52188],[-106.93193,39.52119],[-106.93194,39.52063],[-106.93232,39.52017],[-106.93235,39.51992],[-106.9321,39.51969],[-106.93174,39.51948],[-106.931,39.51921],[-106.93043,39.51911],[-106.92943,39.51912],[-106.9292,39.51895],[-106.92895,39.51844],[-106.92834,39.51752],[-106.92828,39.51714],[-106.92857,39.5166],[-106.9284,39.51592],[-106.92828,39.51575],[-106.92809,39.51567],[-106.92763,39.51584],[-106.92697,39.51583],[-106.92545,39.51555],[-106.92533,39.5154],[-106.92532,39.51507],[-106.92495,39.51453],[-106.92494,39.51422],[-106.92518,39.51341],[-106.92512,39.51329],[-106.9249,39.51322],[-106.92466,39.51323],[-106.92391,39.51352],[-106.9236,39.51351],[-106.92321,39.51333],[-106.92269,39.51283],[-106.92171,39.51165],[-106.92095,39.51058],[-106.92064,39.51037],[-106.92026,39.51029],[-106.91978,39.51037],[-106.9184,39.51114],[-106.9181,39.51123],[-106.9177,39.51116],[-106.91746,39.51104],[-106.91724,39.51082],[-106.91698,39.5104],[-106.91669,39.51037],[-106.9165,39.51045],[-106.916,39.51112],[-106.91559,39.51149],[-106.91526,39.51161],[-106.91488,39.51162],[-106.91415,39.51132],[-106.91395,39.51117],[-106.91376,39.51086],[-106.91357,39.51072],[-106.9132,39.51063],[-106.91265,39.5106],[-106.91228,39.51042],[-106.91219,39.51011],[-106.91233,39.50966],[-106.91225,39.50951],[-106.91214,39.50947],[-106.91127,39.50938],[-106.90999,39.50935],[-106.9098,39.50929],[-106.90909,39.50937],[-106.90742,39.509],[-106.90658,39.50906],[-106.90625,39.50894],[-106.90617,39.50883],[-106.90605,39.50813],[-106.90613,39.50785],[-106.90605,39.50711],[-106.90599,39.50693],[-106.90565,39.50674],[-106.9056,39.5064],[-106.90595,39.50488],[-106.90615,39.50449],[-106.90702,39.5034],[-106.90737,39.50286],[-106.90743,39.50227],[-106.90729,39.50203],[-106.90696,39.50166],[-106.90648,39.50131],[-106.90616,39.50124],[-106.90521,39.50128],[-106.90503,39.50118],[-106.90454,39.50072],[-106.904,39.50002],[-106.90395,39.49929],[-106.90373,39.49873],[-106.90367,39.49807],[-106.90369,39.49774],[-106.90379,39.49752],[-106.90399,39.49724],[-106.90418,39.49682],[-106.9045,39.49652],[-106.90455,39.49635],[-106.90456,39.49611],[-106.90437,39.49581],[-106.90436,39.49568],[-106.90492,39.49477],[-106.90554,39.49327],[-106.90616,39.49263],[-106.90643,39.4916],[-106.90645,39.49132],[-106.90629,39.49102],[-106.90614,39.49097],[-106.90592,39.49102],[-106.90469,39.49143],[-106.90425,39.4914],[-106.90399,39.49129],[-106.90363,39.49103],[-106.9035,39.49084],[-106.90337,39.49043],[-106.9032,39.49033],[-106.9012,39.48967],[-106.90028,39.48945],[-106.89964,39.48952],[-106.89908,39.48969],[-106.89849,39.48964],[-106.89797,39.4894],[-106.89662,39.48831],[-106.89491,39.48758],[-106.89455,39.48761],[-106.89181,39.48848],[-106.89099,39.48803],[-106.89035,39.48784],[-106.88989,39.4878],[-106.88871,39.48799],[-106.88564,39.4877],[-106.88513,39.48758],[-106.88373,39.48684],[-106.88201,39.48674],[-106.88065,39.48641],[-106.88014,39.48623],[-106.87974,39.4859],[-106.87899,39.48572],[-106.87848,39.48544],[-106.8781,39.48536],[-106.87587,39.48536],[-106.87533,39.48552],[-106.87425,39.48567],[-106.87378,39.48604],[-106.87338,39.48616],[-106.87268,39.48581],[-106.87251,39.48566],[-106.87218,39.48518],[-106.87188,39.48458],[-106.87173,39.48436],[-106.87161,39.48433],[-106.86926,39.48555],[-106.86883,39.4857],[-106.86769,39.48586],[-106.86706,39.48588],[-106.86588,39.48564],[-106.86517,39.48531],[-106.86424,39.485],[-106.86397,39.48499],[-106.86378,39.48507],[-106.86321,39.48595],[-106.86293,39.48687],[-106.86268,39.48711],[-106.86255,39.4874],[-106.86252,39.48902],[-106.86227,39.48983],[-106.862,39.49018],[-106.86146,39.49066],[-106.86138,39.49081],[-106.86135,39.49108],[-106.86109,39.49144],[-106.8606,39.49163],[-106.8599,39.49208],[-106.85939,39.49211],[-106.85822,39.49199],[-106.85629,39.4919],[-106.85548,39.49192],[-106.85513,39.49182],[-106.85484,39.49164],[-106.85464,39.49161],[-106.85403,39.49174],[-106.85352,39.49173],[-106.85318,39.49161],[-106.85256,39.49111],[-106.8524,39.49089],[-106.85222,39.49084],[-106.85206,39.49087],[-106.85171,39.49115],[-106.85134,39.49123],[-106.85115,39.49152],[-106.85041,39.49188],[-106.85004,39.4919],[-106.84952,39.49174],[-106.84936,39.49182]]}},{"type":"Feature","properties":{"cls":"low4wd","name":"Wapiti Way","src":"usgs"},"geometry":{"type":"LineString","coordinates":[[-106.81702,39.38202],[-106.81671,39.38213],[-106.81667,39.38232],[-106.8168,39.38287],[-106.81638,39.38344],[-106.81634,39.38391],[-106.81506,39.38346],[-106.81484,39.38351],[-106.81424,39.38388],[-106.81421,39.38405]]}},{"type":"Feature","properties":{"cls":"low4wd","name":"Spinnaker Ln","src":"usgs"},"geometry":{"type":"LineString","coordinates":[[-106.8146,39.38681],[-106.81494,39.38675],[-106.81696,39.38663],[-106.81702,39.38644],[-106.8168,39.38589]]}},{"type":"Feature","properties":{"cls":"low4wd","name":"Silver Spruce Ln","src":"usgs"},"geometry":{"type":"LineString","coordinates":[[-106.81586,39.38546],[-106.81514,39.38441]]}},{"type":"Feature","properties":{"cls":"car","name":"Byers Ct","src":"usgs"},"geometry":{"type":"LineString","coordinates":[[-106.8733,39.2551],[-106.87434,39.25562],[-106.87465,39.25587]]}},{"type":"Feature","properties":{"cls":"car","name":"Bullwinkle Pl","src":"usgs"},"geometry":{"type":"LineString","coordinates":[[-106.87577,39.25527],[-106.87525,39.25522],[-106.87507,39.25507],[-106.87495,39.25483]]}},{"type":"Feature","properties":{"cls":"car","name":"Bullwinkle Cir","src":"usgs"},"geometry":{"type":"LineString","coordinates":[[-106.8733,39.2551],[-106.87412,39.25453],[-106.87435,39.25445],[-106.87471,39.25457],[-106.87495,39.25483]]}},{"type":"Feature","properties":{"cls":"car","name":"White Star Ln","src":"usgs"},"geometry":{"type":"LineString","coordinates":[[-106.87186,39.25289],[-106.87118,39.25329],[-106.87102,39.25356]]}},{"type":"Feature","properties":{"cls":"car","name":"White Star Ln","src":"usgs"},"geometry":{"type":"LineString","coordinates":[[-106.87102,39.25356],[-106.871,39.25376]]}},{"type":"Feature","properties":{"cls":"car","name":"Bullwinkle Pl","src":"usgs"},"geometry":{"type":"LineString","coordinates":[[-106.8733,39.2551],[-106.8731,39.25495],[-106.87192,39.25442],[-106.87131,39.25407],[-106.871,39.25376]]}},{"type":"Feature","properties":{"cls":"car","name":"White Star Ln","src":"usgs"},"geometry":{"type":"LineString","coordinates":[[-106.871,39.25376],[-106.87112,39.2549],[-106.8712,39.25702]]}},{"type":"Feature","properties":{"cls":"car","name":"Circle R Rd","src":"usgs"},"geometry":{"type":"LineString","coordinates":[[-106.84175,39.25468],[-106.84125,39.25462],[-106.84043,39.25463],[-106.84014,39.25444],[-106.8399,39.25411],[-106.83943,39.25382],[-106.83929,39.25383],[-106.83908,39.25403]]}},{"type":"Feature","properties":{"cls":"car","name":"Circle R Rd","src":"usgs"},"geometry":{"type":"LineString","coordinates":[[-106.8431,39.2554],[-106.84253,39.25522],[-106.8422,39.25484],[-106.84175,39.25468]]}},{"type":"Feature","properties":{"cls":"unknown","src":"usgs"},"geometry":{"type":"LineString","coordinates":[[-106.84261,39.25376],[-106.84214,39.25453],[-106.84199,39.25464],[-106.84175,39.25468]]}},{"type":"Feature","properties":{"cls":"car","name":"Woody Creek Rd","src":"usgs"},"geometry":{"type":"LineString","coordinates":[[-106.87054,39.27464],[-106.87126,39.27514],[-106.87206,39.2755],[-106.87335,39.27592],[-106.87459,39.27614]]}},{"type":"Feature","properties":{"cls":"car","name":"Woody Creek Rd","src":"usgs"},"geometry":{"type":"LineString","coordinates":[[-106.86202,39.26931],[-106.86274,39.2696],[-106.86532,39.27142],[-106.86564,39.27193],[-106.86623,39.27228],[-106.86706,39.27307],[-106.86836,39.27374],[-106.86916,39.27402],[-106.86998,39.27421],[-106.87054,39.27464]]}},{"type":"Feature","properties":{"cls":"car","name":"Woody Creek Rd","src":"usgs"},"geometry":{"type":"LineString","coordinates":[[-106.8431,39.2554],[-106.84616,39.25544],[-106.84806,39.25553],[-106.84827,39.25566],[-106.84847,39.25603],[-106.84944,39.2566],[-106.84968,39.25668],[-106.8505,39.25661],[-106.85086,39.25674],[-106.85103,39.25695],[-106.85119,39.25762],[-106.85169,39.25848],[-106.85175,39.25885],[-106.85191,39.2592],[-106.85225,39.26185],[-106.85258,39.26227],[-106.85285,39.26281],[-106.85349,39.26363],[-106.85524,39.26538],[-106.85601,39.266],[-106.85696,39.2664],[-106.8579,39.26721],[-106.85914,39.26796],[-106.85989,39.26828],[-106.8605,39.26871],[-106.86078,39.26881],[-106.8614,39.26885],[-106.86202,39.26931]]}},{"type":"Feature","properties":{"cls":"car","name":"Woody Creek Rd","src":"usgs"},"geometry":{"type":"LineString","coordinates":[[-106.83908,39.25403],[-106.83954,39.25425],[-106.84044,39.25483],[-106.84123,39.25488],[-106.84172,39.25516],[-106.8425,39.25535],[-106.8431,39.2554]]}},{"type":"Feature","properties":{"cls":"car","name":"Woody Creek Rd","src":"usgs"},"geometry":{"type":"LineString","coordinates":[[-106.83594,39.25326],[-106.83649,39.25344],[-106.83709,39.25354],[-106.83771,39.25376],[-106.83908,39.25403]]}},{"type":"Feature","properties":{"cls":"high4wd","name":"COLLINS","src":"usgs4wd"},"geometry":{"type":"LineString","coordinates":[[-106.77513,39.28925],[-106.77563,39.28944],[-106.77643,39.28955],[-106.77863,39.28945]]}},{"type":"Feature","properties":{"cls":"low4wd","name":"COYOTE SPUR","src":"usgs4wd"},"geometry":{"type":"LineString","coordinates":[[-106.66837,39.43038],[-106.66854,39.43061],[-106.67012,39.43054],[-106.6728,39.43]]}},{"type":"Feature","properties":{"cls":"low4wd","name":"COYOTE","src":"usgs4wd"},"geometry":{"type":"LineString","coordinates":[[-106.66837,39.43038],[-106.66651,39.43057],[-106.66589,39.43053],[-106.66541,39.43068],[-106.66432,39.43057],[-106.66402,39.43033],[-106.66294,39.42983],[-106.66168,39.42906],[-106.66026,39.4284],[-106.65699,39.42738],[-106.65671,39.42742]]}},{"type":"Feature","properties":{"cls":"low4wd","name":"KOBEY PARK SPUR","src":"usgs4wd"},"geometry":{"type":"LineString","coordinates":[[-106.80274,39.32448],[-106.80308,39.32537],[-106.80304,39.32601],[-106.80296,39.32611],[-106.8027,39.32622],[-106.80251,39.32618],[-106.80234,39.32606]]}},{"type":"Feature","properties":{"cls":"low4wd","name":"MID KOBEY WAYS","src":"usgs4wd"},"geometry":{"type":"LineString","coordinates":[[-106.79161,39.31973],[-106.79219,39.31973],[-106.793,39.31944],[-106.79412,39.31943],[-106.79596,39.3201],[-106.79619,39.31986],[-106.79603,39.31925],[-106.79548,39.31857],[-106.79516,39.31806],[-106.79511,39.31784],[-106.79519,39.31771]]}},{"type":"Feature","properties":{"cls":"high4wd","name":"COLLINS SPUR #3","src":"usgs4wd"},"geometry":{"type":"LineString","coordinates":[[-106.77863,39.28945],[-106.77921,39.28947],[-106.77962,39.2896],[-106.78063,39.28971],[-106.78166,39.28929]]}},{"type":"Feature","properties":{"cls":"low4wd","name":"REDTABLE/COYOTE PARK CUTOFF","src":"usgs4wd"},"geometry":{"type":"LineString","coordinates":[[-106.69531,39.42063],[-106.69528,39.42052],[-106.69503,39.42031],[-106.69421,39.41983],[-106.69402,39.41979],[-106.69405,39.41936],[-106.69382,39.41909],[-106.69343,39.41893],[-106.69328,39.41878],[-106.69326,39.4182],[-106.69319,39.41807],[-106.69321,39.41781]]}},{"type":"Feature","properties":{"cls":"low4wd","name":"REDTABLE/COYOTE PARK CUTOFF","src":"usgs4wd"},"geometry":{"type":"LineString","coordinates":[[-106.70396,39.42732],[-106.70362,39.42699],[-106.70292,39.42598],[-106.70258,39.4256],[-106.70183,39.42526],[-106.70111,39.42464],[-106.70082,39.42408],[-106.70033,39.42379],[-106.70036,39.42347],[-106.70017,39.42321],[-106.70021,39.42289],[-106.70012,39.42281],[-106.69964,39.42252],[-106.69927,39.42247],[-106.69928,39.42231],[-106.69903,39.42217],[-106.69894,39.422],[-106.6987,39.42189],[-106.69692,39.42151],[-106.69619,39.4215],[-106.69599,39.42121],[-106.69556,39.42108],[-106.69531,39.42063]]}},{"type":"Feature","properties":{"cls":"low4wd","name":"COYOTE","src":"usgs4wd"},"geometry":{"type":"LineString","coordinates":[[-106.66485,39.42478],[-106.6645,39.42485],[-106.66362,39.42463],[-106.66194,39.42466],[-106.66036,39.4249],[-106.65996,39.42506],[-106.6599,39.42522],[-106.65991,39.42531],[-106.6601,39.42553],[-106.66113,39.42639],[-106.66149,39.42652],[-106.66269,39.42716],[-106.66288,39.42736],[-106.66351,39.42843],[-106.66444,39.42909],[-106.66584,39.42958],[-106.66618,39.42989],[-106.66649,39.43005],[-106.66705,39.43014],[-106.66836,39.43013],[-106.66843,39.4303],[-106.66837,39.43038]]}},{"type":"Feature","properties":{"cls":"high4wd","name":"COLLINS SPUR #3","src":"usgs4wd"},"geometry":{"type":"LineString","coordinates":[[-106.78271,39.28838],[-106.78292,39.28807],[-106.78362,39.28753]]}},{"type":"Feature","properties":{"cls":"high4wd","src":"usgs4wd"},"geometry":{"type":"LineString","coordinates":[[-106.7876,39.31087],[-106.78662,39.31095],[-106.78592,39.31138],[-106.78563,39.31181],[-106.7856,39.31192],[-106.78566,39.3121],[-106.78584,39.31227],[-106.78677,39.31276],[-106.78702,39.31294],[-106.78713,39.31314],[-106.78689,39.31335],[-106.7857,39.31387],[-106.7854,39.31388],[-106.78506,39.31401],[-106.78492,39.31423],[-106.78513,39.31467],[-106.78499,39.31503],[-106.7853,39.3156],[-106.785,39.31648],[-106.78514,39.31716],[-106.78505,39.31731],[-106.78505,39.3175],[-106.78535,39.31772],[-106.78534,39.31782],[-106.78501,39.31782],[-106.78485,39.31757],[-106.78491,39.3171],[-106.78475,39.31684],[-106.78466,39.31647],[-106.78496,39.31566],[-106.78486,39.3155],[-106.78449,39.31524],[-106.78446,39.31502],[-106.78451,39.31463],[-106.78422,39.31425],[-106.78423,39.31413],[-106.78443,39.31377],[-106.78496,39.31326],[-106.78494,39.31311],[-106.78474,39.31282],[-106.78428,39.31244],[-106.78416,39.31223],[-106.78467,39.31108],[-106.78462,39.31098],[-106.78426,39.31077],[-106.78381,39.3102],[-106.7833,39.31023],[-106.78239,39.3106],[-106.78165,39.31098],[-106.78103,39.31148],[-106.78041,39.3125],[-106.78036,39.31306],[-106.78024,39.31339],[-106.77951,39.31496],[-106.77949,39.31514],[-106.7792,39.31559],[-106.77864,39.31676],[-106.77856,39.3168],[-106.7785,39.31679],[-106.77845,39.31632],[-106.7783,39.31601],[-106.77796,39.31592],[-106.77789,39.31583],[-106.77829,39.31464],[-106.7788,39.3142],[-106.77907,39.31364],[-106.77917,39.31334],[-106.77904,39.31315]]}},{"type":"Feature","properties":{"cls":"low4wd","name":"LEEMAN GULCH","src":"usgs4wd"},"geometry":{"type":"LineString","coordinates":[[-106.73384,39.45016],[-106.73377,39.45015],[-106.73347,39.45037],[-106.73332,39.45037],[-106.7332,39.45028],[-106.73304,39.44992],[-106.73305,39.44967],[-106.73313,39.4495]]}},{"type":"Feature","properties":{"cls":"high4wd","src":"usgs4wd"},"geometry":{"type":"LineString","coordinates":[[-106.79055,39.31722],[-106.78974,39.31656],[-106.78927,39.316],[-106.78854,39.31534],[-106.78841,39.3151],[-106.78842,39.31484],[-106.7892,39.31354],[-106.78929,39.31331],[-106.78931,39.31305],[-106.78923,39.31287],[-106.78904,39.31271],[-106.78828,39.31218],[-106.788,39.31176],[-106.78798,39.3116],[-106.78874,39.31102],[-106.78917,39.31054]]}},{"type":"Feature","properties":{"cls":"low4wd","src":"usgs4wd"},"geometry":{"type":"LineString","coordinates":[[-106.80277,39.32013],[-106.80269,39.31947],[-106.80287,39.31857],[-106.80299,39.31826],[-106.8031,39.31633],[-106.80334,39.31604],[-106.80462,39.31666]]}},{"type":"Feature","properties":{"cls":"high4wd","name":"COLLINS","src":"usgs4wd"},"geometry":{"type":"LineString","coordinates":[[-106.77863,39.28945],[-106.77876,39.28935],[-106.7786,39.28912],[-106.7787,39.28809],[-106.77863,39.28751]]}},{"type":"Feature","properties":{"cls":"low4wd","src":"usgs4wd"},"geometry":{"type":"LineString","coordinates":[[-106.77203,39.49113],[-106.7719,39.49131],[-106.77113,39.49153],[-106.77084,39.49155],[-106.77045,39.49113],[-106.77017,39.49097],[-106.76989,39.49089],[-106.76935,39.49088],[-106.76771,39.48999]]}},{"type":"Feature","properties":{"cls":"low4wd","name":"RED CANYON SPUR #5","src":"usgs4wd"},"geometry":{"type":"LineString","coordinates":[[-106.80207,39.32293],[-106.80273,39.32242],[-106.80314,39.32201],[-106.80324,39.32177],[-106.80328,39.32152],[-106.80324,39.32135],[-106.80278,39.32056],[-106.80277,39.32013]]}},{"type":"Feature","properties":{"cls":"low4wd","name":"KOBEY PARK SPUR","src":"usgs4wd"},"geometry":{"type":"LineString","coordinates":[[-106.80277,39.32366],[-106.80292,39.32405],[-106.80289,39.32429],[-106.80274,39.32448]]}},{"type":"Feature","properties":{"cls":"high4wd","name":"COLLIN SPUR #1","src":"usgs4wd"},"geometry":{"type":"LineString","coordinates":[[-106.77465,39.28892],[-106.7754,39.28912],[-106.77555,39.28906],[-106.77601,39.28905],[-106.77611,39.28897],[-106.77649,39.28887],[-106.77672,39.2886],[-106.77682,39.28821],[-106.77696,39.28654],[-106.77709,39.28589],[-106.77704,39.28538],[-106.77671,39.28484],[-106.77656,39.28448],[-106.77568,39.28345],[-106.77542,39.28302],[-106.77533,39.28268],[-106.77518,39.28251],[-106.77475,39.28211],[-106.77385,39.28145],[-106.77324,39.28083],[-106.77284,39.28062],[-106.77254,39.28056],[-106.77227,39.2806],[-106.77174,39.28099],[-106.77072,39.28151],[-106.77052,39.28172],[-106.77036,39.28204],[-106.77022,39.28213]]}},{"type":"Feature","properties":{"cls":"low4wd","name":"KOBEY PARK SPUR","src":"usgs4wd"},"geometry":{"type":"LineString","coordinates":[[-106.80274,39.32448],[-106.80242,39.32442],[-106.80214,39.32415],[-106.80191,39.32405],[-106.8014,39.32404],[-106.80134,39.32428],[-106.80138,39.32457],[-106.80186,39.32492],[-106.80188,39.32515],[-106.80179,39.32536],[-106.80126,39.32554],[-106.80123,39.32565],[-106.80177,39.3261],[-106.80167,39.32615],[-106.80112,39.32606],[-106.80078,39.32616],[-106.80149,39.32675],[-106.80177,39.32743],[-106.80217,39.32816],[-106.80211,39.32818],[-106.80154,39.32775],[-106.80094,39.32698]]}},{"type":"Feature","properties":{"cls":"high4wd","name":"COLLINS SPUR #3","src":"usgs4wd"},"geometry":{"type":"LineString","coordinates":[[-106.78166,39.28929],[-106.78206,39.2891],[-106.78252,39.2887],[-106.78271,39.28838]]}},{"type":"Feature","properties":{"cls":"low4wd","name":"KOBEY PARK SPUR","src":"usgs4wd"},"geometry":{"type":"LineString","coordinates":[[-106.79204,39.32098],[-106.79326,39.32106],[-106.7943,39.32094],[-106.79473,39.32048],[-106.79494,39.32004],[-106.79503,39.31997],[-106.79522,39.32001],[-106.7957,39.32033],[-106.796,39.32064],[-106.79664,39.32088],[-106.79769,39.32115],[-106.79863,39.32123],[-106.79893,39.32131],[-106.79938,39.32156],[-106.8003,39.32166],[-106.80074,39.32163],[-106.80095,39.32152],[-106.80169,39.3206],[-106.80178,39.31985],[-106.80194,39.31922],[-106.80217,39.31783],[-106.80216,39.31669],[-106.80236,39.31616],[-106.80279,39.31582],[-106.80307,39.31522],[-106.80327,39.31505],[-106.80356,39.3149],[-106.80381,39.31485],[-106.80417,39.31487],[-106.80494,39.31558]]}},{"type":"Feature","properties":{"cls":"high4wd","src":"usgs4wd"},"geometry":{"type":"LineString","coordinates":[[-106.78818,39.30905],[-106.78848,39.30942],[-106.78863,39.30972],[-106.78864,39.30999],[-106.7885,39.31023],[-106.78821,39.31049],[-106.7876,39.31087]]}},{"type":"Feature","properties":{"cls":"low4wd","src":"usgs4wd"},"geometry":{"type":"LineString","coordinates":[[-106.69681,39.35993],[-106.69594,39.35939],[-106.69537,39.35923],[-106.69318,39.3589],[-106.69235,39.35862],[-106.6918,39.35832],[-106.69126,39.35783],[-106.69075,39.35717],[-106.69058,39.35708],[-106.69034,39.35707],[-106.69018,39.35714]]}},{"type":"Feature","properties":{"cls":"high4wd","name":"KOBEY PARK SPUR","src":"usgs4wd"},"geometry":{"type":"LineString","coordinates":[[-106.78671,39.30945],[-106.78621,39.3096],[-106.78558,39.30959],[-106.78464,39.30928],[-106.78403,39.3092],[-106.78333,39.30943],[-106.78234,39.30993]]}},{"type":"Feature","properties":{"cls":"low4wd","name":"KOBEY PARK SPUR","src":"usgs4wd"},"geometry":{"type":"LineString","coordinates":[[-106.79113,39.31685],[-106.79172,39.31657],[-106.79215,39.31625],[-106.79323,39.31598]]}},{"type":"Feature","properties":{"cls":"low4wd","src":"usgs4wd"},"geometry":{"type":"LineString","coordinates":[[-106.74779,39.47558],[-106.74708,39.47563],[-106.74683,39.47552],[-106.7467,39.47523],[-106.74673,39.47456]]}},{"type":"Feature","properties":{"cls":"high4wd","name":"COLLINS","src":"usgs4wd"},"geometry":{"type":"LineString","coordinates":[[-106.77761,39.28433],[-106.77705,39.28225],[-106.77668,39.28166]]}},{"type":"Feature","properties":{"cls":"low4wd","name":"SMITH CREEK","src":"usgs4wd"},"geometry":{"type":"LineString","coordinates":[[-106.77151,39.40502],[-106.7713,39.40544],[-106.77131,39.40557],[-106.77146,39.40601],[-106.77181,39.40646],[-106.77161,39.40678],[-106.77117,39.40688],[-106.77109,39.4071],[-106.77108,39.40737],[-106.77129,39.40816],[-106.7717,39.4087],[-106.77173,39.4091],[-106.77134,39.40941],[-106.77094,39.40954]]}},{"type":"Feature","properties":{"cls":"high4wd","name":"KOBEY PARK SPUR","src":"usgs4wd"},"geometry":{"type":"LineString","coordinates":[[-106.7876,39.31087],[-106.78766,39.31065],[-106.78784,39.31044],[-106.78772,39.30969],[-106.78755,39.30954],[-106.78723,39.30941],[-106.78671,39.30945]]}},{"type":"Feature","properties":{"cls":"car","src":"usgs4wd"},"geometry":{"type":"LineString","coordinates":[[-106.72336,39.27209],[-106.72404,39.27189],[-106.72453,39.27189],[-106.72572,39.27162],[-106.72644,39.2718],[-106.72725,39.27176],[-106.72752,39.2718],[-106.72808,39.27201],[-106.72839,39.27201],[-106.72883,39.27188],[-106.72976,39.27181],[-106.73022,39.27199],[-106.73077,39.2721],[-106.73139,39.27218],[-106.73191,39.27217]]}},{"type":"Feature","properties":{"cls":"high4wd","name":"KOBEY PARK SPUR","src":"usgs4wd"},"geometry":{"type":"LineString","coordinates":[[-106.79055,39.31722],[-106.79056,39.31771],[-106.79113,39.3182],[-106.7912,39.31843],[-106.79122,39.31866],[-106.79115,39.3188],[-106.79095,39.31885],[-106.79078,39.31881],[-106.79073,39.31888]]}},{"type":"Feature","properties":{"cls":"high4wd","name":"COLLINS","src":"usgs4wd"},"geometry":{"type":"LineString","coordinates":[[-106.76651,39.28236],[-106.76663,39.28186],[-106.76707,39.28182],[-106.76747,39.28156],[-106.76798,39.28107],[-106.76841,39.281],[-106.76858,39.28069],[-106.76992,39.28006],[-106.77031,39.27997],[-106.77089,39.28009],[-106.77148,39.2801],[-106.77267,39.2792],[-106.77333,39.2793]]}},{"type":"Feature","properties":{"cls":"low4wd","src":"usgs4wd"},"geometry":{"type":"LineString","coordinates":[[-106.77146,39.48807],[-106.77163,39.48792],[-106.77186,39.48732],[-106.77191,39.48697],[-106.77177,39.48525],[-106.77164,39.48469],[-106.77072,39.48265]]}},{"type":"Feature","properties":{"cls":"low4wd","src":"usgs4wd"},"geometry":{"type":"LineString","coordinates":[[-106.79899,39.3039],[-106.79988,39.3038],[-106.80072,39.30302],[-106.80116,39.30278],[-106.80249,39.30243],[-106.80315,39.30206],[-106.80343,39.30201],[-106.80447,39.30162],[-106.80586,39.30124],[-106.80685,39.30119],[-106.80775,39.30129]]}},{"type":"Feature","properties":{"cls":"low4wd","src":"usgs4wd"},"geometry":{"type":"LineString","coordinates":[[-106.85477,39.32268],[-106.85443,39.3225],[-106.85262,39.32033],[-106.84881,39.31803],[-106.84762,39.31688],[-106.84729,39.31583],[-106.84728,39.3155],[-106.84742,39.31498]]}},{"type":"Feature","properties":{"cls":"low4wd","name":"LEEMAN GULCH","src":"usgs4wd"},"geometry":{"type":"LineString","coordinates":[[-106.72933,39.44739],[-106.72907,39.44764],[-106.72865,39.44781],[-106.72788,39.44878],[-106.72744,39.44893],[-106.72656,39.44892],[-106.7249,39.44802],[-106.72458,39.44798],[-106.72394,39.44808],[-106.72352,39.44827],[-106.72338,39.44843],[-106.72336,39.44868],[-106.72349,39.44918],[-106.72334,39.4494],[-106.7228,39.44968],[-106.72223,39.44972],[-106.72166,39.44937],[-106.72104,39.44922],[-106.72017,39.44907],[-106.71896,39.449],[-106.71868,39.44886],[-106.71829,39.44838],[-106.71825,39.44819],[-106.7183,39.44807],[-106.71942,39.44699],[-106.71998,39.44663],[-106.72038,39.44617]]}},{"type":"Feature","properties":{"cls":"low4wd","src":"usgs4wd"},"geometry":{"type":"LineString","coordinates":[[-106.78757,39.39109],[-106.78739,39.39059],[-106.78786,39.38997],[-106.78789,39.38914],[-106.78765,39.38847],[-106.78743,39.38813],[-106.78723,39.38799],[-106.78706,39.38774],[-106.78673,39.38608]]}},{"type":"Feature","properties":{"cls":"low4wd","name":"RED CANYON SPUR #5","src":"usgs4wd"},"geometry":{"type":"LineString","coordinates":[[-106.80277,39.32013],[-106.80326,39.31958],[-106.80345,39.31949],[-106.80343,39.3193],[-106.80404,39.3189],[-106.80477,39.31781],[-106.80494,39.31697],[-106.80468,39.31628],[-106.80414,39.31546]]}},{"type":"Feature","properties":{"cls":"low4wd","name":"KOBEY PARK SPUR","src":"usgs4wd"},"geometry":{"type":"LineString","coordinates":[[-106.79667,39.32226],[-106.79693,39.32263],[-106.79761,39.32326],[-106.79918,39.32412]]}},{"type":"Feature","properties":{"cls":"low4wd","src":"usgs4wd"},"geometry":{"type":"LineString","coordinates":[[-106.68199,39.36416],[-106.68198,39.36435],[-106.6817,39.36494],[-106.68173,39.36517],[-106.68187,39.36541],[-106.68188,39.36591],[-106.68167,39.3668],[-106.68225,39.36667],[-106.68279,39.36553],[-106.68315,39.36518],[-106.6833,39.36491]]}},{"type":"Feature","properties":{"cls":"low4wd","name":"KOBEY PARK SPUR","src":"usgs4wd"},"geometry":{"type":"LineString","coordinates":[[-106.80494,39.31558],[-106.80551,39.31608],[-106.80578,39.31653],[-106.80586,39.31684],[-106.80581,39.3172],[-106.80539,39.3184],[-106.80551,39.31923],[-106.80521,39.31942]]}},{"type":"Feature","properties":{"cls":"low4wd","name":"MILLER WAY","src":"usgs4wd"},"geometry":{"type":"LineString","coordinates":[[-106.70452,39.28477],[-106.70506,39.28477],[-106.70543,39.28501],[-106.70679,39.28498],[-106.70756,39.2851],[-106.70878,39.28671],[-106.71187,39.288],[-106.71262,39.28881],[-106.71338,39.28899],[-106.7138,39.28934],[-106.71424,39.29109],[-106.71498,39.29204],[-106.71572,39.29255],[-106.71659,39.29281]]}},{"type":"Feature","properties":{"cls":"low4wd","name":"KOBEY PARK SPUR","src":"usgs4wd"},"geometry":{"type":"LineString","coordinates":[[-106.80381,39.32241],[-106.80479,39.32278],[-106.80536,39.32261],[-106.80594,39.32232],[-106.8063,39.32224],[-106.80718,39.32226],[-106.80798,39.32247],[-106.80923,39.32243],[-106.81018,39.3222],[-106.81108,39.32223],[-106.81122,39.32227],[-106.81132,39.32239],[-106.81104,39.32256],[-106.81032,39.32263],[-106.80857,39.32308],[-106.80712,39.32287],[-106.80638,39.32295],[-106.80603,39.32316],[-106.80528,39.32381],[-106.80462,39.32402],[-106.80426,39.32405],[-106.8034,39.32369],[-106.80277,39.32366]]}},{"type":"Feature","properties":{"cls":"low4wd","src":"usgs4wd"},"geometry":{"type":"LineString","coordinates":[[-106.79899,39.3039],[-106.79919,39.30367],[-106.79961,39.30346],[-106.79993,39.30301],[-106.80019,39.30278],[-106.80075,39.30245],[-106.80367,39.30128],[-106.80516,39.30103],[-106.80644,39.30055],[-106.80708,39.30042]]}},{"type":"Feature","properties":{"cls":"high4wd","src":"usgs4wd"},"geometry":{"type":"LineString","coordinates":[[-106.78917,39.31054],[-106.78933,39.31013],[-106.78925,39.30959],[-106.78866,39.3089],[-106.78827,39.30859],[-106.78749,39.30838],[-106.7873,39.308],[-106.78705,39.30776],[-106.78601,39.30736],[-106.78583,39.30739],[-106.78571,39.30756],[-106.78561,39.30821],[-106.78562,39.30835],[-106.78571,39.30847],[-106.78661,39.30857],[-106.78708,39.30848],[-106.78747,39.3087],[-106.7879,39.30881],[-106.78818,39.30905]]}},{"type":"Feature","properties":{"cls":"low4wd","name":"KOBEY PARK SPUR","src":"usgs4wd"},"geometry":{"type":"LineString","coordinates":[[-106.80207,39.32293],[-106.8021,39.32303],[-106.80277,39.32366]]}},{"type":"Feature","properties":{"cls":"low4wd","src":"usgs4wd"},"geometry":{"type":"LineString","coordinates":[[-106.68326,39.36351],[-106.68211,39.36352],[-106.68184,39.3636],[-106.68099,39.36414],[-106.68069,39.36427],[-106.68012,39.36521],[-106.67986,39.36539],[-106.67969,39.3654],[-106.67955,39.36554],[-106.67936,39.36543],[-106.67913,39.36517],[-106.67892,39.36466],[-106.67895,39.36448],[-106.67918,39.36412],[-106.67923,39.36385],[-106.67944,39.36357],[-106.67943,39.36349],[-106.67845,39.36338],[-106.67775,39.36337],[-106.67735,39.36343],[-106.67662,39.36369],[-106.67659,39.36378],[-106.67665,39.36386],[-106.67732,39.36413],[-106.67773,39.36457],[-106.67818,39.36492],[-106.6791,39.36627],[-106.67939,39.36655],[-106.67943,39.36687],[-106.67959,39.36716],[-106.67986,39.36725],[-106.67972,39.36768],[-106.67979,39.36795]]}},{"type":"Feature","properties":{"cls":"high4wd","name":"COLLINS","src":"usgs4wd"},"geometry":{"type":"LineString","coordinates":[[-106.77863,39.28751],[-106.77832,39.28668],[-106.77843,39.28619],[-106.77826,39.28533],[-106.77775,39.28469],[-106.77761,39.28433]]}},{"type":"Feature","properties":{"cls":"high4wd","src":"usgs4wd"},"geometry":{"type":"LineString","coordinates":[[-106.79218,39.31849],[-106.79184,39.31815],[-106.79091,39.31753],[-106.79055,39.31722]]}},{"type":"Feature","properties":{"cls":"low4wd","name":"REDTABLE/COYOTE PARK CUTOFF","src":"usgs4wd"},"geometry":{"type":"LineString","coordinates":[[-106.69321,39.41781],[-106.69283,39.41752],[-106.69269,39.41748],[-106.69249,39.41753],[-106.69208,39.41783],[-106.69019,39.41792],[-106.68633,39.41723],[-106.68387,39.41638],[-106.68329,39.41624],[-106.68213,39.41553],[-106.6807,39.41509]]}},{"type":"Feature","properties":{"cls":"low4wd","name":"SMITH CREEK","src":"usgs4wd"},"geometry":{"type":"LineString","coordinates":[[-106.7701,39.39859],[-106.76968,39.39874],[-106.76961,39.3989],[-106.77064,39.39917],[-106.77127,39.39949],[-106.77169,39.3998],[-106.77172,39.40002],[-106.77166,39.4001],[-106.77067,39.40047],[-106.77065,39.4006],[-106.77078,39.40085],[-106.77098,39.40106],[-106.77151,39.40134],[-106.77152,39.40178],[-106.77188,39.40234],[-106.77237,39.40257],[-106.77301,39.40315],[-106.77341,39.40332],[-106.7735,39.40349],[-106.77342,39.40374],[-106.77308,39.40379],[-106.77256,39.40376],[-106.77203,39.40403],[-106.7717,39.4044],[-106.77151,39.40502]]}},{"type":"Feature","properties":{"cls":"low4wd","name":"LEEMAN GULCH","src":"usgs4wd"},"geometry":{"type":"LineString","coordinates":[[-106.73313,39.4495],[-106.73323,39.44932],[-106.73316,39.44914],[-106.73237,39.44883],[-106.73186,39.44827],[-106.73094,39.44801],[-106.73038,39.44799],[-106.72999,39.44789],[-106.72978,39.44779],[-106.72946,39.44743],[-106.72933,39.44739]]}},{"type":"Feature","properties":{"cls":"low4wd","src":"usgs4wd"},"geometry":{"type":"LineString","coordinates":[[-106.79413,39.30642],[-106.79517,39.30622],[-106.79674,39.30548],[-106.79824,39.30494],[-106.79855,39.30489],[-106.79874,39.30455],[-106.79889,39.30443],[-106.79899,39.3039]]}},{"type":"Feature","properties":{"cls":"high4wd","name":"COLLIN SPUR #1","src":"usgs4wd"},"geometry":{"type":"LineString","coordinates":[[-106.77022,39.28213],[-106.76957,39.28197],[-106.76902,39.28195],[-106.76877,39.28175],[-106.76869,39.28124]]}},{"type":"Feature","properties":{"cls":"low4wd","name":"LITTLE DEADMAN TOO","src":"usgs4wd"},"geometry":{"type":"LineString","coordinates":[[-106.7093,39.3429],[-106.71025,39.34256],[-106.71067,39.34229],[-106.71116,39.34184]]}},{"type":"Feature","properties":{"cls":"low4wd","name":"LITTLE DEADMAN TOO","src":"usgs4wd"},"geometry":{"type":"LineString","coordinates":[[-106.71116,39.34184],[-106.71134,39.34156],[-106.71133,39.34145],[-106.71116,39.34135]]}},{"type":"Feature","properties":{"cls":"low4wd","name":"LITTLE DEADMAN TOO","src":"usgs4wd"},"geometry":{"type":"LineString","coordinates":[[-106.71116,39.34135],[-106.71104,39.34127]]}},{"type":"Feature","properties":{"cls":"low4wd","name":"LITTLE DEADMAN TOO","src":"usgs4wd"},"geometry":{"type":"LineString","coordinates":[[-106.71104,39.34127],[-106.71068,39.34101],[-106.71012,39.34075],[-106.70889,39.33914],[-106.70887,39.33901],[-106.70938,39.3382],[-106.70948,39.33791],[-106.70948,39.33753]]}},{"type":"Feature","properties":{"cls":"low4wd","name":"LITTLE DEADMAN TOO","src":"usgs4wd"},"geometry":{"type":"LineString","coordinates":[[-106.70948,39.33753],[-106.70916,39.33725]]}},{"type":"Feature","properties":{"cls":"low4wd","name":"LITTLE DEADMAN TOO","src":"usgs4wd"},"geometry":{"type":"LineString","coordinates":[[-106.70916,39.33725],[-106.70907,39.33716]]}},{"type":"Feature","properties":{"cls":"low4wd","name":"LITTLE DEADMAN TOO","src":"usgs4wd"},"geometry":{"type":"LineString","coordinates":[[-106.70907,39.33716],[-106.70901,39.33704],[-106.70903,39.33685],[-106.70952,39.33579],[-106.70958,39.33554],[-106.70953,39.33535],[-106.70942,39.33522],[-106.70874,39.33487],[-106.70741,39.33383],[-106.70486,39.33041],[-106.70454,39.33015],[-106.70439,39.32994]]}},{"type":"Feature","properties":{"cls":"low4wd","name":"SUICIDE","src":"usgs4wd"},"geometry":{"type":"LineString","coordinates":[[-106.69642,39.38599],[-106.69651,39.38606],[-106.69661,39.38597],[-106.69665,39.38599],[-106.69659,39.38625],[-106.69645,39.38632],[-106.69647,39.38639],[-106.69692,39.38649],[-106.69716,39.3864],[-106.69724,39.38616],[-106.69735,39.38608]]}},{"type":"Feature","properties":{"cls":"low4wd","name":"SUICIDE","src":"usgs4wd"},"geometry":{"type":"LineString","coordinates":[[-106.69735,39.38608],[-106.69746,39.38608],[-106.69751,39.38638],[-106.69774,39.38656],[-106.69805,39.38648],[-106.69839,39.38664],[-106.69875,39.38667],[-106.69914,39.38643],[-106.70006,39.38645],[-106.70101,39.38612],[-106.70185,39.38606],[-106.70209,39.38598],[-106.70244,39.38571],[-106.70355,39.38564],[-106.70495,39.38543],[-106.70517,39.38533],[-106.70523,39.38504],[-106.70488,39.38484],[-106.70478,39.38454],[-106.7051,39.38399],[-106.70509,39.38363],[-106.70516,39.3834],[-106.70501,39.38316],[-106.70522,39.38302],[-106.70537,39.38256],[-106.70557,39.38153],[-106.70545,39.38135],[-106.70575,39.3807],[-106.70619,39.38009],[-106.70665,39.37967],[-106.70668,39.37958],[-106.70664,39.37936],[-106.70673,39.37924],[-106.70686,39.3787],[-106.70665,39.37841],[-106.70654,39.37788],[-106.70643,39.37765],[-106.70642,39.37708],[-106.70621,39.37616],[-106.70566,39.37593],[-106.70537,39.3757]]}},{"type":"Feature","properties":{"cls":"low4wd","name":"SPRING CREEK","src":"usgs4wd"},"geometry":{"type":"LineString","coordinates":[[-106.69642,39.38599],[-106.69638,39.38557],[-106.69661,39.38527],[-106.69639,39.38506],[-106.69641,39.38489],[-106.69586,39.38491],[-106.69564,39.38485],[-106.69574,39.3844],[-106.6958,39.38355],[-106.69574,39.38338],[-106.69582,39.38301],[-106.69567,39.38267],[-106.69516,39.38238],[-106.69391,39.38198],[-106.69358,39.38124],[-106.69359,39.381],[-106.6933,39.38075],[-106.69308,39.38037],[-106.69298,39.3803],[-106.69295,39.38009],[-106.69327,39.37934],[-106.69325,39.37925],[-106.69291,39.37901],[-106.69291,39.37828],[-106.69301,39.37797],[-106.6929,39.37742]]}},{"type":"Feature","properties":{"cls":"low4wd","name":"SPRING CREEK","src":"usgs4wd"},"geometry":{"type":"LineString","coordinates":[[-106.6929,39.37742],[-106.69272,39.37692],[-106.69265,39.37645],[-106.69269,39.37619]]}},{"type":"Feature","properties":{"cls":"low4wd","name":"SPRING CREEK","src":"usgs4wd"},"geometry":{"type":"LineString","coordinates":[[-106.69269,39.37619],[-106.69276,39.37594],[-106.69268,39.37512],[-106.69253,39.3746],[-106.69229,39.37436],[-106.69229,39.37416],[-106.69238,39.37397],[-106.69232,39.37374]]}},{"type":"Feature","properties":{"cls":"low4wd","src":"usgs4wd"},"geometry":{"type":"LineString","coordinates":[[-106.62795,39.42714],[-106.62759,39.42832],[-106.6276,39.42855],[-106.62773,39.42885],[-106.62764,39.42943],[-106.62774,39.42953]]}},{"type":"Feature","properties":{"cls":"low4wd","src":"usgs4wd"},"geometry":{"type":"LineString","coordinates":[[-106.62817,39.42854],[-106.62924,39.42838]]}},{"type":"Feature","properties":{"cls":"low4wd","src":"usgs4wd"},"geometry":{"type":"LineString","coordinates":[[-106.62774,39.42953],[-106.62783,39.42948],[-106.62777,39.42916],[-106.6278,39.42899],[-106.62817,39.42854]]}},{"type":"Feature","properties":{"cls":"low4wd","name":"WOODS LAKE SPECIAL USE L","src":"usgs4wd"},"geometry":{"type":"LineString","coordinates":[[-106.62175,39.43214],[-106.62115,39.43313]]}},{"type":"Feature","properties":{"cls":"low4wd","name":"WOODS LAKE SPECIAL USE L","src":"usgs4wd"},"geometry":{"type":"LineString","coordinates":[[-106.62795,39.42714],[-106.6274,39.42766],[-106.62687,39.42787],[-106.62617,39.42839],[-106.626,39.42877],[-106.62473,39.42903],[-106.62402,39.42981],[-106.62396,39.43034]]}},{"type":"Feature","properties":{"cls":"low4wd","name":"WOODS LAKE SPECIAL USE L","src":"usgs4wd"},"geometry":{"type":"LineString","coordinates":[[-106.62396,39.43034],[-106.62368,39.43103],[-106.62338,39.43116],[-106.62308,39.43121]]}},{"type":"Feature","properties":{"cls":"low4wd","name":"WOODS LAKE SPECIAL USE L","src":"usgs4wd"},"geometry":{"type":"LineString","coordinates":[[-106.62308,39.43121],[-106.62273,39.43125],[-106.62256,39.43134],[-106.62184,39.43199],[-106.62175,39.43214]]}},{"type":"Feature","properties":{"cls":"low4wd","name":"SMITH CREEK","src":"usgs4wd"},"geometry":{"type":"LineString","coordinates":[[-106.77779,39.37751],[-106.77791,39.37766],[-106.77821,39.37782],[-106.77816,39.37804],[-106.77826,39.37822],[-106.77819,39.37838],[-106.77798,39.37849],[-106.77778,39.37871],[-106.77775,39.3793],[-106.77768,39.37952],[-106.77779,39.37981],[-106.77818,39.38026],[-106.77924,39.38102],[-106.77954,39.38135],[-106.77962,39.38161],[-106.77963,39.38197],[-106.77938,39.38308],[-106.77922,39.38337],[-106.77895,39.3836],[-106.77775,39.38414],[-106.77731,39.38444],[-106.77721,39.38465],[-106.77712,39.38523],[-106.77703,39.38539],[-106.77685,39.3855],[-106.7762,39.38571],[-106.77601,39.38593],[-106.77582,39.3864],[-106.77552,39.38769],[-106.77522,39.38827],[-106.7748,39.3887],[-106.7741,39.38901],[-106.77259,39.3906],[-106.77227,39.3927],[-106.77163,39.39366],[-106.77123,39.39384],[-106.77105,39.39412],[-106.77104,39.39511],[-106.77116,39.39784],[-106.77097,39.39832],[-106.77067,39.39847],[-106.7701,39.39859]]}},{"type":"Feature","properties":{"cls":"car","name":"SMITH CREEK","src":"usgs4wd"},"geometry":{"type":"LineString","coordinates":[[-106.78585,39.36759],[-106.78578,39.36758]]}},{"type":"Feature","properties":{"cls":"car","name":"SMITH CREEK","src":"usgs4wd"},"geometry":{"type":"LineString","coordinates":[[-106.78578,39.36758],[-106.78552,39.3672],[-106.78512,39.36739],[-106.78469,39.36737],[-106.78372,39.36697],[-106.783,39.36685],[-106.78282,39.36684],[-106.78271,39.3669],[-106.78284,39.3671],[-106.78283,39.36722],[-106.78264,39.36733],[-106.78232,39.3674],[-106.78146,39.36737],[-106.78087,39.36695],[-106.78062,39.36688],[-106.78035,39.36692],[-106.78008,39.3671],[-106.77981,39.36763],[-106.77955,39.36855],[-106.77979,39.36894],[-106.77979,39.36927],[-106.77914,39.36974],[-106.7791,39.36989],[-106.77915,39.37013],[-106.77938,39.37063],[-106.77941,39.37095],[-106.77969,39.37141],[-106.77969,39.37164],[-106.7794,39.372],[-106.77908,39.37255],[-106.77908,39.37315],[-106.77878,39.37415],[-106.77859,39.37427],[-106.77847,39.37452],[-106.7782,39.37477],[-106.77764,39.3757],[-106.77755,39.37628],[-106.77779,39.37703],[-106.77787,39.37708],[-106.77779,39.37751]]}},{"type":"Feature","properties":{"cls":"low4wd","name":"SPRING CREEK","src":"usgs4wd"},"geometry":{"type":"LineString","coordinates":[[-106.69616,39.3904],[-106.69619,39.39007]]}},{"type":"Feature","properties":{"cls":"low4wd","name":"SPRING CREEK","src":"usgs4wd"},"geometry":{"type":"LineString","coordinates":[[-106.69619,39.39007],[-106.6964,39.3878],[-106.69602,39.38695],[-106.69642,39.38599]]}}]}