{"type":"FeatureCollection","features":[{"type":"Feature","properties":{"name":"SPRING CREEK","id":"519.1","oper_maint_level":"2 - HIGH CLEARANCE VEHICLES","surface_type":"NAT - NATIVE MATERIAL"},"geometry":{"type":"LineString","coordinates":[[-106.67568,39.38089],[-106.67617,39.38078],[-106.67658,39.38095],[-106.67755,39.38058],[-106.67781,39.38062],[-106.67736,39.38117],[-106.67733,39.38156],[-106.67714,39.38218],[-106.67716,39.38236],[-106.67744,39.38256],[-106.67818,39.38292],[-106.67855,39.38327],[-106.67919,39.38414],[-106.67958,39.38471],[-106.67966,39.38502],[-106.68012,39.38578],[-106.68056,39.3862],[-106.68142,39.38755],[-106.68209,39.3882],[-106.6823,39.38865],[-106.68226,39.38941],[-106.68232,39.38952],[-106.68267,39.38978],[-106.68327,39.39079],[-106.68349,39.39088],[-106.68396,39.39091],[-106.68403,39.39095],[-106.68414,39.39134],[-106.68463,39.39154],[-106.68501,39.39151],[-106.68543,39.39111],[-106.68588,39.3909],[-106.68625,39.39089],[-106.68647,39.39101],[-106.68653,39.39126],[-106.68638,39.392],[-106.68644,39.39238],[-106.68561,39.39407],[-106.68551,39.39448],[-106.68598,39.39612],[-106.68645,39.39707],[-106.68673,39.39722],[-106.68924,39.39707],[-106.68937,39.39695],[-106.68949,39.39656],[-106.68992,39.39651],[-106.69075,39.39615],[-106.69087,39.39606],[-106.69101,39.39555],[-106.69134,39.39531],[-106.69158,39.39523]]}},{"type":"Feature","properties":{"name":"105 SPUR","id":"105.4Q","oper_maint_level":"3 - SUITABLE FOR PASSENGER CARS","surface_type":"NAT - NATIVE MATERIAL"},"geometry":{"type":"LineString","coordinates":[[-106.66842,39.34268],[-106.66854,39.34262],[-106.66877,39.34273],[-106.66906,39.34276],[-106.66941,39.34298],[-106.66949,39.34313],[-106.67006,39.34329],[-106.67033,39.34347],[-106.67095,39.34347],[-106.67145,39.3438]]}},{"type":"Feature","properties":{"name":"NORRIE POWERLINE","id":"518.2","oper_maint_level":"2 - HIGH CLEARANCE VEHICLES","surface_type":"NAT - NATIVE MATERIAL"},"geometry":{"type":"LineString","coordinates":[[-106.62452,39.3214],[-106.62396,39.32128],[-106.62346,39.32135],[-106.62262,39.32117],[-106.62241,39.32109],[-106.62202,39.32064],[-106.62066,39.32046]]}},{"type":"Feature","properties":{"name":"LENADO","id":"103.2","oper_maint_level":"3 - SUITABLE FOR PASSENGER CARS","surface_type":"AGG - CRUSHED AGGREGATE OR GRAVEL"},"geometry":{"type":"LineString","coordinates":[[-106.76713,39.25603],[-106.76715,39.25637],[-106.76703,39.25714],[-106.76651,39.25823],[-106.76596,39.25902],[-106.76537,39.25956],[-106.76505,39.25966],[-106.76478,39.25963],[-106.76443,39.25971],[-106.76387,39.26005],[-106.7636,39.26025],[-106.76292,39.26095],[-106.76267,39.2613],[-106.76284,39.26242],[-106.76324,39.26306],[-106.76332,39.2633],[-106.76328,39.26351],[-106.76253,39.26543],[-106.76254,39.26615],[-106.76279,39.26743],[-106.76276,39.26771],[-106.76254,39.26834],[-106.76236,39.26842],[-106.76226,39.26833],[-106.76244,39.26763],[-106.76203,39.26677],[-106.76137,39.266],[-106.76106,39.26582],[-106.76091,39.26586],[-106.76086,39.26594],[-106.76071,39.26644],[-106.76041,39.26697],[-106.76038,39.26728],[-106.76051,39.26792],[-106.76022,39.26805]]}},{"type":"Feature","properties":{"name":"EAGLE-THOMASVILLE","id":"400.2","oper_maint_level":"3 - SUITABLE FOR PASSENGER CARS","surface_type":"AGG - CRUSHED AGGREGATE OR GRAVEL"},"geometry":{"type":"LineString","coordinates":[[-106.72861,39.47064],[-106.7288,39.47044],[-106.72883,39.47023],[-106.72859,39.46956],[-106.72823,39.46927],[-106.72777,39.46876],[-106.72667,39.46798],[-106.72596,39.46729],[-106.72531,39.46697],[-106.72502,39.46664],[-106.72433,39.46624],[-106.72317,39.46543],[-106.72281,39.46529],[-106.72255,39.46508],[-106.72166,39.4646],[-106.72107,39.46446],[-106.72089,39.46426],[-106.72028,39.46404],[-106.71969,39.46399],[-106.71927,39.46375],[-106.71817,39.46337],[-106.71735,39.46287],[-106.71678,39.4624],[-106.7164,39.46218],[-106.71623,39.46215],[-106.7158,39.46225],[-106.7156,39.46224],[-106.71544,39.46213],[-106.71522,39.46174],[-106.71384,39.46131],[-106.71269,39.46053],[-106.7121,39.46035],[-106.71132,39.45943],[-106.7109,39.45928],[-106.71078,39.45917],[-106.7106,39.45883],[-106.71011,39.45861],[-106.70924,39.45836],[-106.70874,39.45798],[-106.7079,39.45648],[-106.70768,39.45631],[-106.70681,39.45614],[-106.7063,39.45592],[-106.70532,39.45603],[-106.70489,39.45593],[-106.70471,39.45601],[-106.70468,39.45612],[-106.70492,39.45626],[-106.70582,39.4561],[-106.70615,39.4561],[-106.70667,39.45645],[-106.70676,39.45654],[-106.70678,39.45669],[-106.70674,39.45674],[-106.70656,39.45671],[-106.70647,39.45647],[-106.70632,39.45633],[-106.70599,39.45623],[-106.70508,39.45651],[-106.7039,39.45669],[-106.70352,39.4566],[-106.70285,39.45627],[-106.70222,39.45626],[-106.70136,39.45581],[-106.70109,39.45554],[-106.70056,39.45456],[-106.70038,39.45434],[-106.69998,39.45414],[-106.69874,39.45382],[-106.69833,39.45338],[-106.69802,39.45314],[-106.69802,39.45292],[-106.69818,39.45288],[-106.69831,39.45292],[-106.69912,39.45335],[-106.69978,39.45322],[-106.70059,39.45329],[-106.70166,39.45373],[-106.70224,39.45391],[-106.70356,39.45413],[-106.7038,39.45408],[-106.70417,39.45383],[-106.70484,39.45285],[-106.70486,39.45271],[-106.70474,39.45243],[-106.70428,39.45195],[-106.7035,39.45147],[-106.70122,39.45031],[-106.69902,39.44945],[-106.69732,39.44798],[-106.69654,39.44757],[-106.69537,39.44709],[-106.69312,39.44655],[-106.69243,39.44627],[-106.69067,39.44517],[-106.68875,39.44349],[-106.68761,39.44272],[-106.68544,39.44148],[-106.68493,39.4414]]}},{"type":"Feature","properties":{"name":"EAGLE-THOMASVILLE","id":"400.2","oper_maint_level":"3 - SUITABLE FOR PASSENGER CARS","surface_type":"AGG - CRUSHED AGGREGATE OR GRAVEL"},"geometry":{"type":"LineString","coordinates":[[-106.73467,39.48152],[-106.73279,39.48126],[-106.73121,39.4807],[-106.73068,39.48032],[-106.73039,39.4802],[-106.72925,39.48025],[-106.72873,39.48014],[-106.72866,39.48006],[-106.7287,39.47894],[-106.72861,39.47872],[-106.72825,39.47845],[-106.72818,39.47831],[-106.72827,39.47819],[-106.72866,39.47803],[-106.72898,39.47747],[-106.72899,39.47674],[-106.72881,39.47617],[-106.72889,39.47581],[-106.7287,39.4752],[-106.72817,39.47485],[-106.72805,39.47471],[-106.72807,39.47446],[-106.72835,39.47381],[-106.72819,39.4726],[-106.72848,39.47143],[-106.7284,39.47086],[-106.72861,39.47064]]}},{"type":"Feature","properties":{"name":"FLYINGPAN RIVER RANCH","id":"105.4P","oper_maint_level":"3 - SUITABLE FOR PASSENGER CARS","surface_type":"AGG - CRUSHED AGGREGATE OR GRAVEL"},"geometry":{"type":"MultiLineString","coordinates":[[[-106.60393,39.29589],[-106.60344,39.29572],[-106.60341,39.29546],[-106.6033,39.29529],[-106.60316,39.29522],[-106.60324,39.29495],[-106.6031,39.2946],[-106.60315,39.29448],[-106.6031,39.29439],[-106.6031,39.29413],[-106.60332,39.29392],[-106.60336,39.29368],[-106.60353,39.29344],[-106.60301,39.29321],[-106.60264,39.2933],[-106.60229,39.29306],[-106.60214,39.29307],[-106.60202,39.29297],[-106.60174,39.29305],[-106.6011,39.29261],[-106.60117,39.29245],[-106.60151,39.29205],[-106.6013,39.29155],[-106.60137,39.29151],[-106.60154,39.29159],[-106.60168,39.29156],[-106.60165,39.29141],[-106.60112,39.29094],[-106.60101,39.29066],[-106.60075,39.29032],[-106.60059,39.29021],[-106.60054,39.28969],[-106.60029,39.28938],[-106.59951,39.28867],[-106.59916,39.2886],[-106.59888,39.28831],[-106.59884,39.28812]],[[-106.60056,39.2899],[-106.60086,39.28987],[-106.60124,39.29012]]]}},{"type":"Feature","properties":{"name":"HARDSCRABBLE","id":"413.1","oper_maint_level":"3 - SUITABLE FOR PASSENGER CARS","surface_type":"NAT - NATIVE MATERIAL"},"geometry":{"type":"LineString","coordinates":[[-106.77521,39.49218],[-106.77561,39.49146],[-106.77568,39.49122],[-106.77596,39.49078],[-106.77621,39.49058],[-106.77682,39.49038],[-106.782,39.48931],[-106.78418,39.48918],[-106.78609,39.48875],[-106.78638,39.48857],[-106.78699,39.48802],[-106.78821,39.48761],[-106.78967,39.48665],[-106.7906,39.48649],[-106.79143,39.48616],[-106.79177,39.48615],[-106.79221,39.48647],[-106.79245,39.48655],[-106.79338,39.48631],[-106.7939,39.4864],[-106.7942,39.4863]]}},{"type":"Feature","properties":{"name":"SELLAR LAKE","id":"502.1","oper_maint_level":"2 - HIGH CLEARANCE VEHICLES","surface_type":"NAT - NATIVE MATERIAL"},"geometry":{"type":"LineString","coordinates":[[-106.61132,39.32014],[-106.61129,39.32033],[-106.61076,39.32099],[-106.61026,39.3211],[-106.60959,39.32116],[-106.60906,39.32168],[-106.60899,39.3221],[-106.60902,39.3223],[-106.60941,39.32291],[-106.60944,39.32313],[-106.60919,39.32385],[-106.60892,39.32392],[-106.60742,39.32401],[-106.60729,39.32409],[-106.60714,39.32432],[-106.60695,39.32496],[-106.60668,39.3255],[-106.60616,39.32615],[-106.60542,39.32681],[-106.6048,39.32719],[-106.60464,39.32746],[-106.60368,39.32861],[-106.60171,39.32911],[-106.60019,39.32973],[-106.59944,39.33035],[-106.59903,39.33087],[-106.59848,39.33184],[-106.59825,39.33201],[-106.59807,39.33205],[-106.59691,39.33204],[-106.59656,39.33196],[-106.59636,39.33185],[-106.5962,39.33133],[-106.59595,39.33104],[-106.59599,39.33079],[-106.59593,39.33064],[-106.59527,39.33004],[-106.59534,39.32969],[-106.59529,39.32953],[-106.5941,39.32886],[-106.59328,39.32863],[-106.59292,39.32843],[-106.59244,39.32837],[-106.59147,39.32805],[-106.58947,39.32712],[-106.58917,39.32694],[-106.58837,39.32584],[-106.58718,39.32518],[-106.58646,39.32458]]}},{"type":"Feature","properties":{"name":"CHAPMAN LOOP G","id":"105.1G","oper_maint_level":"3 - SUITABLE FOR PASSENGER CARS","surface_type":"AGG - CRUSHED AGGREGATE OR GRAVEL"},"geometry":{"type":"LineString","coordinates":[[-106.64218,39.30944],[-106.64135,39.30931],[-106.64109,39.30934],[-106.64079,39.30944],[-106.64061,39.3096],[-106.63984,39.30966],[-106.63966,39.30977],[-106.63965,39.31014],[-106.63975,39.31054],[-106.64029,39.31088],[-106.6408,39.31102],[-106.64097,39.31096],[-106.64098,39.31078],[-106.64047,39.31052],[-106.64035,39.31041],[-106.64029,39.31023],[-106.64061,39.3096]]}},{"type":"Feature","properties":{"name":"BRUSH-GYPSUM","id":"414.1","oper_maint_level":"2 - HIGH CLEARANCE VEHICLES","surface_type":"NAT - NATIVE MATERIAL"},"geometry":{"type":"LineString","coordinates":[[-106.72843,39.47111],[-106.72897,39.47074],[-106.72909,39.47054],[-106.72906,39.46979],[-106.72874,39.46919],[-106.72879,39.46904],[-106.72891,39.46894],[-106.72921,39.4689],[-106.73036,39.47022],[-106.73066,39.47068],[-106.73078,39.47118],[-106.73064,39.47161],[-106.73024,39.47218],[-106.73024,39.47245],[-106.73083,39.4729],[-106.73123,39.47329],[-106.73161,39.47341],[-106.7318,39.47337],[-106.73201,39.47305],[-106.73235,39.472],[-106.7331,39.47142],[-106.73337,39.47064],[-106.73378,39.47014],[-106.73411,39.4693],[-106.73417,39.46854],[-106.73452,39.46816],[-106.73469,39.46783],[-106.7349,39.46731],[-106.73505,39.46658],[-106.73562,39.46605],[-106.7361,39.46579],[-106.73653,39.46567],[-106.7368,39.46566],[-106.73688,39.46581],[-106.73682,39.46666],[-106.7364,39.46724],[-106.73649,39.46755],[-106.73673,39.46781],[-106.73721,39.46809],[-106.73745,39.4685],[-106.73824,39.46881],[-106.73847,39.46919],[-106.7386,39.4697],[-106.73873,39.46983],[-106.73972,39.47021],[-106.74047,39.47007],[-106.74109,39.46982],[-106.74173,39.46945],[-106.74237,39.46943],[-106.74264,39.46912],[-106.74266,39.46862],[-106.74273,39.4684],[-106.74307,39.46844],[-106.74318,39.46856],[-106.74318,39.46913],[-106.74307,39.47021],[-106.74335,39.47054],[-106.74382,39.47161],[-106.74437,39.47182],[-106.74463,39.47204],[-106.74463,39.47221],[-106.74425,39.47267],[-106.74423,39.473],[-106.74432,39.47345],[-106.74449,39.47381],[-106.74463,39.47395],[-106.74467,39.47411],[-106.74494,39.47435],[-106.74488,39.47447],[-106.74435,39.47489],[-106.74432,39.47506],[-106.74516,39.47564],[-106.74588,39.47673],[-106.74604,39.47675],[-106.74677,39.47641],[-106.74753,39.47591],[-106.74811,39.47527],[-106.74859,39.4751],[-106.74881,39.47491],[-106.74929,39.47489],[-106.74998,39.47434],[-106.75026,39.47428],[-106.75122,39.47427],[-106.75188,39.47404],[-106.75252,39.47395],[-106.75279,39.47404],[-106.75311,39.4743],[-106.75314,39.47531],[-106.75289,39.47561],[-106.75301,39.47595],[-106.75292,39.47666],[-106.75272,39.47692],[-106.75247,39.47757],[-106.75257,39.47778],[-106.75314,39.47808],[-106.75356,39.47807],[-106.75509,39.47726],[-106.75525,39.47726],[-106.75538,39.47739],[-106.75545,39.47811],[-106.75553,39.47817],[-106.75593,39.47824],[-106.75658,39.47814],[-106.75715,39.47839],[-106.75735,39.47858],[-106.75755,39.47904],[-106.75778,39.47925],[-106.75793,39.47929],[-106.75825,39.47923],[-106.75932,39.47923],[-106.75995,39.47911],[-106.76076,39.47866],[-106.76126,39.47825],[-106.76179,39.47807],[-106.7623,39.4781],[-106.76269,39.47832],[-106.76343,39.47844],[-106.76354,39.47857],[-106.7635,39.47879],[-106.76294,39.47951],[-106.76281,39.47991],[-106.76283,39.48005],[-106.76311,39.48051],[-106.76291,39.48085],[-106.76288,39.48109],[-106.76242,39.48174],[-106.76184,39.48203],[-106.76157,39.48236],[-106.76126,39.4825],[-106.76126,39.48261],[-106.76141,39.48264],[-106.76204,39.48256],[-106.76226,39.4823],[-106.76238,39.48225],[-106.76317,39.48222],[-106.76359,39.4825],[-106.76403,39.48264],[-106.76474,39.48299],[-106.76642,39.48356],[-106.76664,39.48388],[-106.76667,39.48426],[-106.76696,39.48494],[-106.76697,39.48518],[-106.76683,39.48551],[-106.76666,39.48563],[-106.76635,39.48571],[-106.76631,39.48585],[-106.76748,39.48576],[-106.76842,39.48558],[-106.76864,39.48561],[-106.76897,39.4858],[-106.77043,39.48731],[-106.77083,39.48755],[-106.77147,39.48807],[-106.77149,39.48844],[-106.77136,39.48866],[-106.77126,39.48928],[-106.77131,39.49008],[-106.77151,39.4905],[-106.77192,39.49099],[-106.77205,39.49109],[-106.77227,39.4911],[-106.77305,39.49088],[-106.77361,39.4908],[-106.77415,39.49084],[-106.77483,39.49099],[-106.77503,39.49112],[-106.77506,39.49121],[-106.7749,39.49181],[-106.77489,39.49202],[-106.775,39.49215],[-106.77519,39.49221]]}},{"type":"Feature","properties":{"name":"CROOKED CREEK PASS SPUR","id":"431.1N","oper_maint_level":"2 - HIGH CLEARANCE VEHICLES","surface_type":"NAT - NATIVE MATERIAL"},"geometry":{"type":"LineString","coordinates":[[-106.68524,39.44142],[-106.6848,39.44103],[-106.68433,39.4405],[-106.68418,39.44012],[-106.68417,39.43987],[-106.68392,39.43941],[-106.684,39.43932],[-106.68389,39.43932],[-106.68367,39.43904],[-106.68252,39.43814],[-106.6825,39.43805],[-106.68267,39.438],[-106.68384,39.43839],[-106.68535,39.43911],[-106.68555,39.43912],[-106.68565,39.43902]]}},{"type":"Feature","properties":{"name":"SOUTH FORK FRYINGPAN","id":"504.1","oper_maint_level":"2 - HIGH CLEARANCE VEHICLES","surface_type":"AGG - CRUSHED AGGREGATE OR GRAVEL"},"geometry":{"type":"LineString","coordinates":[[-106.65677,39.33034],[-106.65775,39.32981],[-106.65819,39.3297],[-106.6587,39.32967],[-106.65886,39.32974],[-106.65905,39.3301],[-106.65921,39.33022],[-106.65992,39.33041],[-106.66013,39.33041],[-106.66025,39.33026],[-106.66007,39.32983],[-106.66018,39.3297],[-106.66031,39.32968]]}},{"type":"Feature","properties":{"name":"HARDSCRABBLE","id":"413.1","oper_maint_level":"3 - SUITABLE FOR PASSENGER CARS","surface_type":"NAT - NATIVE MATERIAL"},"geometry":{"type":"LineString","coordinates":[[-106.82039,39.56628],[-106.82059,39.56607],[-106.82066,39.56589],[-106.82056,39.56554],[-106.82009,39.56509],[-106.82009,39.56494],[-106.82028,39.56478],[-106.82136,39.56467],[-106.82183,39.56486],[-106.82269,39.56458],[-106.82332,39.5646],[-106.82346,39.56448],[-106.82341,39.5643],[-106.82326,39.5642],[-106.82301,39.56418],[-106.82228,39.56437],[-106.82205,39.56434],[-106.82149,39.56376],[-106.82129,39.5637],[-106.82088,39.56378],[-106.82061,39.56376],[-106.81952,39.56312],[-106.81871,39.56317],[-106.81845,39.56298],[-106.81838,39.56276],[-106.81857,39.56252],[-106.8191,39.56225],[-106.81949,39.56182],[-106.81986,39.56092],[-106.81983,39.56054],[-106.8196,39.56006],[-106.81964,39.55992],[-106.81984,39.55984],[-106.82005,39.55992],[-106.8207,39.56042],[-106.82074,39.5606],[-106.82068,39.56129],[-106.82096,39.56153],[-106.82157,39.56179],[-106.82259,39.56205],[-106.82301,39.56205],[-106.8232,39.56197],[-106.82329,39.56175],[-106.82317,39.56105],[-106.8232,39.56078],[-106.82329,39.56062],[-106.82396,39.55989],[-106.82406,39.55968],[-106.82381,39.55855],[-106.82341,39.55824],[-106.82264,39.55788],[-106.82252,39.5577],[-106.82249,39.55724],[-106.82262,39.55629],[-106.82269,39.55618],[-106.82291,39.55615],[-106.82303,39.55621],[-106.82309,39.55639],[-106.82301,39.55665],[-106.82306,39.55679],[-106.82339,39.55698],[-106.8241,39.55685],[-106.8254,39.55643],[-106.82591,39.55635],[-106.82626,39.55641],[-106.82653,39.55666],[-106.82667,39.55725],[-106.82686,39.55762],[-106.82711,39.55781],[-106.82742,39.55793],[-106.8276,39.55794],[-106.82785,39.55785],[-106.82817,39.55751],[-106.82873,39.55715],[-106.82937,39.55689],[-106.8298,39.55684],[-106.82994,39.55687],[-106.83005,39.557],[-106.82991,39.55743],[-106.82997,39.55765],[-106.83041,39.55794],[-106.83179,39.55816],[-106.83353,39.55833],[-106.8338,39.5583],[-106.83505,39.5579],[-106.83595,39.55735],[-106.83704,39.55711],[-106.83726,39.55697],[-106.83722,39.55684],[-106.83685,39.55667],[-106.83495,39.55635],[-106.83389,39.55593],[-106.83321,39.55553],[-106.83265,39.55493],[-106.83221,39.55461],[-106.83113,39.5542],[-106.82885,39.55304],[-106.82803,39.55255],[-106.82753,39.55234],[-106.82748,39.55228],[-106.82751,39.55222],[-106.82768,39.55218],[-106.82874,39.55261],[-106.83093,39.55316],[-106.83181,39.55331],[-106.83486,39.55356],[-106.83724,39.55342],[-106.83804,39.5533],[-106.83959,39.55279],[-106.84008,39.55286],[-106.84032,39.55283],[-106.84035,39.55271],[-106.84032,39.55263],[-106.84012,39.55256],[-106.83893,39.55252],[-106.83799,39.55262],[-106.83738,39.55255],[-106.83609,39.55215],[-106.83423,39.55173],[-106.83276,39.55129],[-106.83248,39.55109],[-106.83261,39.55097],[-106.83273,39.55097],[-106.83348,39.55118],[-106.83515,39.55123],[-106.83717,39.55108],[-106.83792,39.5509],[-106.83939,39.55015],[-106.83991,39.55002],[-106.84071,39.55003],[-106.84156,39.5504],[-106.84198,39.55045],[-106.84253,39.55064],[-106.84275,39.5506],[-106.84283,39.55053],[-106.84272,39.55036],[-106.84194,39.5501],[-106.84148,39.54983],[-106.84105,39.54949],[-106.8405,39.54928],[-106.83913,39.5493],[-106.83835,39.54952],[-106.8374,39.5496],[-106.83646,39.5493],[-106.83529,39.54908],[-106.83508,39.54896],[-106.835,39.54879],[-106.83515,39.5486],[-106.83537,39.54853],[-106.83642,39.54862],[-106.83715,39.54846],[-106.83967,39.54699],[-106.83988,39.54683],[-106.83996,39.54663],[-106.83973,39.54635],[-106.83934,39.54606],[-106.83918,39.54582],[-106.83934,39.54515],[-106.83943,39.54503],[-106.8397,39.54483],[-106.84019,39.54464],[-106.8406,39.54438],[-106.84183,39.54402],[-106.84244,39.54355],[-106.84263,39.54327],[-106.84253,39.54298],[-106.84192,39.54216],[-106.84167,39.5417],[-106.84168,39.54151],[-106.84217,39.541],[-106.84276,39.54075],[-106.84309,39.54036],[-106.84305,39.54004],[-106.8427,39.53947],[-106.84274,39.53926],[-106.8429,39.53901],[-106.84348,39.53866],[-106.84355,39.5383],[-106.84292,39.5376],[-106.84285,39.53736],[-106.84288,39.53694],[-106.84271,39.53676],[-106.84197,39.53638],[-106.84159,39.53636],[-106.84047,39.53653],[-106.83987,39.53643],[-106.83945,39.53612],[-106.83863,39.53469],[-106.83873,39.53436],[-106.83954,39.53268],[-106.84077,39.53206],[-106.84119,39.53166],[-106.84116,39.53132],[-106.84084,39.53067],[-106.84042,39.5302],[-106.84014,39.52957],[-106.83915,39.52857],[-106.83853,39.52777],[-106.83825,39.52765],[-106.8372,39.52749],[-106.83531,39.52672],[-106.83493,39.526],[-106.83456,39.5245],[-106.83411,39.52361],[-106.83387,39.52318],[-106.83323,39.52264],[-106.83264,39.52185],[-106.83235,39.52171],[-106.83161,39.5217],[-106.83069,39.52187],[-106.82994,39.52177],[-106.82911,39.52113],[-106.82811,39.5207],[-106.82734,39.52015],[-106.82711,39.52006],[-106.82526,39.51979],[-106.82423,39.51938],[-106.82319,39.5183],[-106.82274,39.51761],[-106.82259,39.5175],[-106.82226,39.51738],[-106.82132,39.51722],[-106.82106,39.51713],[-106.82075,39.51692],[-106.82053,39.51664],[-106.82031,39.51592],[-106.81991,39.51541],[-106.81947,39.51457],[-106.81932,39.51439],[-106.81872,39.51423],[-106.8185,39.51426],[-106.81792,39.51451],[-106.81735,39.51459],[-106.81641,39.51434],[-106.81591,39.51441],[-106.81526,39.51431],[-106.81403,39.51387],[-106.81318,39.51379],[-106.81291,39.51392],[-106.81287,39.51404],[-106.81294,39.51475],[-106.81286,39.51499],[-106.81263,39.51523],[-106.81187,39.51559],[-106.81056,39.51581],[-106.81029,39.51595],[-106.81,39.51626],[-106.80984,39.51635],[-106.8094,39.51641],[-106.80921,39.51636],[-106.80886,39.51606],[-106.80814,39.51566],[-106.80739,39.5157],[-106.80708,39.51557],[-106.80697,39.51528],[-106.80712,39.51423],[-106.8069,39.51306],[-106.80688,39.5126],[-106.80645,39.51114],[-106.80643,39.51092],[-106.80646,39.50827],[-106.80662,39.50758],[-106.80689,39.50716],[-106.80686,39.50685],[-106.80651,39.50665],[-106.80587,39.50661],[-106.80478,39.50689],[-106.80389,39.50697],[-106.80235,39.5076],[-106.80076,39.5078],[-106.80032,39.50791],[-106.80004,39.50806],[-106.79945,39.50857],[-106.79913,39.509],[-106.799,39.50907],[-106.79885,39.50903],[-106.79825,39.50846],[-106.79804,39.50795],[-106.79802,39.50757],[-106.79779,39.5067],[-106.7971,39.50514],[-106.79709,39.50491],[-106.79735,39.50461],[-106.79743,39.50439],[-106.7971,39.50323],[-106.79688,39.50292],[-106.79598,39.50213],[-106.79564,39.5019],[-106.79429,39.50138],[-106.79413,39.5012],[-106.79405,39.50099],[-106.79368,39.49789],[-106.79325,39.49713],[-106.79305,39.49693],[-106.79094,39.49637],[-106.79003,39.4962],[-106.78898,39.49582],[-106.78807,39.49587],[-106.78575,39.49551],[-106.78547,39.49536],[-106.78449,39.49456],[-106.78414,39.49444],[-106.78336,39.49431],[-106.78096,39.493],[-106.78055,39.49285],[-106.77866,39.49258],[-106.77724,39.49252],[-106.77668,39.49256],[-106.77601,39.49275],[-106.77524,39.49319],[-106.77475,39.49357],[-106.77452,39.49355],[-106.77446,39.49334],[-106.77521,39.49218]]}},{"type":"Feature","properties":{"name":"MIDDLE CUNNINGHAM","id":"538.1","oper_maint_level":"2 - HIGH CLEARANCE VEHICLES","surface_type":"NAT - NATIVE MATERIAL"},"geometry":{"type":"LineString","coordinates":[[-106.54952,39.33403],[-106.54998,39.33292],[-106.55012,39.33279],[-106.55137,39.33221],[-106.5528,39.33052],[-106.55285,39.33018],[-106.55275,39.32988],[-106.55277,39.32964],[-106.55293,39.32954],[-106.55329,39.3295],[-106.55337,39.32942],[-106.55326,39.32928],[-106.55265,39.32915],[-106.55237,39.32892],[-106.55217,39.32854],[-106.55139,39.32778],[-106.55124,39.32738],[-106.55115,39.32727],[-106.55009,39.3264],[-106.54862,39.32428],[-106.54844,39.32376],[-106.54808,39.32358],[-106.54782,39.32331],[-106.54742,39.32308],[-106.54728,39.32292],[-106.54734,39.32274],[-106.54757,39.32262],[-106.54843,39.3227]]}},{"type":"Feature","properties":{"name":"LITTLE WOODY","id":"540.1","oper_maint_level":"2 - HIGH CLEARANCE VEHICLES","surface_type":"NAT - NATIVE MATERIAL"},"geometry":{"type":"LineString","coordinates":[[-106.79357,39.3013],[-106.79409,39.30065],[-106.79427,39.30028],[-106.79469,39.29983],[-106.79471,39.29919],[-106.79479,39.2988],[-106.79494,39.29862],[-106.7957,39.29814],[-106.79576,39.29799],[-106.79556,39.29774],[-106.79486,39.29759],[-106.79439,39.29713],[-106.79401,39.29685],[-106.79403,39.29674],[-106.79424,39.29671],[-106.79497,39.29694],[-106.79556,39.29681],[-106.79638,39.29652],[-106.79684,39.29648],[-106.79706,39.29639],[-106.79776,39.2957],[-106.79776,39.295],[-106.79809,39.29446],[-106.7982,39.29417],[-106.79838,39.29394],[-106.79841,39.29373],[-106.79786,39.2926],[-106.79763,39.29233],[-106.7963,39.29182],[-106.79567,39.29126],[-106.79415,39.29055],[-106.794,39.29042],[-106.79387,39.29019],[-106.7939,39.29001],[-106.79438,39.28938],[-106.79502,39.28888],[-106.79592,39.28848],[-106.79662,39.2883],[-106.79721,39.28836],[-106.79838,39.28907],[-106.79979,39.28921],[-106.80017,39.28905],[-106.80116,39.28843],[-106.80208,39.28798],[-106.80228,39.2881],[-106.80253,39.28877],[-106.80305,39.28915],[-106.80372,39.29005],[-106.80401,39.29013],[-106.80495,39.29022],[-106.80577,39.29062],[-106.80585,39.29098],[-106.80577,39.29129],[-106.80489,39.29212],[-106.80455,39.29269],[-106.80432,39.29326],[-106.80419,39.29339],[-106.8037,39.29317],[-106.80332,39.29313],[-106.80184,39.29315],[-106.80093,39.29327],[-106.79992,39.29312],[-106.79893,39.29331],[-106.79841,39.29373]]}},{"type":"Feature","properties":{"name":"CABIN CREEK","id":"417.1A","oper_maint_level":"2 - HIGH CLEARANCE VEHICLES","surface_type":"NAT - NATIVE MATERIAL"},"geometry":{"type":"LineString","coordinates":[[-106.73829,39.46322],[-106.7387,39.46315],[-106.7396,39.46318],[-106.73974,39.4632],[-106.73996,39.46336],[-106.74036,39.46374],[-106.74032,39.46392],[-106.73995,39.46422],[-106.74003,39.46461],[-106.74014,39.46475],[-106.7405,39.46484],[-106.74069,39.4652],[-106.74086,39.46524],[-106.74249,39.46498],[-106.74265,39.46522]]}},{"type":"Feature","properties":{"name":"FREEMAN DAY USE AREA","id":"105.4C","oper_maint_level":"3 - SUITABLE FOR PASSENGER CARS","surface_type":"AGG - CRUSHED AGGREGATE OR GRAVEL"},"geometry":{"type":"LineString","coordinates":[[-106.77604,39.36343],[-106.77608,39.36337],[-106.77597,39.36325],[-106.77514,39.36301],[-106.77448,39.36273],[-106.77388,39.36261],[-106.77378,39.36253],[-106.77377,39.36243],[-106.77396,39.3623],[-106.7746,39.3622],[-106.775,39.36221],[-106.77578,39.36255],[-106.77758,39.363],[-106.7777,39.36293],[-106.77772,39.36279],[-106.77814,39.36237],[-106.7782,39.36219],[-106.77811,39.36202],[-106.77776,39.36199],[-106.77744,39.36211],[-106.77705,39.36215],[-106.77686,39.36225],[-106.77684,39.36246],[-106.77699,39.36259],[-106.77756,39.36268],[-106.77772,39.36279]]}},{"type":"Feature","properties":{"name":"FREEMAN POWERLINE","id":"536.1A","oper_maint_level":"2 - HIGH CLEARANCE VEHICLES","surface_type":"NAT - NATIVE MATERIAL"},"geometry":{"type":"LineString","coordinates":[[-106.77528,39.36349],[-106.77489,39.3636],[-106.7744,39.36361],[-106.77374,39.36395],[-106.77339,39.36443],[-106.77345,39.36473],[-106.77334,39.36514],[-106.77335,39.36565],[-106.77316,39.36619],[-106.77303,39.36633],[-106.77202,39.36694],[-106.77176,39.36703],[-106.77095,39.36701],[-106.77038,39.36674],[-106.77014,39.36652],[-106.76983,39.36647],[-106.76871,39.36676],[-106.76815,39.36735],[-106.76786,39.36748],[-106.76727,39.36759],[-106.76703,39.36754],[-106.76645,39.36718],[-106.76629,39.36701],[-106.76622,39.36671],[-106.76614,39.36663],[-106.76559,39.36675],[-106.76509,39.36668],[-106.76487,39.3669],[-106.76458,39.36708],[-106.76442,39.36731],[-106.76399,39.36747],[-106.76384,39.36764],[-106.76386,39.36782],[-106.76423,39.36827],[-106.76436,39.36886],[-106.76414,39.36911],[-106.76408,39.36944],[-106.76389,39.36975],[-106.76409,39.37001],[-106.76408,39.3701],[-106.76187,39.37007],[-106.76121,39.37041],[-106.76074,39.3709],[-106.76067,39.3709],[-106.76005,39.37066],[-106.75947,39.37057],[-106.7591,39.37043],[-106.75893,39.37045],[-106.75872,39.37066],[-106.75868,39.37083],[-106.75852,39.37091],[-106.75845,39.37115],[-106.7585,39.37124],[-106.75845,39.3715],[-106.75855,39.37243],[-106.75868,39.37259],[-106.75882,39.37311],[-106.75876,39.37353],[-106.75844,39.37396],[-106.75843,39.3741]]}},{"type":"Feature","properties":{"name":"NORRIE POWERLINE","id":"518.1","oper_maint_level":"2 - HIGH CLEARANCE VEHICLES","surface_type":"NAT - NATIVE MATERIAL"},"geometry":{"type":"LineString","coordinates":[[-106.66737,39.34043],[-106.66714,39.34054],[-106.66727,39.34097],[-106.66725,39.34105],[-106.667,39.34123],[-106.66691,39.34146],[-106.66642,39.34183],[-106.66591,39.34191]]}},{"type":"Feature","properties":{"name":"FRYINGPAN","id":"105.1","oper_maint_level":"2 - HIGH CLEARANCE VEHICLES","surface_type":"NAT - NATIVE MATERIAL"},"geometry":{"type":"LineString","coordinates":[[-106.5278,39.29218],[-106.52733,39.29194],[-106.5268,39.29191],[-106.52664,39.29151],[-106.52649,39.29134],[-106.5257,39.29073],[-106.52512,39.2904],[-106.52486,39.29009],[-106.52397,39.28929],[-106.52335,39.28855],[-106.52243,39.28783],[-106.52205,39.2872],[-106.52062,39.28568],[-106.51983,39.28509],[-106.51903,39.2847],[-106.51877,39.28447],[-106.51864,39.28445],[-106.51861,39.28453],[-106.51895,39.28501],[-106.51921,39.28553],[-106.51927,39.28571],[-106.51922,39.28574],[-106.51815,39.28537],[-106.51652,39.28499],[-106.51609,39.2848],[-106.51537,39.28427],[-106.51433,39.28366],[-106.51364,39.28308],[-106.51329,39.28287],[-106.51224,39.28197],[-106.51009,39.28053],[-106.50857,39.2794],[-106.50686,39.27836],[-106.50486,39.27666],[-106.50342,39.27574],[-106.50172,39.27448],[-106.50083,39.27395],[-106.50021,39.27345],[-106.4991,39.27284],[-106.49802,39.27196],[-106.49625,39.27065],[-106.49497,39.26984],[-106.49333,39.2692],[-106.49206,39.26834],[-106.49184,39.26816],[-106.49081,39.26686],[-106.49028,39.26648],[-106.4901,39.26619],[-106.48968,39.26586],[-106.48975,39.26537],[-106.4897,39.26474],[-106.4898,39.26402],[-106.48972,39.26362],[-106.48937,39.26282],[-106.48872,39.26213],[-106.48866,39.26196],[-106.48761,39.26135],[-106.48739,39.26136],[-106.48737,39.26159],[-106.4876,39.26209],[-106.48759,39.26264],[-106.4875,39.26293],[-106.48717,39.26319],[-106.4868,39.26371],[-106.48622,39.26414],[-106.48598,39.26441],[-106.48518,39.26496],[-106.48498,39.26495],[-106.48477,39.26484],[-106.4838,39.26385],[-106.48316,39.26341]]}},{"type":"Feature","properties":{"name":"LITTLE MAUD CG","id":"511.1B","oper_maint_level":"5 - HIGH DEGREE OF USER COMFORT","surface_type":"AC - ASPHALT"},"geometry":{"type":"LineString","coordinates":[[-106.81596,39.37773],[-106.81598,39.37756],[-106.81524,39.37701],[-106.81482,39.3771],[-106.81424,39.37736],[-106.81397,39.37737],[-106.81366,39.3771],[-106.81356,39.37674],[-106.81365,39.37655],[-106.81378,39.37646],[-106.81421,39.37637],[-106.81451,39.3765],[-106.81524,39.37701]]}},{"type":"Feature","properties":{"name":"CHAPMAN LOOP F","id":"105.1F","oper_maint_level":"3 - SUITABLE FOR PASSENGER CARS","surface_type":"AGG - CRUSHED AGGREGATE OR GRAVEL"},"geometry":{"type":"LineString","coordinates":[[-106.64354,39.31134],[-106.64302,39.31114],[-106.6426,39.31073],[-106.64222,39.31071],[-106.64204,39.31082],[-106.64198,39.31103],[-106.642,39.31182],[-106.6422,39.31201],[-106.6426,39.312],[-106.64267,39.31192],[-106.64281,39.31138],[-106.64315,39.31119]]}},{"type":"Feature","properties":{"name":"RED CANYON","id":"513.1","oper_maint_level":"3 - SUITABLE FOR PASSENGER CARS","surface_type":"NAT - NATIVE MATERIAL"},"geometry":{"type":"LineString","coordinates":[[-106.78265,39.30292],[-106.78493,39.30328],[-106.78549,39.30347],[-106.78623,39.30355],[-106.7867,39.30368],[-106.78787,39.30363],[-106.78873,39.30368],[-106.78895,39.30397],[-106.78932,39.30492],[-106.78967,39.30544],[-106.79062,39.30573],[-106.79154,39.30569],[-106.79296,39.30672],[-106.79418,39.30648],[-106.79593,39.30652],[-106.79758,39.30602],[-106.7981,39.30577],[-106.79826,39.30578],[-106.79826,39.30588],[-106.79762,39.30649],[-106.79664,39.30782],[-106.79589,39.30978],[-106.79575,39.31008],[-106.79544,39.31043],[-106.79445,39.31108],[-106.793,39.31158],[-106.79231,39.3117],[-106.79156,39.3116],[-106.79143,39.31164],[-106.79091,39.31201],[-106.79037,39.31258],[-106.79052,39.31387],[-106.79034,39.31437],[-106.79048,39.31483],[-106.79,39.31535],[-106.78994,39.3157],[-106.79004,39.31586],[-106.79111,39.31683],[-106.79168,39.31712],[-106.79221,39.31724],[-106.79245,39.3174],[-106.79223,39.31787],[-106.7923,39.3183],[-106.79186,39.31886],[-106.79154,39.31945],[-106.79144,39.31989],[-106.79146,39.32006],[-106.79179,39.32045],[-106.79199,39.32093],[-106.79205,39.32132],[-106.79219,39.3215],[-106.79246,39.32161],[-106.79478,39.3217],[-106.79693,39.32234],[-106.80122,39.3229],[-106.80275,39.32287],[-106.80356,39.32248],[-106.80446,39.3222]]}},{"type":"Feature","properties":{"name":"NAST E LAKE","id":"105.4N","oper_maint_level":"2 - HIGH CLEARANCE VEHICLES","surface_type":"NAT - NATIVE MATERIAL"},"geometry":{"type":"LineString","coordinates":[[-106.6058,39.29798],[-106.6064,39.29791],[-106.60686,39.29772],[-106.60689,39.29766],[-106.60671,39.29748],[-106.60665,39.29697],[-106.60707,39.29602]]}},{"type":"Feature","properties":{"id":"506.2E","oper_maint_level":"2 - HIGH CLEARANCE VEHICLES","surface_type":"NAT - NATIVE MATERIAL"},"geometry":{"type":"LineString","coordinates":[[-106.65175,39.40255],[-106.65138,39.40252],[-106.65089,39.40283],[-106.65036,39.40304],[-106.65005,39.4034],[-106.64976,39.40362],[-106.64914,39.40382],[-106.6428,39.40502]]}},{"type":"Feature","properties":{"name":"IVANHOE LAKE","id":"527.1","oper_maint_level":"2 - HIGH CLEARANCE VEHICLES","surface_type":"NAT - NATIVE MATERIAL"},"geometry":{"type":"LineString","coordinates":[[-106.49883,39.2668],[-106.49776,39.26665],[-106.49755,39.26619],[-106.4974,39.26569],[-106.49742,39.2655],[-106.49657,39.2597],[-106.49658,39.25953],[-106.49707,39.25899],[-106.49745,39.25879],[-106.49795,39.2587],[-106.49857,39.2588],[-106.49888,39.25898],[-106.49999,39.26024],[-106.50124,39.2615],[-106.50426,39.26408],[-106.50498,39.26454],[-106.50913,39.26543],[-106.51298,39.26586],[-106.51362,39.26585],[-106.51394,39.26573],[-106.5143,39.26552],[-106.5145,39.26518],[-106.51454,39.26484],[-106.51441,39.26427],[-106.51444,39.26363],[-106.51434,39.26314],[-106.51382,39.26239],[-106.51343,39.2616],[-106.51317,39.26136],[-106.51266,39.26114],[-106.51121,39.26098],[-106.50974,39.2602],[-106.50878,39.25979],[-106.50814,39.25933],[-106.50773,39.25886],[-106.50693,39.25742],[-106.50665,39.25713],[-106.50612,39.2569],[-106.50499,39.25657],[-106.50361,39.25598],[-106.50284,39.25583],[-106.50268,39.2556],[-106.50276,39.25542],[-106.5035,39.25526],[-106.50442,39.25544],[-106.50519,39.25517],[-106.50685,39.25506],[-106.50786,39.25492],[-106.50839,39.25507],[-106.50885,39.25538],[-106.50939,39.25559],[-106.50997,39.25614],[-106.51045,39.2562],[-106.51156,39.25621],[-106.51314,39.25682],[-106.51343,39.2567],[-106.5141,39.25617],[-106.51452,39.25615],[-106.51511,39.25589],[-106.51611,39.25572],[-106.51695,39.25511],[-106.51704,39.25488],[-106.51739,39.2545],[-106.51924,39.2539],[-106.51968,39.25391],[-106.52003,39.25413],[-106.52065,39.25436],[-106.52084,39.25433],[-106.52147,39.25404],[-106.52173,39.25401],[-106.52207,39.25419],[-106.52208,39.25443],[-106.52216,39.25452],[-106.52247,39.25463],[-106.52264,39.25486],[-106.52275,39.25535],[-106.52294,39.25539],[-106.52306,39.25492],[-106.52305,39.25441],[-106.52257,39.25327],[-106.52255,39.25306]]}},{"type":"Feature","properties":{"name":"POWERLINE - CROOKED CREEK","id":"431.1","oper_maint_level":"2 - HIGH CLEARANCE VEHICLES","surface_type":"NAT - NATIVE MATERIAL"},"geometry":{"type":"LineString","coordinates":[[-106.73478,39.46593],[-106.73397,39.46616],[-106.73373,39.46615],[-106.733,39.46565],[-106.73295,39.46549],[-106.73313,39.4651],[-106.73303,39.46486],[-106.73238,39.46456],[-106.73207,39.46461],[-106.73161,39.46488],[-106.73123,39.46485],[-106.731,39.46462],[-106.73091,39.46436],[-106.73152,39.46367],[-106.73176,39.46352],[-106.7319,39.46333],[-106.73248,39.46301],[-106.73276,39.4627],[-106.73272,39.46257],[-106.7326,39.46255],[-106.73162,39.46278],[-106.73139,39.46277],[-106.73124,39.46269],[-106.73152,39.46222],[-106.73195,39.46205],[-106.73224,39.4618],[-106.73216,39.46163],[-106.73172,39.46153],[-106.73095,39.4612],[-106.73012,39.46059],[-106.72967,39.46036],[-106.72934,39.46042],[-106.72873,39.46078],[-106.72825,39.46061],[-106.72798,39.46027],[-106.72775,39.4602],[-106.72764,39.46022],[-106.72705,39.46109],[-106.72683,39.46119],[-106.72606,39.46044],[-106.72548,39.45958],[-106.72508,39.45927],[-106.72494,39.45922],[-106.72462,39.45937],[-106.7246,39.45967],[-106.72411,39.46002],[-106.72427,39.461],[-106.72419,39.4613],[-106.72406,39.46141],[-106.72397,39.4614],[-106.72376,39.46081],[-106.72305,39.46025],[-106.72269,39.45976],[-106.72261,39.45947],[-106.72291,39.45921],[-106.72289,39.45912],[-106.72205,39.4586],[-106.72184,39.45831],[-106.72164,39.45776],[-106.72152,39.45779],[-106.72109,39.45837],[-106.72093,39.45841],[-106.72042,39.45816],[-106.72017,39.45818],[-106.71989,39.45827],[-106.71972,39.45846],[-106.71963,39.45868],[-106.7195,39.45875],[-106.71933,39.45833],[-106.71889,39.45775],[-106.71868,39.45774],[-106.7184,39.45793],[-106.71817,39.45797],[-106.71795,39.45722],[-106.71781,39.45717],[-106.71738,39.4573],[-106.71725,39.45723],[-106.71713,39.45672],[-106.71681,39.45654],[-106.71672,39.45643],[-106.7167,39.4555],[-106.71649,39.45505],[-106.71617,39.45461],[-106.71598,39.45414],[-106.71579,39.45409],[-106.71472,39.45409],[-106.71437,39.45419],[-106.71391,39.45401],[-106.71334,39.45421],[-106.71308,39.45422],[-106.71289,39.45402],[-106.71277,39.45353],[-106.71177,39.4529],[-106.71162,39.45264],[-106.71123,39.4526],[-106.71095,39.45248],[-106.70953,39.45228],[-106.70957,39.45219],[-106.71011,39.45212],[-106.71022,39.45205],[-106.71025,39.45194],[-106.71012,39.45165],[-106.70957,39.45103],[-106.70945,39.45074],[-106.70895,39.45022],[-106.70869,39.45017],[-106.7084,39.45024],[-106.70773,39.44989],[-106.70806,39.44855],[-106.70822,39.44824],[-106.7082,39.44814],[-106.70806,39.44809],[-106.70787,39.44813],[-106.70737,39.44845],[-106.70656,39.44874],[-106.70566,39.44929],[-106.70555,39.4493],[-106.70536,39.44926],[-106.70432,39.44861],[-106.7037,39.4483],[-106.70329,39.44831],[-106.70287,39.44816],[-106.70274,39.44804],[-106.70278,39.44786],[-106.70291,39.44777],[-106.70332,39.44775],[-106.7034,39.44768],[-106.70335,39.44759],[-106.70284,39.44753],[-106.70239,39.44764],[-106.70158,39.44745],[-106.70146,39.44735],[-106.70132,39.447],[-106.70113,39.4468],[-106.69998,39.44614],[-106.69956,39.44574],[-106.69901,39.44545],[-106.69894,39.44529],[-106.69902,39.44478],[-106.69884,39.44456],[-106.69812,39.44441],[-106.69756,39.44451],[-106.69727,39.44447],[-106.6956,39.44334],[-106.69499,39.4431],[-106.69494,39.44301],[-106.69495,39.44278],[-106.69462,39.44249],[-106.69455,39.44236],[-106.6936,39.44191],[-106.69293,39.44168],[-106.6925,39.44131],[-106.69243,39.44115],[-106.69252,39.44058],[-106.69247,39.44046],[-106.69198,39.44025],[-106.69183,39.44009],[-106.69152,39.43999],[-106.69138,39.43987],[-106.69121,39.43951],[-106.69106,39.43949],[-106.69091,39.43959],[-106.69032,39.44006],[-106.68991,39.44015],[-106.68887,39.43983],[-106.68839,39.43933]]}},{"type":"Feature","properties":{"name":"MOLLIE B CAMPGROUND","id":"511.1C","oper_maint_level":"5 - HIGH DEGREE OF USER COMFORT","surface_type":"AC - ASPHALT"},"geometry":{"type":"LineString","coordinates":[[-106.81282,39.37629],[-106.81286,39.37597],[-106.81278,39.37579],[-106.81176,39.37542],[-106.81154,39.3752],[-106.81159,39.37495],[-106.8119,39.37483],[-106.81229,39.37494],[-106.81331,39.37569],[-106.81331,39.37594],[-106.81295,39.37619]]}},{"type":"Feature","properties":{"name":"LOWER RED CANYON","id":"523.1","oper_maint_level":"2 - HIGH CLEARANCE VEHICLES","surface_type":"NAT - NATIVE MATERIAL"},"geometry":{"type":"LineString","coordinates":[[-106.86035,39.30651],[-106.86015,39.30665],[-106.85959,39.30687],[-106.85904,39.3075],[-106.85879,39.3079],[-106.85873,39.30824],[-106.85892,39.30873],[-106.85909,39.30898],[-106.86031,39.30869],[-106.86065,39.30874],[-106.86369,39.31048],[-106.86395,39.3108],[-106.8654,39.31168],[-106.86566,39.31192],[-106.86566,39.31199],[-106.86525,39.31197],[-106.86525,39.31222],[-106.86483,39.31253],[-106.86472,39.31294],[-106.86453,39.31327],[-106.86438,39.31347],[-106.86405,39.31371],[-106.86167,39.31446],[-106.86053,39.3141],[-106.85933,39.31361],[-106.85903,39.31369],[-106.85896,39.31381],[-106.85902,39.31397],[-106.8599,39.31462],[-106.86011,39.31488],[-106.86055,39.31586],[-106.86144,39.31631],[-106.86175,39.31656],[-106.86237,39.31677],[-106.86243,39.31695],[-106.86226,39.31729],[-106.86223,39.31751],[-106.86239,39.31791],[-106.86245,39.31867],[-106.86251,39.31891],[-106.86272,39.31917],[-106.86272,39.31929],[-106.86223,39.31933],[-106.86025,39.31996],[-106.85999,39.32022],[-106.85903,39.32063],[-106.8582,39.32111],[-106.85788,39.32117],[-106.85696,39.32179],[-106.85649,39.32202],[-106.85606,39.32205],[-106.85527,39.32237],[-106.85389,39.32319],[-106.85307,39.32411],[-106.8532,39.32429],[-106.85304,39.32474],[-106.85355,39.32506],[-106.85425,39.3252],[-106.85464,39.32534],[-106.854,39.32555],[-106.85388,39.32563],[-106.85383,39.32574],[-106.85397,39.32633],[-106.85376,39.32656],[-106.85377,39.32663],[-106.85386,39.32677],[-106.85425,39.32698],[-106.85482,39.32693],[-106.8554,39.32669],[-106.85568,39.32665],[-106.85685,39.3269],[-106.85763,39.32687],[-106.85814,39.32705],[-106.85865,39.32743],[-106.85897,39.32751],[-106.85924,39.32767],[-106.85958,39.32809],[-106.85981,39.32825],[-106.86027,39.32824],[-106.86092,39.32842],[-106.86138,39.32846],[-106.86154,39.32844],[-106.86181,39.32824],[-106.86208,39.32824],[-106.86271,39.32836],[-106.8629,39.32863],[-106.86318,39.32886],[-106.86354,39.32878]]}},{"type":"Feature","properties":{"name":"FLY CAMP","id":"523.4A","oper_maint_level":"2 - HIGH CLEARANCE VEHICLES","surface_type":"NAT - NATIVE MATERIAL"},"geometry":{"type":"LineString","coordinates":[[-106.85909,39.30898],[-106.85933,39.30969],[-106.85942,39.3105],[-106.85928,39.31093],[-106.85894,39.31133],[-106.85875,39.31141],[-106.85846,39.31123],[-106.85835,39.31079],[-106.85822,39.31066],[-106.85767,39.31035],[-106.85747,39.31014],[-106.85708,39.30991],[-106.85652,39.31004],[-106.85571,39.30982],[-106.85519,39.30975],[-106.85427,39.30986],[-106.85337,39.31017],[-106.85285,39.31025],[-106.85198,39.31083],[-106.85094,39.31129],[-106.85038,39.31147],[-106.84977,39.31162],[-106.84919,39.31166],[-106.84861,39.31184],[-106.84759,39.31155],[-106.8473,39.3116],[-106.84684,39.31184],[-106.84631,39.31184],[-106.84548,39.31209],[-106.84497,39.31228],[-106.84472,39.31266],[-106.84407,39.31307],[-106.84354,39.31361],[-106.84333,39.31373],[-106.8428,39.31391],[-106.84253,39.31392],[-106.84232,39.31392],[-106.84217,39.31373],[-106.84194,39.31371],[-106.84183,39.31378],[-106.84182,39.3139],[-106.84101,39.31418],[-106.84063,39.31443],[-106.84016,39.31439],[-106.83907,39.31465],[-106.83861,39.31489],[-106.83818,39.31528]]}},{"type":"Feature","properties":{"name":"HORSESHOE BEND","id":"105.4A","oper_maint_level":"3 - SUITABLE FOR PASSENGER CARS","surface_type":"NAT - NATIVE MATERIAL"},"geometry":{"type":"LineString","coordinates":[[-106.60051,39.30085],[-106.6004,39.30055],[-106.60025,39.30039],[-106.59949,39.30019],[-106.59929,39.30004],[-106.59935,39.29938],[-106.59968,39.29849],[-106.5995,39.29819],[-106.59888,39.29773],[-106.5989,39.29758],[-106.59918,39.29757],[-106.59979,39.29797],[-106.59997,39.29793],[-106.59999,39.29777],[-106.5995,39.29731],[-106.59942,39.29716],[-106.59951,39.29698],[-106.59971,39.29694],[-106.60007,39.29712],[-106.60033,39.29735],[-106.60043,39.2975],[-106.60042,39.29779],[-106.60048,39.29796],[-106.60077,39.29828],[-106.60105,39.29842],[-106.60135,39.29843],[-106.60181,39.29812],[-106.60267,39.29786],[-106.60265,39.29789],[-106.60282,39.29789],[-106.60358,39.29814],[-106.60457,39.29823],[-106.6053,39.29843],[-106.60547,39.29838],[-106.6058,39.29798],[-106.60552,39.29772],[-106.60486,39.2975],[-106.60421,39.29711],[-106.60401,39.2967],[-106.6039,39.29594],[-106.60425,39.29544],[-106.6044,39.29507],[-106.60524,39.29422]]}},{"type":"Feature","properties":{"name":"FULFORD CAMPGROUND","id":"415.1F","oper_maint_level":"3 - SUITABLE FOR PASSENGER CARS","surface_type":"NAT - NATIVE MATERIAL"},"geometry":{"type":"LineString","coordinates":[[-106.65916,39.49222],[-106.65917,39.492],[-106.65909,39.49196],[-106.65886,39.49204],[-106.65886,39.49221]]}},{"type":"Feature","properties":{"name":"UPPER DEADMAN","id":"520.1B","oper_maint_level":"2 - HIGH CLEARANCE VEHICLES","surface_type":"NAT - NATIVE MATERIAL"},"geometry":{"type":"LineString","coordinates":[[-106.72022,39.3403],[-106.71962,39.33959],[-106.7187,39.33936],[-106.71812,39.3391],[-106.71746,39.33901],[-106.71735,39.33902],[-106.71702,39.3393],[-106.71614,39.33979],[-106.71558,39.34001],[-106.71519,39.34],[-106.71494,39.34009],[-106.71463,39.34009],[-106.71426,39.34028],[-106.71403,39.34049],[-106.71328,39.34085],[-106.71311,39.34097],[-106.71295,39.3413],[-106.71275,39.34149],[-106.71239,39.34172],[-106.712,39.34207],[-106.71137,39.3431],[-106.71105,39.34387],[-106.71085,39.34406],[-106.7106,39.34468],[-106.71062,39.34513],[-106.71041,39.3453],[-106.71005,39.3452],[-106.70982,39.34558],[-106.70944,39.34602],[-106.70935,39.34666],[-106.70926,39.34682],[-106.70878,39.34718]]}},{"type":"Feature","properties":{"name":"HELL GATE SNOTEL ROAD","id":"105.12","oper_maint_level":"2 - HIGH CLEARANCE VEHICLES","surface_type":"NAT - NATIVE MATERIAL"},"geometry":{"type":"LineString","coordinates":[[-106.54751,39.29313],[-106.54745,39.29317],[-106.54821,39.29272],[-106.54842,39.29247],[-106.54855,39.29247],[-106.54885,39.29233],[-106.54927,39.29243],[-106.54941,39.29232]]}},{"type":"Feature","properties":{"name":"PORPHYRY MOUNTAIN SPUR","id":"526.1A","oper_maint_level":"2 - HIGH CLEARANCE VEHICLES","surface_type":"NAT - NATIVE MATERIAL"},"geometry":{"type":"LineString","coordinates":[[-106.71796,39.2819],[-106.71793,39.2825],[-106.71822,39.28304],[-106.71824,39.28328],[-106.71815,39.28374],[-106.71798,39.28406],[-106.71805,39.28436],[-106.71819,39.2845],[-106.71868,39.28472],[-106.71911,39.28463],[-106.71926,39.2848],[-106.71937,39.2848],[-106.71975,39.28455],[-106.72012,39.28469],[-106.7204,39.28493],[-106.72113,39.28538],[-106.72147,39.28575],[-106.72235,39.28605],[-106.7224,39.28623],[-106.72233,39.28639],[-106.72236,39.28646],[-106.72278,39.2865],[-106.72326,39.28677],[-106.72348,39.28682],[-106.72402,39.28655],[-106.72453,39.28651],[-106.72489,39.28627],[-106.72515,39.28627],[-106.72594,39.28606],[-106.72726,39.28602],[-106.72781,39.28631],[-106.72807,39.2868],[-106.72844,39.28727],[-106.72847,39.28759],[-106.72811,39.28799],[-106.72813,39.28811],[-106.72821,39.28817],[-106.7288,39.28821],[-106.72981,39.28817],[-106.73019,39.28834],[-106.73041,39.28883],[-106.73075,39.28881],[-106.73133,39.2886],[-106.73175,39.28859],[-106.73237,39.2887],[-106.73302,39.28898],[-106.73329,39.2892],[-106.73354,39.2896],[-106.73374,39.28977],[-106.7339,39.29022],[-106.73447,39.2907],[-106.73485,39.29089],[-106.73477,39.29104],[-106.73454,39.29124],[-106.73419,39.29132],[-106.73419,39.29153],[-106.73401,39.29173],[-106.73294,39.29224],[-106.73239,39.29236]]}},{"type":"Feature","properties":{"name":"KOBEY PARK - LINK","id":"508.1A","oper_maint_level":"3 - SUITABLE FOR PASSENGER CARS","surface_type":"AGG - CRUSHED AGGREGATE OR GRAVEL"},"geometry":{"type":"LineString","coordinates":[[-106.76051,39.26792],[-106.76068,39.26889],[-106.76059,39.26984],[-106.76082,39.27022],[-106.76075,39.27035],[-106.76055,39.27042],[-106.76043,39.27034],[-106.76006,39.26922],[-106.75989,39.26915],[-106.75976,39.26924],[-106.7599,39.26995],[-106.75982,39.27046],[-106.75984,39.27074],[-106.7601,39.27137],[-106.76036,39.27293],[-106.76072,39.2739],[-106.76108,39.27398],[-106.76135,39.27391],[-106.76201,39.27342],[-106.76239,39.27298],[-106.76257,39.27294],[-106.7627,39.27297],[-106.76339,39.2736],[-106.76367,39.27372],[-106.76474,39.27371],[-106.76525,39.27341],[-106.76536,39.27341],[-106.76606,39.27358],[-106.76625,39.27377],[-106.76636,39.27541],[-106.76627,39.27596],[-106.76603,39.27621],[-106.76507,39.27675],[-106.76496,39.27692],[-106.7651,39.27755],[-106.76517,39.28035],[-106.76492,39.28154]]}},{"type":"Feature","properties":{"name":"LENADO","id":"103.2","oper_maint_level":"3 - SUITABLE FOR PASSENGER CARS","surface_type":"AGG - CRUSHED AGGREGATE OR GRAVEL"},"geometry":{"type":"LineString","coordinates":[[-106.75177,39.24469],[-106.75177,39.24484],[-106.75189,39.24509],[-106.75266,39.24533],[-106.75335,39.24597],[-106.75372,39.24623],[-106.7538,39.24634],[-106.75379,39.24665],[-106.75387,39.24672],[-106.754,39.24676],[-106.75438,39.24666],[-106.75471,39.24666],[-106.75587,39.24687],[-106.75608,39.24702],[-106.75606,39.24798],[-106.75621,39.24888],[-106.75631,39.25038],[-106.75669,39.25132],[-106.75721,39.2533],[-106.75738,39.25461],[-106.75784,39.25556],[-106.75799,39.25571],[-106.75814,39.25572],[-106.75825,39.25563],[-106.75858,39.25468],[-106.75883,39.25434],[-106.75908,39.25417],[-106.75892,39.25377],[-106.75919,39.25318],[-106.75996,39.25253],[-106.76031,39.2521],[-106.76044,39.25143],[-106.76053,39.24998],[-106.76096,39.24955],[-106.76167,39.24912],[-106.76182,39.24881],[-106.76223,39.24844],[-106.76243,39.24811],[-106.76291,39.24793],[-106.76316,39.24774],[-106.76362,39.24752],[-106.76391,39.24726],[-106.76416,39.2472],[-106.76431,39.24733],[-106.76436,39.24773],[-106.76467,39.24837],[-106.76483,39.24859],[-106.76496,39.24865],[-106.76511,39.24861],[-106.76548,39.24826],[-106.76596,39.24792],[-106.7668,39.24743],[-106.76698,39.24746],[-106.76705,39.24757],[-106.76702,39.24776],[-106.76658,39.2487],[-106.76651,39.2493],[-106.76654,39.25048],[-106.76669,39.2513],[-106.76681,39.2515],[-106.76695,39.25153],[-106.76744,39.2513],[-106.76769,39.2513],[-106.76797,39.25157],[-106.76833,39.25179],[-106.76839,39.25237],[-106.76824,39.25327],[-106.76824,39.25374],[-106.76862,39.25416],[-106.76872,39.25472],[-106.76933,39.25508],[-106.76942,39.25531],[-106.76923,39.25668],[-106.76864,39.2585],[-106.76778,39.26007],[-106.76761,39.26026],[-106.76744,39.2603],[-106.76732,39.26027],[-106.76734,39.26016],[-106.76777,39.25965],[-106.76792,39.25927],[-106.76809,39.25738],[-106.76807,39.25677],[-106.76792,39.25617],[-106.76774,39.2558],[-106.7674,39.25552],[-106.7665,39.25526],[-106.76596,39.25494],[-106.76573,39.25501],[-106.76576,39.25516],[-106.76585,39.25524],[-106.76692,39.25569],[-106.76708,39.25587],[-106.76713,39.25603]]}},{"type":"Feature","properties":{"name":"EAGLE-THOMASVILLE","id":"400.2","oper_maint_level":"3 - SUITABLE FOR PASSENGER CARS","surface_type":"AGG - CRUSHED AGGREGATE OR GRAVEL"},"geometry":{"type":"LineString","coordinates":[[-106.75263,39.53924],[-106.75258,39.53909],[-106.75262,39.53877],[-106.7532,39.53785],[-106.75321,39.53772],[-106.75246,39.53616],[-106.75206,39.53503],[-106.75154,39.53404],[-106.75126,39.5333],[-106.75109,39.53236],[-106.75113,39.53123],[-106.75103,39.53096],[-106.75062,39.53038],[-106.74989,39.52794],[-106.74939,39.52698],[-106.74923,39.52571],[-106.74919,39.52483],[-106.74922,39.52443],[-106.74933,39.52405],[-106.75059,39.52232],[-106.75119,39.52125],[-106.75164,39.52013],[-106.75198,39.51812],[-106.75327,39.51658],[-106.75333,39.51639],[-106.75338,39.51563],[-106.75372,39.51517],[-106.75379,39.51485],[-106.75363,39.51438],[-106.75268,39.51337],[-106.75253,39.51307],[-106.7525,39.51278],[-106.75273,39.51201],[-106.75364,39.51105],[-106.75385,39.51069],[-106.75394,39.51031],[-106.75389,39.50997],[-106.75324,39.5086],[-106.75182,39.50682],[-106.75134,39.50598],[-106.75124,39.50565],[-106.75126,39.5054],[-106.75163,39.50471],[-106.75176,39.5043],[-106.75183,39.50281],[-106.75223,39.50139],[-106.75229,39.49988],[-106.75292,39.49873],[-106.75308,39.49802],[-106.75304,39.49768],[-106.75274,39.49733],[-106.75152,39.49638],[-106.75073,39.49539],[-106.75019,39.49461],[-106.74885,39.49199],[-106.74801,39.49087],[-106.7475,39.49005],[-106.74654,39.48897],[-106.74498,39.48796],[-106.74396,39.4874],[-106.74218,39.48594],[-106.74146,39.48572],[-106.74042,39.48503],[-106.73951,39.48414],[-106.73913,39.48354],[-106.73826,39.48254],[-106.7373,39.48178],[-106.73683,39.48155],[-106.7365,39.48147],[-106.73574,39.48158],[-106.73467,39.48152]]}},{"type":"Feature","properties":{"name":"EAGLE-THOMASVILLE","id":"400.2","oper_maint_level":"3 - SUITABLE FOR PASSENGER CARS","surface_type":"AGG - CRUSHED AGGREGATE OR GRAVEL"},"geometry":{"type":"LineString","coordinates":[[-106.68493,39.4414],[-106.6835,39.44135],[-106.68268,39.44125],[-106.68215,39.44114],[-106.68122,39.44077],[-106.6804,39.44061],[-106.67988,39.44052],[-106.67926,39.44058],[-106.67821,39.44001],[-106.67725,39.43964],[-106.67396,39.43872],[-106.6734,39.43877],[-106.67275,39.43918],[-106.67218,39.44019],[-106.672,39.44028],[-106.67183,39.44025],[-106.6717,39.44013],[-106.67147,39.43953],[-106.67098,39.43911],[-106.67071,39.43904],[-106.67014,39.4392],[-106.66994,39.43917],[-106.66986,39.43838],[-106.66966,39.43793],[-106.66926,39.43729],[-106.66839,39.43626],[-106.66768,39.4357],[-106.66583,39.43462],[-106.66561,39.43441],[-106.66517,39.43372],[-106.66493,39.43346],[-106.66475,39.43336],[-106.66438,39.43333],[-106.66424,39.43343],[-106.66387,39.43392],[-106.66374,39.43397],[-106.66356,39.43395],[-106.66324,39.43378],[-106.66313,39.4336],[-106.66316,39.43335],[-106.66366,39.43249],[-106.66374,39.43221],[-106.66356,39.43171],[-106.66298,39.43106],[-106.66225,39.4307],[-106.66052,39.42955],[-106.65986,39.42922],[-106.65748,39.42837],[-106.65657,39.42731],[-106.65582,39.42679],[-106.65528,39.42633],[-106.65455,39.42551],[-106.65439,39.42516],[-106.65445,39.42488],[-106.65468,39.4244],[-106.65532,39.42349],[-106.65526,39.4228],[-106.65532,39.42267],[-106.65708,39.42148],[-106.65753,39.42097],[-106.65757,39.41987],[-106.65802,39.41916],[-106.6582,39.41835],[-106.65858,39.41769],[-106.65942,39.41587],[-106.65953,39.41461],[-106.65965,39.41436],[-106.65919,39.41376],[-106.65918,39.41355],[-106.65968,39.41287],[-106.6599,39.41271],[-106.66085,39.41253],[-106.6615,39.41257],[-106.66173,39.41249],[-106.66183,39.41231],[-106.66177,39.41213],[-106.66133,39.4116],[-106.66128,39.41141],[-106.66135,39.41113],[-106.66158,39.41084],[-106.66181,39.41075],[-106.66376,39.41042],[-106.66506,39.4105],[-106.66608,39.41082],[-106.66732,39.41082],[-106.66804,39.41106],[-106.66899,39.41124],[-106.66925,39.41143],[-106.66977,39.41199],[-106.67019,39.41222],[-106.67057,39.41231],[-106.6714,39.41233],[-106.67162,39.41226],[-106.6717,39.41215],[-106.67165,39.412],[-106.67132,39.41178],[-106.67125,39.41161],[-106.67158,39.41066],[-106.67287,39.41061],[-106.67322,39.41067],[-106.67338,39.41053],[-106.67338,39.41014],[-106.6736,39.41004],[-106.67377,39.41009],[-106.67421,39.41043],[-106.67489,39.41067],[-106.67528,39.41071],[-106.67538,39.41063],[-106.67553,39.41026],[-106.67588,39.40972],[-106.67593,39.40941],[-106.67581,39.4089],[-106.67578,39.40829],[-106.67547,39.40799],[-106.67463,39.40737],[-106.67443,39.40703],[-106.67407,39.40546],[-106.67382,39.40386],[-106.67399,39.40369],[-106.67534,39.40345],[-106.67578,39.4031],[-106.67592,39.40269],[-106.67594,39.40174],[-106.67599,39.40148],[-106.67652,39.4008],[-106.67662,39.40042],[-106.67645,39.40008],[-106.67593,39.39946],[-106.67535,39.39807],[-106.67494,39.39762],[-106.67493,39.39747],[-106.67516,39.39711],[-106.67522,39.39674],[-106.67479,39.39602],[-106.67454,39.3951],[-106.6746,39.39499],[-106.67493,39.39489],[-106.67639,39.39474],[-106.6774,39.3948],[-106.67792,39.39512],[-106.67811,39.39505],[-106.67814,39.3949],[-106.67802,39.39428],[-106.67807,39.39393],[-106.678,39.39381],[-106.67659,39.39302],[-106.67596,39.39232],[-106.67531,39.39185],[-106.67525,39.39156],[-106.67546,39.39041],[-106.6757,39.39017],[-106.67615,39.38997],[-106.67646,39.38993],[-106.67717,39.39001],[-106.6776,39.39012],[-106.67848,39.39053],[-106.67865,39.39053],[-106.67879,39.39038],[-106.67831,39.38888],[-106.67821,39.38828],[-106.67753,39.3873],[-106.67735,39.38685],[-106.67746,39.38597],[-106.67794,39.38484],[-106.67741,39.38425],[-106.67719,39.38366],[-106.67695,39.38335],[-106.67637,39.38276],[-106.67578,39.38236],[-106.67564,39.38192],[-106.67548,39.38167],[-106.67548,39.38141],[-106.67584,39.3805],[-106.67592,39.38009],[-106.67615,39.37979],[-106.67748,39.37922],[-106.67801,39.37921],[-106.67869,39.37934],[-106.67884,39.37931],[-106.67884,39.37922],[-106.67863,39.37907],[-106.67811,39.37883],[-106.67752,39.37866],[-106.67748,39.37851],[-106.67755,39.37789],[-106.67815,39.37665],[-106.67866,39.37609],[-106.67866,39.37601],[-106.67883,39.37584],[-106.6791,39.37531],[-106.67933,39.375],[-106.67942,39.37446],[-106.67961,39.3739],[-106.6796,39.37359],[-106.67947,39.37306],[-106.67955,39.37301],[-106.67969,39.37308],[-106.68003,39.37365],[-106.68004,39.37475],[-106.68015,39.37472],[-106.68018,39.37442],[-106.68033,39.37414],[-106.68055,39.37395],[-106.6807,39.37371],[-106.68078,39.37296],[-106.68011,39.37203],[-106.68008,39.37144],[-106.67999,39.37114],[-106.67974,39.37068],[-106.67981,39.36989],[-106.67975,39.36945],[-106.67983,39.36816],[-106.67975,39.36801],[-106.67983,39.36794],[-106.67992,39.36797]]}},{"type":"Feature","properties":{"name":"ELK WALLOW CAMPGROUND","id":"501.1A","oper_maint_level":"2 - HIGH CLEARANCE VEHICLES","surface_type":"AGG - CRUSHED AGGREGATE OR GRAVEL"},"geometry":{"type":"MultiLineString","coordinates":[[[-106.6147,39.34454],[-106.61429,39.34433],[-106.61358,39.34444],[-106.61329,39.34429],[-106.6131,39.34437],[-106.61312,39.34445],[-106.61325,39.34453],[-106.61358,39.34444]],[[-106.61429,39.34433],[-106.61423,39.34423],[-106.61426,39.34416],[-106.61455,39.344]]]}},{"type":"Feature","properties":{"name":"JAKEMAN","id":"512.1","oper_maint_level":"2 - HIGH CLEARANCE VEHICLES","surface_type":"NAT - NATIVE MATERIAL"},"geometry":{"type":"LineString","coordinates":[[-106.67578,39.4031],[-106.67592,39.40313],[-106.67613,39.403],[-106.67645,39.40208],[-106.67663,39.40199],[-106.67735,39.40194],[-106.67752,39.40186],[-106.67761,39.40174],[-106.67784,39.40074],[-106.67759,39.39894],[-106.67769,39.39872],[-106.67795,39.39868],[-106.67819,39.39876],[-106.67979,39.40002],[-106.68106,39.40091],[-106.68257,39.40174],[-106.68281,39.40196],[-106.68309,39.4025],[-106.68329,39.40266],[-106.68354,39.40266],[-106.68423,39.40218],[-106.68438,39.40215],[-106.68479,39.40224],[-106.68547,39.40255],[-106.68568,39.40255],[-106.68591,39.40245],[-106.68599,39.40233],[-106.68587,39.40176],[-106.68596,39.40144],[-106.68687,39.40021],[-106.68735,39.39985],[-106.68787,39.39963],[-106.68889,39.39937],[-106.6904,39.39916],[-106.69122,39.39875],[-106.69213,39.39841],[-106.69248,39.39824],[-106.69262,39.39809],[-106.69277,39.39751],[-106.69297,39.39729],[-106.69403,39.39687],[-106.69453,39.39636],[-106.6952,39.39616],[-106.69567,39.39611],[-106.69638,39.39618],[-106.69723,39.39646],[-106.69732,39.3966],[-106.69726,39.39679],[-106.69707,39.39683],[-106.69649,39.39666],[-106.69603,39.39668],[-106.69519,39.39705],[-106.69492,39.39728],[-106.69443,39.39796],[-106.69434,39.39831],[-106.6943,39.39886],[-106.69414,39.39922],[-106.69302,39.4011],[-106.69275,39.40147],[-106.69238,39.40181],[-106.69192,39.40212],[-106.69148,39.40261],[-106.69099,39.40323],[-106.69093,39.40344],[-106.69112,39.40358],[-106.69136,39.40351],[-106.69203,39.40272],[-106.69264,39.40237],[-106.69347,39.40205],[-106.69396,39.40141],[-106.69413,39.40128],[-106.6951,39.40094],[-106.69547,39.40091]]}},{"type":"Feature","properties":{"name":"GRANITE","id":"505.1","oper_maint_level":"2 - HIGH CLEARANCE VEHICLES","surface_type":"AGG - CRUSHED AGGREGATE OR GRAVEL"},"geometry":{"type":"LineString","coordinates":[[-106.58792,39.29782],[-106.5874,39.2973],[-106.58707,39.29666],[-106.5871,39.29649],[-106.58741,39.29641],[-106.58885,39.29643],[-106.59015,39.29636],[-106.59122,39.29623],[-106.59145,39.29607],[-106.59165,39.29569],[-106.59338,39.29504],[-106.59361,39.2949],[-106.59411,39.29418],[-106.59425,39.29328],[-106.59424,39.29306],[-106.59407,39.29274],[-106.59406,39.29236],[-106.5936,39.29196],[-106.59363,39.29174],[-106.59358,39.29158],[-106.59331,39.29135],[-106.5924,39.291],[-106.59156,39.29059],[-106.59081,39.28984],[-106.58943,39.28878],[-106.58897,39.2885],[-106.58833,39.28781],[-106.58761,39.28735],[-106.58718,39.28698],[-106.58695,39.28642],[-106.58665,39.28602],[-106.58511,39.28509],[-106.58451,39.28444],[-106.58389,39.2841],[-106.58359,39.28385],[-106.58225,39.28214],[-106.58205,39.28198],[-106.57806,39.28151],[-106.57708,39.28133],[-106.57643,39.2811],[-106.57497,39.28047],[-106.57422,39.28006],[-106.57328,39.27941],[-106.57167,39.27865],[-106.57097,39.27851],[-106.57004,39.27817],[-106.5696,39.2779],[-106.56916,39.27739],[-106.5666,39.27666],[-106.56605,39.27641],[-106.56533,39.27574],[-106.56375,39.27519],[-106.56289,39.27457],[-106.56172,39.27392],[-106.56038,39.2729],[-106.55916,39.27124],[-106.55872,39.27099],[-106.55773,39.27024],[-106.55733,39.26977],[-106.55698,39.26951],[-106.55601,39.26848],[-106.5557,39.26824],[-106.55306,39.26704],[-106.55247,39.26664],[-106.55191,39.2661],[-106.55144,39.26584],[-106.54973,39.26528],[-106.54906,39.26531],[-106.54871,39.26521],[-106.54833,39.26495],[-106.54694,39.2642],[-106.54482,39.26216],[-106.54447,39.26159],[-106.54407,39.26067],[-106.54274,39.25988],[-106.54234,39.25928],[-106.5421,39.25909],[-106.54074,39.25834],[-106.53959,39.258],[-106.53928,39.25785],[-106.53754,39.25688],[-106.53594,39.25614],[-106.53286,39.25438],[-106.53238,39.25392],[-106.53207,39.25346],[-106.53192,39.25283],[-106.53158,39.25217],[-106.5312,39.25088],[-106.53007,39.24964],[-106.52969,39.24856],[-106.52962,39.24819],[-106.52987,39.24771],[-106.53024,39.24585],[-106.53012,39.24524],[-106.53032,39.24444]]}},{"type":"Feature","properties":{"name":"WEST HAT CREEK","id":"436.1","oper_maint_level":"2 - HIGH CLEARANCE VEHICLES","surface_type":"NAT - NATIVE MATERIAL"},"geometry":{"type":"LineString","coordinates":[[-106.68072,39.49596],[-106.6802,39.49513],[-106.68022,39.49494],[-106.68059,39.49465],[-106.68105,39.49415],[-106.68142,39.49406],[-106.68182,39.49385],[-106.68378,39.49251],[-106.68532,39.49134],[-106.68574,39.49082],[-106.68633,39.49041],[-106.68648,39.49023],[-106.68647,39.48999],[-106.68637,39.48972],[-106.68665,39.48904],[-106.68658,39.48883],[-106.68647,39.48882],[-106.6862,39.489],[-106.68533,39.48926],[-106.68494,39.48927],[-106.6847,39.4892],[-106.68457,39.48905],[-106.68423,39.48886],[-106.68379,39.48878],[-106.68362,39.48859],[-106.68363,39.48851],[-106.68377,39.48841],[-106.68458,39.4881],[-106.685,39.48745],[-106.68584,39.48724],[-106.686,39.48715],[-106.68603,39.48703],[-106.68591,39.48694],[-106.68531,39.48683],[-106.68436,39.48679],[-106.6838,39.48657],[-106.68373,39.48644],[-106.68382,39.48617],[-106.68424,39.48566],[-106.68456,39.48538],[-106.68459,39.48527],[-106.68451,39.48516],[-106.6842,39.48511],[-106.68281,39.48535],[-106.68266,39.48527],[-106.68267,39.48516],[-106.68316,39.48496],[-106.68407,39.48432],[-106.68479,39.48399],[-106.68519,39.48391],[-106.68647,39.48411],[-106.6868,39.48427],[-106.68698,39.48447],[-106.68709,39.48471],[-106.6872,39.48475],[-106.68839,39.48456],[-106.689,39.48463],[-106.68949,39.48461],[-106.69036,39.48447],[-106.69108,39.48415],[-106.69187,39.48364],[-106.69324,39.4834],[-106.69409,39.48307],[-106.69453,39.48275],[-106.69511,39.48208],[-106.69524,39.48217],[-106.6954,39.48289],[-106.69534,39.48346],[-106.69536,39.48354],[-106.6955,39.48361],[-106.6959,39.48353],[-106.6968,39.48308],[-106.69712,39.483],[-106.69751,39.48301],[-106.698,39.4832],[-106.69872,39.48318],[-106.69882,39.48309],[-106.69861,39.48234],[-106.69844,39.48199],[-106.6985,39.48179],[-106.69893,39.48177],[-106.69948,39.48199],[-106.69982,39.48204],[-106.70096,39.48184],[-106.70117,39.48176],[-106.70149,39.4815],[-106.70177,39.48112],[-106.70175,39.48101],[-106.70164,39.48095],[-106.70077,39.48106],[-106.69965,39.48079],[-106.69951,39.48065],[-106.69959,39.48054],[-106.69983,39.48043],[-106.70015,39.48003],[-106.70051,39.47972],[-106.70062,39.47945],[-106.70063,39.47871],[-106.70069,39.47856],[-106.70223,39.47692],[-106.70252,39.47655],[-106.7025,39.47644],[-106.70192,39.47657],[-106.69989,39.47666],[-106.69935,39.47656],[-106.69879,39.47659],[-106.69775,39.4764],[-106.69767,39.47626],[-106.69786,39.47598],[-106.69764,39.47587],[-106.69723,39.47587],[-106.69688,39.47604],[-106.69644,39.47611],[-106.69528,39.47619],[-106.69453,39.47611],[-106.69418,39.47597],[-106.69412,39.4758],[-106.69473,39.47564],[-106.6949,39.47551],[-106.69523,39.47496],[-106.6952,39.47476],[-106.69435,39.4743],[-106.69376,39.47381],[-106.69321,39.47327],[-106.69293,39.47259],[-106.69279,39.47264],[-106.69273,39.47283],[-106.69227,39.47324],[-106.69187,39.47341],[-106.69104,39.47329],[-106.69067,39.47311],[-106.69073,39.47302],[-106.69125,39.47283],[-106.69158,39.47234],[-106.69183,39.47213],[-106.69348,39.47135],[-106.69443,39.47103],[-106.69611,39.47075],[-106.69658,39.47061],[-106.69726,39.47028],[-106.69767,39.46984],[-106.69791,39.46934],[-106.69816,39.4677],[-106.69798,39.46732],[-106.6979,39.46697],[-106.6985,39.46647],[-106.69854,39.46632],[-106.69843,39.46608],[-106.69846,39.46597]]}},{"type":"Feature","properties":{"name":"MILLER","id":"522.2","oper_maint_level":"2 - HIGH CLEARANCE VEHICLES","surface_type":"NAT - NATIVE MATERIAL"},"geometry":{"type":"LineString","coordinates":[[-106.72809,39.33505],[-106.728,39.33464],[-106.72813,39.33426],[-106.72848,39.33404],[-106.72886,39.33391],[-106.72938,39.33354],[-106.72925,39.33285],[-106.72934,39.33271],[-106.72936,39.33235],[-106.72948,39.33212],[-106.72964,39.33202],[-106.73002,39.33111],[-106.73024,39.32967],[-106.73043,39.3294],[-106.73035,39.32899],[-106.73036,39.32871],[-106.73017,39.32849],[-106.73025,39.32837],[-106.73061,39.32814]]}},{"type":"Feature","properties":{"name":"SOUTH FORK FRYINGPAN","id":"504.1","oper_maint_level":"2 - HIGH CLEARANCE VEHICLES","surface_type":"AGG - CRUSHED AGGREGATE OR GRAVEL"},"geometry":{"type":"LineString","coordinates":[[-106.66031,39.32968],[-106.66073,39.32977],[-106.66102,39.32972],[-106.66189,39.32943],[-106.66204,39.32922],[-106.66217,39.32865],[-106.66217,39.32811],[-106.66136,39.32612],[-106.66144,39.32604],[-106.66153,39.32605],[-106.66196,39.32647],[-106.66233,39.32673],[-106.66251,39.32697],[-106.66258,39.32731],[-106.66268,39.32743],[-106.66364,39.32822],[-106.66468,39.32928],[-106.66542,39.33044],[-106.66553,39.33048],[-106.66559,39.33041],[-106.66536,39.32999],[-106.66519,39.32923],[-106.66476,39.32829],[-106.66462,39.32802],[-106.66427,39.32768],[-106.66417,39.32734],[-106.66393,39.32696],[-106.66389,39.32635],[-106.66354,39.32555],[-106.66352,39.32446],[-106.66362,39.32404],[-106.66339,39.32343],[-106.66332,39.32302],[-106.66269,39.32207],[-106.66255,39.3213],[-106.6624,39.32096],[-106.66205,39.32069],[-106.66182,39.32036],[-106.66183,39.3199],[-106.66243,39.31929],[-106.66251,39.31903],[-106.66252,39.31857],[-106.66236,39.31787],[-106.66197,39.31746],[-106.66123,39.31708],[-106.65997,39.31597],[-106.6592,39.31488],[-106.65869,39.31399],[-106.65855,39.31363],[-106.65845,39.3132],[-106.65858,39.31279],[-106.65882,39.3125],[-106.65936,39.31205],[-106.65948,39.31185],[-106.65953,39.31156],[-106.65932,39.31112],[-106.65857,39.31027],[-106.65831,39.3101],[-106.65773,39.30989],[-106.65674,39.30975],[-106.65489,39.30899],[-106.65445,39.30856],[-106.65335,39.30794],[-106.65305,39.30765],[-106.65288,39.30724],[-106.65289,39.30665],[-106.65264,39.30635],[-106.65218,39.30614],[-106.65178,39.30572],[-106.65092,39.30548],[-106.65076,39.30534],[-106.65043,39.30471],[-106.65015,39.30371],[-106.64995,39.30333],[-106.64998,39.30322],[-106.65018,39.30307],[-106.6508,39.30277],[-106.65088,39.30259],[-106.65078,39.30235],[-106.65047,39.30192],[-106.65029,39.30124],[-106.6501,39.30099],[-106.64902,39.30026],[-106.64867,39.30009],[-106.64819,39.29997],[-106.64732,39.29946],[-106.64669,39.2995],[-106.64614,39.29935],[-106.64577,39.29937],[-106.64471,39.29997],[-106.64436,39.29992],[-106.64374,39.29944],[-106.64213,39.29767],[-106.64143,39.29651],[-106.6408,39.29605],[-106.63995,39.29499],[-106.63959,39.29478],[-106.63885,39.29466],[-106.63868,39.29468],[-106.63863,39.29475],[-106.63875,39.29503]]}},{"type":"Feature","properties":{"name":"MEREDITH","id":"521.1","oper_maint_level":"2 - HIGH CLEARANCE VEHICLES","surface_type":"NAT - NATIVE MATERIAL"},"geometry":{"type":"LineString","coordinates":[[-106.74054,39.35509],[-106.73973,39.35501],[-106.73827,39.3557],[-106.73819,39.35568],[-106.73805,39.35525],[-106.73798,39.35467],[-106.73779,39.35452],[-106.73735,39.35437],[-106.73703,39.35372],[-106.73709,39.35271],[-106.73626,39.35165],[-106.73587,39.35125],[-106.73554,39.3506],[-106.73557,39.35044],[-106.73552,39.35025],[-106.7352,39.34973],[-106.73408,39.34855],[-106.73299,39.34793],[-106.73213,39.34732],[-106.7314,39.3469],[-106.73093,39.3464],[-106.73024,39.34512],[-106.73006,39.34463],[-106.72984,39.34432],[-106.72974,39.34403],[-106.72973,39.34357],[-106.72988,39.34308],[-106.73008,39.34288],[-106.7306,39.34206],[-106.73123,39.34167],[-106.73164,39.34134],[-106.73194,39.34093],[-106.73196,39.34045],[-106.7319,39.33983],[-106.73197,39.33938],[-106.73236,39.33882],[-106.7325,39.33836],[-106.73243,39.33817],[-106.73193,39.3377],[-106.73164,39.33733],[-106.73149,39.33725],[-106.73108,39.33664],[-106.73076,39.33652],[-106.73049,39.33613],[-106.7301,39.33586],[-106.73001,39.33554],[-106.72949,39.33546],[-106.72827,39.33508],[-106.72741,39.33494],[-106.72715,39.33504],[-106.72677,39.33543],[-106.72651,39.33557],[-106.72582,39.33562],[-106.72537,39.33542],[-106.72503,39.33502],[-106.72454,39.33417],[-106.72461,39.3333],[-106.72477,39.33316],[-106.72488,39.33262],[-106.72478,39.33244],[-106.72449,39.33235],[-106.72444,39.33249],[-106.72418,39.33276],[-106.7241,39.33315],[-106.72411,39.33401],[-106.72448,39.3352],[-106.72442,39.33578],[-106.72417,39.33673],[-106.724,39.33711],[-106.72366,39.33752],[-106.72335,39.33816],[-106.72335,39.33831],[-106.7235,39.33863],[-106.72391,39.33885],[-106.72399,39.33896],[-106.72392,39.33948],[-106.72376,39.33992],[-106.72371,39.34063],[-106.72356,39.3415],[-106.72346,39.34151],[-106.72301,39.34104],[-106.72273,39.34088],[-106.72227,39.34084],[-106.72211,39.34077],[-106.72159,39.34026],[-106.72072,39.33972],[-106.72065,39.33974],[-106.72061,39.33985],[-106.72072,39.34013],[-106.72069,39.34022],[-106.72036,39.34032],[-106.72022,39.3403]]}},{"type":"Feature","properties":{"name":"POWERLINE-DIEMER","id":"502.1B","oper_maint_level":"2 - HIGH CLEARANCE VEHICLES","surface_type":"NAT - NATIVE MATERIAL"},"geometry":{"type":"LineString","coordinates":[[-106.60816,39.33545],[-106.60757,39.33559],[-106.60686,39.33594],[-106.60584,39.33595],[-106.60521,39.33607],[-106.60428,39.33665],[-106.603,39.33728],[-106.60235,39.3374],[-106.60205,39.33727],[-106.60152,39.33725],[-106.60121,39.33716],[-106.60037,39.33675],[-106.60029,39.33665],[-106.60025,39.33655],[-106.60034,39.33627],[-106.60076,39.33554],[-106.60079,39.33538],[-106.60073,39.33518],[-106.60056,39.33495],[-106.60043,39.33496],[-106.60034,39.33522],[-106.60018,39.33537],[-106.59982,39.33553],[-106.59826,39.33602],[-106.59803,39.33612],[-106.59764,39.33643],[-106.59735,39.33588],[-106.59734,39.33568],[-106.59786,39.33505],[-106.59794,39.33479],[-106.59729,39.33377],[-106.59703,39.33313],[-106.59686,39.3325],[-106.5971,39.33204]]}},{"type":"Feature","properties":{"name":"HAT CREEK","id":"416.1","oper_maint_level":"2 - HIGH CLEARANCE VEHICLES","surface_type":"NAT - NATIVE MATERIAL"},"geometry":{"type":"LineString","coordinates":[[-106.67788,39.50485],[-106.67861,39.50351],[-106.67862,39.50311],[-106.67855,39.50276],[-106.67827,39.50234],[-106.67728,39.50147],[-106.67696,39.50129],[-106.67635,39.50114],[-106.67613,39.50102],[-106.67608,39.50087],[-106.67617,39.50075],[-106.67725,39.50087],[-106.67855,39.50128],[-106.67973,39.50153],[-106.68023,39.50157],[-106.68091,39.50175],[-106.68167,39.50203],[-106.68363,39.50306],[-106.68381,39.50304],[-106.68389,39.50293],[-106.68381,39.50272],[-106.68299,39.50238],[-106.68284,39.50216],[-106.68288,39.50208],[-106.68308,39.50204],[-106.68369,39.50226],[-106.68473,39.50301],[-106.6854,39.50421],[-106.68576,39.50466],[-106.6859,39.50479],[-106.68681,39.50529],[-106.68695,39.50544],[-106.68807,39.50732],[-106.68827,39.50737],[-106.68843,39.50731],[-106.68854,39.50717],[-106.68864,39.50684],[-106.68871,39.50572],[-106.68859,39.50528],[-106.68836,39.50485],[-106.68673,39.50245],[-106.68566,39.50128],[-106.68452,39.49931],[-106.68429,39.49903],[-106.68254,39.49765],[-106.68071,39.49595],[-106.68047,39.49584],[-106.68001,39.49546],[-106.67886,39.49443],[-106.67861,39.49409],[-106.67823,39.49376],[-106.67805,39.49373],[-106.6779,39.49383],[-106.67823,39.49524],[-106.67818,39.49535],[-106.67806,39.49537],[-106.67779,39.49502],[-106.67753,39.49484],[-106.67723,39.49472],[-106.67591,39.4944],[-106.67521,39.49409],[-106.67477,39.49383],[-106.67418,39.4933],[-106.67415,39.49299],[-106.67422,39.49283],[-106.67457,39.49249],[-106.67493,39.49197],[-106.67564,39.49146],[-106.67604,39.49099],[-106.6765,39.49009],[-106.6766,39.48935],[-106.67642,39.48858],[-106.67599,39.48809],[-106.6756,39.48783],[-106.67493,39.48764],[-106.67422,39.48732],[-106.67405,39.48722],[-106.674,39.4871],[-106.67408,39.48703],[-106.67476,39.48687],[-106.67515,39.48663],[-106.67596,39.48657],[-106.67616,39.48646],[-106.67654,39.4858],[-106.67702,39.48401],[-106.67721,39.48364],[-106.67716,39.48355],[-106.67705,39.48355],[-106.67675,39.48393],[-106.67581,39.4848],[-106.67533,39.48519],[-106.6751,39.48526],[-106.67501,39.48522],[-106.67537,39.4847],[-106.67573,39.4836],[-106.67586,39.48288],[-106.6758,39.48271],[-106.67541,39.48243],[-106.67539,39.48215],[-106.67559,39.48145],[-106.67556,39.48123],[-106.67544,39.48115],[-106.67533,39.48123],[-106.67525,39.4816],[-106.67417,39.48288],[-106.67337,39.48359],[-106.67317,39.48358],[-106.6732,39.48341],[-106.67356,39.48279],[-106.67385,39.48174],[-106.67383,39.48153],[-106.67356,39.48082],[-106.67349,39.47979],[-106.67371,39.47838],[-106.67391,39.47765],[-106.67411,39.47731],[-106.67422,39.47722],[-106.67535,39.47707],[-106.67572,39.47695],[-106.67619,39.47632],[-106.67639,39.47588],[-106.67645,39.47453],[-106.67626,39.47377],[-106.67599,39.47313],[-106.67555,39.47254],[-106.67482,39.47202],[-106.67357,39.47154],[-106.67262,39.4711],[-106.67169,39.47058],[-106.67073,39.46994],[-106.66994,39.46974],[-106.66594,39.46957],[-106.66425,39.46976],[-106.66225,39.4701],[-106.66067,39.47024],[-106.65901,39.46998],[-106.65842,39.46995],[-106.65798,39.46981],[-106.65741,39.46991],[-106.6572,39.46983],[-106.65688,39.46946],[-106.65669,39.4694],[-106.65591,39.46948],[-106.65515,39.46984],[-106.65499,39.46983],[-106.65479,39.46969],[-106.65481,39.46939],[-106.65516,39.46913],[-106.65569,39.469],[-106.65614,39.46869],[-106.65635,39.46834],[-106.65632,39.46767],[-106.65651,39.46706],[-106.6568,39.46675],[-106.65739,39.46646],[-106.65741,39.46637],[-106.65728,39.46632],[-106.65655,39.46637],[-106.65619,39.46625],[-106.65602,39.46627],[-106.65579,39.4664],[-106.65539,39.46683],[-106.65504,39.46698],[-106.65481,39.46756],[-106.65468,39.4677],[-106.65365,39.46764],[-106.65326,39.46686],[-106.65264,39.4665],[-106.65275,39.4664],[-106.65305,39.46647],[-106.65364,39.46644],[-106.65383,39.46613],[-106.65382,39.4658],[-106.65364,39.46561],[-106.65317,39.46529],[-106.65287,39.46489],[-106.65286,39.46449],[-106.65312,39.46433],[-106.65323,39.46418],[-106.65314,39.46411],[-106.65237,39.46416],[-106.65208,39.46407],[-106.65205,39.46399],[-106.65256,39.46346],[-106.65262,39.46323],[-106.65284,39.46296],[-106.65322,39.4628],[-106.65334,39.46224],[-106.65408,39.46144],[-106.65466,39.46045],[-106.65496,39.46021],[-106.6553,39.46004],[-106.65552,39.46003],[-106.65607,39.4602],[-106.65705,39.46072],[-106.65785,39.46096],[-106.65809,39.46097],[-106.65903,39.46085],[-106.65958,39.46067],[-106.65972,39.46051],[-106.6598,39.46012],[-106.66029,39.45998],[-106.66167,39.45988],[-106.66207,39.45997],[-106.66312,39.46006],[-106.66355,39.46024],[-106.66383,39.46026],[-106.66472,39.45995],[-106.66719,39.46005],[-106.66778,39.45999],[-106.6688,39.45971],[-106.66883,39.4596],[-106.66877,39.45953],[-106.66778,39.45972],[-106.66643,39.45946],[-106.66599,39.45927],[-106.66551,39.45878],[-106.66505,39.45857],[-106.66473,39.45862],[-106.66422,39.45897],[-106.66398,39.45898],[-106.66288,39.45834],[-106.66273,39.45812],[-106.66267,39.45778],[-106.66252,39.45762],[-106.66224,39.45762],[-106.6616,39.458],[-106.66139,39.45799],[-106.66072,39.45716],[-106.66019,39.45693],[-106.65925,39.4567],[-106.65871,39.45622],[-106.65871,39.45605],[-106.6589,39.45592],[-106.65976,39.45604],[-106.66077,39.45599],[-106.66106,39.45591],[-106.66123,39.45579],[-106.66154,39.45531],[-106.66242,39.45458],[-106.66277,39.45439],[-106.66301,39.45437],[-106.66369,39.45459],[-106.6642,39.45463],[-106.66453,39.45451],[-106.66487,39.45412],[-106.6651,39.45396],[-106.66604,39.45386],[-106.66705,39.45364],[-106.66778,39.45365],[-106.66879,39.4538],[-106.66971,39.45382],[-106.67014,39.45393],[-106.67078,39.45392],[-106.67119,39.45406],[-106.67187,39.45448],[-106.6733,39.45493],[-106.6755,39.455],[-106.67619,39.4552],[-106.67795,39.45586],[-106.67877,39.45606],[-106.67924,39.45608],[-106.68067,39.45561],[-106.68263,39.45457],[-106.68374,39.45415],[-106.68582,39.45304],[-106.68622,39.45267],[-106.6866,39.45204],[-106.68657,39.45171],[-106.68637,39.45118],[-106.68579,39.45044],[-106.68536,39.45007],[-106.68429,39.44889],[-106.68366,39.44833],[-106.683,39.44738],[-106.68279,39.44729],[-106.68227,39.44729],[-106.68209,39.44718],[-106.68198,39.4467],[-106.68207,39.44629],[-106.68202,39.4461],[-106.68177,39.44553],[-106.68155,39.44526],[-106.68119,39.4445],[-106.68128,39.44431],[-106.68148,39.44425],[-106.68212,39.44459],[-106.68314,39.44488],[-106.68385,39.44496],[-106.68549,39.44499],[-106.68715,39.44537],[-106.68741,39.44551],[-106.68756,39.44575],[-106.68801,39.44612],[-106.68862,39.44634],[-106.68894,39.44634],[-106.68895,39.44614],[-106.68815,39.44548],[-106.68698,39.44402],[-106.6863,39.44293],[-106.68545,39.44195],[-106.68533,39.44168],[-106.6855,39.44152]]}},{"type":"Feature","properties":{"name":"LEEMAN GULCH","id":"417.1","oper_maint_level":"2 - HIGH CLEARANCE VEHICLES","surface_type":"NAT - NATIVE MATERIAL"},"geometry":{"type":"LineString","coordinates":[[-106.73683,39.46567],[-106.73687,39.46547],[-106.73675,39.4654],[-106.73587,39.46578],[-106.73527,39.46591],[-106.73478,39.46593],[-106.7346,39.46587],[-106.73389,39.46525],[-106.73383,39.46503],[-106.73385,39.46437],[-106.73397,39.46428],[-106.73411,39.4643],[-106.73465,39.46487],[-106.73503,39.46506],[-106.73533,39.46505],[-106.73646,39.46466],[-106.73737,39.46407],[-106.73762,39.4637],[-106.73826,39.46321]]}},{"type":"Feature","properties":{"name":"TWIN MEADOWS","id":"504.1D","oper_maint_level":"2 - HIGH CLEARANCE VEHICLES","surface_type":"NAT - NATIVE MATERIAL"},"geometry":{"type":"LineString","coordinates":[[-106.65087,39.30269],[-106.65285,39.30311],[-106.65308,39.30307],[-106.65315,39.30298],[-106.65316,39.30272],[-106.65301,39.3022],[-106.65296,39.30173],[-106.65242,39.30061],[-106.65217,39.3003],[-106.65215,39.30014],[-106.65223,39.29965],[-106.65196,39.29928],[-106.65208,39.29915],[-106.65231,39.29918],[-106.65237,39.29926],[-106.65223,39.29965]]}},{"type":"Feature","properties":{"name":"CHAPMAN CREEK","id":"504.1E","oper_maint_level":"2 - HIGH CLEARANCE VEHICLES","surface_type":"AGG - CRUSHED AGGREGATE OR GRAVEL"},"geometry":{"type":"LineString","coordinates":[[-106.63865,39.29472],[-106.63845,39.29457],[-106.63822,39.29422],[-106.63805,39.29355],[-106.63688,39.29199],[-106.63668,39.29164],[-106.63638,39.29094],[-106.63616,39.29001],[-106.63568,39.28858],[-106.63576,39.28619],[-106.63631,39.28504],[-106.63629,39.2848],[-106.63614,39.28445],[-106.63613,39.2838],[-106.6371,39.28086],[-106.63785,39.27977],[-106.63811,39.27849],[-106.63807,39.27769],[-106.63761,39.27617],[-106.63699,39.27512],[-106.63682,39.2747],[-106.63673,39.27399],[-106.63625,39.27269],[-106.63595,39.27221],[-106.63541,39.2716],[-106.63525,39.27062],[-106.63469,39.26977],[-106.63438,39.26945],[-106.6341,39.26892],[-106.63402,39.2682],[-106.63407,39.26707],[-106.63376,39.26591],[-106.63344,39.26546],[-106.63242,39.26468],[-106.63143,39.26405],[-106.63083,39.26351],[-106.63081,39.26337],[-106.63095,39.26302],[-106.63112,39.26226],[-106.63161,39.26215],[-106.63202,39.26213],[-106.63284,39.26237],[-106.63309,39.26251],[-106.63383,39.26304],[-106.63456,39.2637],[-106.63611,39.26532],[-106.63658,39.26564],[-106.6373,39.266],[-106.63773,39.26617],[-106.63826,39.26627],[-106.63873,39.26618],[-106.63909,39.26604]]}},{"type":"Feature","properties":{"name":"LENADO","id":"103.2","oper_maint_level":"3 - SUITABLE FOR PASSENGER CARS","surface_type":"AGG - CRUSHED AGGREGATE OR GRAVEL"},"geometry":{"type":"LineString","coordinates":[[-106.76022,39.26805],[-106.75984,39.26822],[-106.75959,39.26825],[-106.75872,39.26814],[-106.75804,39.26794],[-106.75655,39.26734],[-106.75593,39.26703],[-106.75535,39.26739],[-106.75443,39.2677],[-106.75414,39.26767],[-106.75341,39.26743],[-106.75313,39.26746],[-106.75209,39.26777],[-106.75162,39.26775],[-106.75118,39.26785],[-106.75019,39.26759],[-106.75013,39.26746],[-106.75038,39.26711],[-106.75083,39.26611],[-106.75081,39.26589],[-106.75054,39.26508],[-106.75085,39.26443],[-106.75095,39.2638],[-106.75069,39.26302],[-106.75014,39.26254],[-106.75005,39.26213],[-106.7498,39.26185],[-106.74945,39.26165],[-106.74829,39.26118],[-106.748,39.26117],[-106.74728,39.26132],[-106.74675,39.26125],[-106.74541,39.2606],[-106.745,39.26072],[-106.74382,39.26079],[-106.74325,39.2606],[-106.74298,39.26059],[-106.74262,39.2608],[-106.74219,39.26081],[-106.74193,39.26104],[-106.74173,39.26106],[-106.74161,39.26094],[-106.74163,39.26046],[-106.74158,39.26038],[-106.74136,39.26035],[-106.74068,39.2605],[-106.74055,39.26046],[-106.7405,39.26036],[-106.74163,39.25907],[-106.7419,39.25846],[-106.74191,39.25818],[-106.74183,39.258],[-106.74167,39.25795],[-106.74102,39.25799],[-106.74076,39.25791],[-106.74061,39.25781],[-106.74039,39.25732],[-106.74005,39.25715],[-106.73992,39.25714],[-106.73973,39.25725],[-106.73946,39.25769],[-106.73911,39.25775],[-106.7382,39.25741],[-106.73768,39.25753],[-106.73719,39.25751],[-106.73616,39.25695],[-106.73582,39.25694],[-106.73567,39.25699],[-106.73532,39.25739],[-106.73499,39.25752],[-106.73428,39.25764],[-106.73384,39.25778],[-106.73347,39.25778],[-106.73224,39.25761],[-106.73193,39.25765],[-106.73017,39.25812],[-106.72958,39.25837],[-106.72857,39.25866],[-106.72833,39.25885],[-106.72819,39.2591],[-106.72831,39.25963],[-106.72817,39.25971],[-106.72757,39.2597],[-106.72681,39.25952],[-106.72639,39.25965],[-106.7262,39.25989],[-106.72581,39.26022],[-106.72576,39.26041],[-106.72555,39.26066],[-106.72514,39.26086],[-106.72442,39.261],[-106.72426,39.26118],[-106.72419,39.26155],[-106.72366,39.26187],[-106.72369,39.26274],[-106.72355,39.26325],[-106.72327,39.26364],[-106.72258,39.26433],[-106.72174,39.26456],[-106.72164,39.26464],[-106.72147,39.2651],[-106.72099,39.26552],[-106.72088,39.26556],[-106.72022,39.26553],[-106.72015,39.26558],[-106.72022,39.26586],[-106.72068,39.26658],[-106.72143,39.26815],[-106.72186,39.2684],[-106.7225,39.26908],[-106.7224,39.26922],[-106.7219,39.26934],[-106.72152,39.26952],[-106.72138,39.26968],[-106.72137,39.26979],[-106.7215,39.26982],[-106.72186,39.26972],[-106.72206,39.26973],[-106.7225,39.27009],[-106.7226,39.27036],[-106.72255,39.2707],[-106.72295,39.2709],[-106.72306,39.27104],[-106.72311,39.27148],[-106.72346,39.27221],[-106.72358,39.27237],[-106.72381,39.27249]]}},{"type":"Feature","properties":{"name":"SOUTH FORK FRYINGPAN","id":"504.1","oper_maint_level":"2 - HIGH CLEARANCE VEHICLES","surface_type":"NAT - NATIVE MATERIAL"},"geometry":{"type":"LineString","coordinates":[[-106.63875,39.29503],[-106.63932,39.29613],[-106.63934,39.29662],[-106.6392,39.29725],[-106.63887,39.29783],[-106.63858,39.29876],[-106.63751,39.29977],[-106.63698,39.2999],[-106.63528,39.29933],[-106.63438,39.29911],[-106.63411,39.29891],[-106.63384,39.2981],[-106.63334,39.29775],[-106.63256,39.29742],[-106.6322,39.29743],[-106.6307,39.29791],[-106.63049,39.29785],[-106.63004,39.29755],[-106.62966,39.2974],[-106.62852,39.29731],[-106.62823,39.29697],[-106.62739,39.29645],[-106.62633,39.2961],[-106.62585,39.29612],[-106.62572,39.29618],[-106.62538,39.29667],[-106.62517,39.29677],[-106.62393,39.29666],[-106.62354,39.29669],[-106.62316,39.29661],[-106.62265,39.29637],[-106.62188,39.29613],[-106.62079,39.29543],[-106.62017,39.29516],[-106.61968,39.29471],[-106.61956,39.2947],[-106.61928,39.29494],[-106.61901,39.29489],[-106.61871,39.29465],[-106.61764,39.29336],[-106.61702,39.29317],[-106.61696,39.29281],[-106.61726,39.29224],[-106.61719,39.29102],[-106.61696,39.28986],[-106.61672,39.28938],[-106.61673,39.28864],[-106.61651,39.28773],[-106.6158,39.28722],[-106.6152,39.28693],[-106.61491,39.28654],[-106.6144,39.28613],[-106.61421,39.28589],[-106.61406,39.28556],[-106.61415,39.28457],[-106.6139,39.28399],[-106.61404,39.28334],[-106.61389,39.28296],[-106.61388,39.28269],[-106.61397,39.28251],[-106.61475,39.28217],[-106.61498,39.28198],[-106.61499,39.28179],[-106.61477,39.28133],[-106.61481,39.28073],[-106.61368,39.27919],[-106.61343,39.27862],[-106.61266,39.27802],[-106.61252,39.27775],[-106.6122,39.2774],[-106.612,39.27697],[-106.61159,39.27662],[-106.61088,39.27624],[-106.61011,39.27566],[-106.60937,39.2741],[-106.60878,39.27346],[-106.60877,39.27298],[-106.60846,39.27281],[-106.60771,39.27269],[-106.60748,39.27253],[-106.60737,39.27232],[-106.60734,39.27211],[-106.60712,39.27174],[-106.60688,39.27148],[-106.60653,39.27133],[-106.60618,39.27097],[-106.60601,39.27043],[-106.60578,39.27002],[-106.60461,39.26898],[-106.60416,39.26871],[-106.60401,39.26825],[-106.60347,39.26759],[-106.60335,39.26708],[-106.60298,39.26654],[-106.60264,39.26629],[-106.60099,39.2658],[-106.60082,39.26568],[-106.60066,39.26548],[-106.60032,39.26477],[-106.59981,39.26432],[-106.59959,39.26361],[-106.59965,39.26331],[-106.5999,39.26274],[-106.59997,39.26232],[-106.59995,39.26185],[-106.59953,39.26096],[-106.59918,39.26046],[-106.59896,39.25987],[-106.5989,39.25942],[-106.59858,39.25842],[-106.59804,39.25746],[-106.59765,39.25654],[-106.59694,39.25584],[-106.59635,39.25554],[-106.59616,39.2549],[-106.59594,39.25453],[-106.59581,39.25396],[-106.59566,39.25377],[-106.59535,39.25361],[-106.59524,39.25346],[-106.59506,39.2526],[-106.59508,39.25223],[-106.59496,39.25201],[-106.59488,39.25144],[-106.59493,39.25105],[-106.5945,39.25034],[-106.5944,39.24991],[-106.59433,39.24928],[-106.59446,39.24858],[-106.59445,39.24825],[-106.59433,39.24802],[-106.59371,39.2456],[-106.59377,39.24542],[-106.59406,39.24506],[-106.59421,39.24464],[-106.59446,39.24419],[-106.59449,39.24394],[-106.59442,39.24375],[-106.59414,39.24349],[-106.59403,39.24324],[-106.59396,39.24273],[-106.59395,39.24171],[-106.59356,39.24109],[-106.59336,39.24049],[-106.59297,39.23973],[-106.59281,39.23957],[-106.59235,39.23937],[-106.59181,39.23922],[-106.59134,39.23918],[-106.59085,39.23924],[-106.59036,39.23905],[-106.5901,39.23868],[-106.58992,39.23778],[-106.59008,39.23756],[-106.59026,39.23749]]}},{"type":"Feature","properties":{"name":"CHAPMAN SPUR A","id":"105.1A","oper_maint_level":"5 - HIGH DEGREE OF USER COMFORT","surface_type":"AGG - CRUSHED AGGREGATE OR GRAVEL"},"geometry":{"type":"LineString","coordinates":[[-106.64261,39.31825],[-106.64218,39.31802],[-106.64148,39.3173],[-106.64106,39.31701]]}},{"type":"Feature","properties":{"name":"MILLER","id":"522.1","oper_maint_level":"2 - HIGH CLEARANCE VEHICLES","surface_type":"NAT - NATIVE MATERIAL"},"geometry":{"type":"LineString","coordinates":[[-106.73838,39.36045],[-106.7381,39.36018],[-106.73805,39.36006],[-106.73817,39.35995],[-106.73862,39.35987],[-106.73874,39.35975],[-106.73882,39.35948],[-106.73874,39.35919],[-106.73843,39.35879],[-106.73803,39.35803],[-106.7381,39.3579],[-106.73844,39.35796]]}},{"type":"Feature","properties":{"name":"LIME CREEK CANYON EASTSIDE","id":"506.2L","oper_maint_level":"2 - HIGH CLEARANCE VEHICLES","surface_type":"NAT - NATIVE MATERIAL"},"geometry":{"type":"LineString","coordinates":[[-106.65177,39.41028],[-106.65178,39.41007],[-106.65199,39.40961],[-106.65201,39.40895],[-106.65223,39.40851],[-106.65323,39.4082],[-106.65423,39.40754]]}},{"type":"Feature","properties":{"name":"EAST BRUSH CREEK","id":"415.1","oper_maint_level":"3 - SUITABLE FOR PASSENGER CARS","surface_type":"NAT - NATIVE MATERIAL"},"geometry":{"type":"LineString","coordinates":[[-106.67749,39.5047],[-106.6764,39.50429],[-106.67444,39.50382],[-106.67297,39.5033],[-106.67217,39.50276],[-106.67195,39.50278],[-106.67147,39.50265],[-106.6705,39.50225],[-106.66973,39.5022],[-106.66945,39.5021],[-106.66917,39.50181],[-106.66862,39.50142],[-106.66869,39.50119],[-106.66827,39.50071],[-106.66819,39.50029],[-106.66811,39.50017],[-106.66623,39.49951],[-106.66607,39.49938],[-106.66592,39.49912],[-106.66559,39.49891],[-106.66428,39.4977],[-106.66372,39.49737],[-106.66335,39.49695],[-106.66281,39.49668],[-106.66272,39.49647],[-106.6623,39.49616],[-106.66207,39.49564],[-106.6617,39.49532],[-106.6616,39.49496],[-106.66135,39.49463],[-106.66114,39.49453],[-106.66077,39.49446],[-106.66045,39.49422],[-106.66046,39.4939],[-106.66011,39.49339],[-106.65958,39.49297],[-106.65946,39.49271],[-106.65944,39.49246],[-106.6593,39.49228],[-106.6589,39.4922],[-106.65817,39.49226],[-106.6575,39.4921],[-106.65739,39.49166],[-106.65743,39.49155],[-106.65766,39.49139],[-106.65811,39.49134],[-106.65823,39.4912],[-106.6583,39.49079],[-106.65828,39.49059],[-106.65816,39.49039]]}},{"type":"Feature","properties":{"name":"ROCKY FORK DU-NE FROM BRIDGE","id":"105.6B","oper_maint_level":"3 - SUITABLE FOR PASSENGER CARS","surface_type":"AGG - CRUSHED AGGREGATE OR GRAVEL"},"geometry":{"type":"LineString","coordinates":[[-106.83145,39.36308],[-106.83094,39.36276],[-106.83021,39.36278],[-106.82986,39.36292],[-106.82948,39.36323],[-106.82923,39.36376],[-106.82871,39.36425],[-106.82755,39.365],[-106.82579,39.36566],[-106.82487,39.36571],[-106.8243,39.3656],[-106.82401,39.36544],[-106.82284,39.36428],[-106.82219,39.36339],[-106.82131,39.36292],[-106.82161,39.36258],[-106.82107,39.36207]]}},{"type":"Feature","properties":{"name":"MIDDLE CUNNINGHAM","id":"538.1","oper_maint_level":"2 - HIGH CLEARANCE VEHICLES","surface_type":"NAT - NATIVE MATERIAL"},"geometry":{"type":"LineString","coordinates":[[-106.58986,39.34877],[-106.58872,39.3485],[-106.58811,39.34828],[-106.5874,39.34769],[-106.58685,39.34737],[-106.58679,39.34705],[-106.58691,39.34681],[-106.58728,39.3464],[-106.58812,39.34573],[-106.58826,39.34554],[-106.58862,39.34386],[-106.58887,39.34342],[-106.58933,39.34299],[-106.58999,39.34292],[-106.5905,39.34275],[-106.59098,39.34236],[-106.59105,39.34215],[-106.59022,39.34104],[-106.58963,39.33996],[-106.5896,39.33958],[-106.5895,39.33933],[-106.589,39.33867],[-106.58767,39.33782],[-106.58724,39.33734],[-106.58641,39.33676],[-106.58516,39.33543],[-106.58458,39.33491],[-106.58355,39.33421],[-106.58303,39.33396],[-106.58135,39.3335],[-106.58026,39.33379],[-106.57995,39.33381],[-106.57964,39.3337],[-106.57923,39.33333],[-106.5789,39.33332],[-106.57831,39.33352],[-106.57757,39.33405],[-106.57634,39.33431],[-106.57522,39.33474],[-106.57484,39.33466],[-106.57402,39.33473],[-106.5714,39.33522],[-106.57012,39.33569],[-106.56771,39.33592],[-106.56475,39.33548],[-106.56332,39.3351],[-106.56208,39.33447],[-106.55954,39.33429],[-106.55692,39.33391],[-106.55461,39.33394],[-106.55337,39.33352],[-106.55299,39.33354],[-106.55238,39.33371],[-106.55151,39.33415],[-106.55123,39.3342],[-106.54941,39.33432],[-106.54952,39.33403]]}},{"type":"Feature","properties":{"name":"FREEMAN ROAD","id":"536.1","oper_maint_level":"2 - HIGH CLEARANCE VEHICLES","surface_type":"NAT - NATIVE MATERIAL"},"geometry":{"type":"LineString","coordinates":[[-106.77541,39.36323],[-106.77526,39.36357],[-106.77525,39.36506],[-106.77495,39.36582],[-106.77487,39.36662],[-106.7747,39.36696],[-106.7744,39.36726],[-106.77462,39.36785],[-106.77457,39.36807],[-106.77405,39.36843],[-106.77317,39.3694],[-106.77304,39.36994],[-106.77274,39.37032],[-106.77247,39.37111],[-106.77248,39.37127],[-106.77261,39.37147],[-106.77258,39.37273],[-106.77217,39.37396],[-106.77203,39.37419],[-106.77128,39.37503],[-106.77106,39.37585],[-106.77043,39.37675],[-106.77036,39.37696]]}},{"type":"Feature","properties":{"name":"POWERLINE-CUNNINGHAM","id":"532.1","oper_maint_level":"2 - HIGH CLEARANCE VEHICLES","surface_type":"NAT - NATIVE MATERIAL"},"geometry":{"type":"LineString","coordinates":[[-106.59616,39.3313],[-106.5957,39.33122],[-106.59507,39.33085],[-106.59428,39.33062],[-106.59258,39.3299],[-106.59121,39.32956],[-106.58826,39.32921],[-106.58774,39.32901],[-106.58756,39.32909],[-106.58714,39.32911],[-106.58591,39.32886],[-106.58559,39.32891],[-106.58551,39.32909],[-106.58542,39.32915],[-106.58464,39.32918],[-106.58358,39.32885],[-106.58309,39.32886],[-106.58265,39.32869],[-106.58172,39.32859],[-106.58135,39.32844],[-106.5812,39.32845],[-106.58055,39.32877],[-106.57866,39.32885],[-106.57761,39.32899],[-106.57701,39.32911],[-106.57618,39.32943],[-106.57588,39.32949],[-106.57353,39.32958],[-106.57338,39.3295],[-106.5732,39.32916],[-106.57297,39.32902],[-106.57202,39.32895],[-106.57077,39.3287],[-106.56958,39.32879],[-106.56848,39.32848],[-106.56816,39.32826],[-106.56771,39.32781],[-106.56682,39.32707],[-106.5663,39.32678],[-106.56606,39.32672],[-106.56529,39.32679],[-106.56452,39.32715],[-106.56413,39.32726],[-106.56332,39.32723],[-106.56235,39.32733],[-106.56118,39.32691],[-106.55944,39.32651],[-106.55906,39.32637],[-106.55871,39.32595],[-106.55802,39.32569],[-106.55682,39.32559],[-106.55663,39.32549],[-106.55644,39.32523],[-106.55607,39.32511],[-106.55514,39.32485],[-106.55429,39.32472],[-106.55252,39.32423],[-106.55071,39.32363],[-106.54964,39.32337],[-106.54845,39.32272],[-106.54811,39.32245],[-106.54753,39.32229],[-106.54689,39.32198],[-106.54642,39.32155],[-106.5449,39.3207],[-106.54498,39.32008],[-106.54514,39.31973],[-106.5451,39.31948],[-106.54496,39.31928],[-106.54384,39.31852],[-106.54325,39.3176],[-106.54228,39.31695],[-106.54174,39.31641],[-106.5413,39.31617],[-106.54098,39.31613],[-106.54028,39.3167],[-106.54028,39.31727],[-106.54027,39.31734],[-106.54017,39.31735],[-106.53992,39.31715],[-106.5388,39.31661],[-106.53801,39.31598],[-106.5378,39.31537],[-106.53801,39.31478],[-106.53795,39.31412],[-106.53808,39.31384],[-106.53826,39.31376],[-106.53902,39.31387],[-106.53937,39.31385],[-106.53959,39.31377],[-106.53932,39.313],[-106.53937,39.31278],[-106.53913,39.31163],[-106.53901,39.31154],[-106.53817,39.31158],[-106.53781,39.31139],[-106.53776,39.31104],[-106.53791,39.31071],[-106.53788,39.31059],[-106.53768,39.31052],[-106.53765,39.31042],[-106.53772,39.31032],[-106.53808,39.3102],[-106.5381,39.31013],[-106.5371,39.30971],[-106.53704,39.30962],[-106.5376,39.30928],[-106.53716,39.30926],[-106.53648,39.3091],[-106.53552,39.30915],[-106.53532,39.30904],[-106.53523,39.30886],[-106.53524,39.30874],[-106.53542,39.30862],[-106.53668,39.3084],[-106.53707,39.30814],[-106.53718,39.30794],[-106.53717,39.30695],[-106.53741,39.30642],[-106.53745,39.30613],[-106.53768,39.30567],[-106.53762,39.3052],[-106.53713,39.30431],[-106.53689,39.30368],[-106.53701,39.30274],[-106.53696,39.3021],[-106.53688,39.30159],[-106.53654,39.30067],[-106.53648,39.30037],[-106.53625,39.29998],[-106.53616,39.2992],[-106.53627,39.2989],[-106.53616,39.29882],[-106.53559,39.29894],[-106.53519,39.29893],[-106.53521,39.29877],[-106.5354,39.29856],[-106.5354,39.29824],[-106.53538,39.29814],[-106.53519,39.29793],[-106.53341,39.29742],[-106.53316,39.29721],[-106.53246,39.29707],[-106.53193,39.29677],[-106.53158,39.29629],[-106.53077,39.29571],[-106.53039,39.29518],[-106.53001,39.29482],[-106.52991,39.29457],[-106.5295,39.29405],[-106.52878,39.29339],[-106.52856,39.29301],[-106.52823,39.29273],[-106.52779,39.2922],[-106.5279,39.29216]]}},{"type":"Feature","properties":{"name":"YECKEL","id":"526.1","oper_maint_level":"3 - SUITABLE FOR PASSENGER CARS","surface_type":"NAT - NATIVE MATERIAL"},"geometry":{"type":"LineString","coordinates":[[-106.76492,39.28154],[-106.76436,39.28164],[-106.76396,39.28154],[-106.76175,39.28012],[-106.76059,39.27952],[-106.75985,39.27899],[-106.75913,39.27834],[-106.75717,39.27706],[-106.75656,39.2768],[-106.75627,39.27654],[-106.75555,39.27613],[-106.75431,39.27572],[-106.75403,39.2758],[-106.75377,39.276],[-106.75344,39.27607],[-106.75337,39.27635],[-106.75309,39.27637],[-106.75281,39.27627],[-106.75227,39.27581],[-106.75207,39.27572],[-106.75136,39.27573],[-106.75099,39.27561],[-106.75069,39.27567],[-106.74912,39.27562],[-106.74871,39.27532],[-106.74813,39.27536],[-106.74781,39.27522],[-106.74752,39.27521],[-106.74722,39.27532],[-106.74684,39.27584],[-106.74634,39.27612],[-106.74627,39.27688],[-106.74613,39.27702],[-106.74581,39.27683],[-106.74551,39.27632],[-106.74496,39.27576],[-106.74405,39.27555],[-106.74354,39.27524],[-106.74279,39.27502],[-106.74198,39.27489],[-106.74016,39.27472],[-106.73912,39.27443],[-106.73853,39.27477],[-106.73792,39.27484],[-106.73683,39.27526],[-106.73637,39.27519],[-106.73605,39.27527],[-106.73545,39.27496],[-106.73453,39.27508],[-106.73369,39.27509],[-106.73313,39.2749],[-106.73249,39.27489],[-106.7316,39.27512],[-106.73121,39.27551],[-106.7308,39.27557],[-106.73036,39.2754],[-106.72997,39.27517],[-106.72893,39.27425],[-106.7283,39.27384],[-106.72755,39.27291],[-106.72675,39.27248],[-106.72639,39.27237],[-106.726,39.27236],[-106.72438,39.27248],[-106.72327,39.27248],[-106.72122,39.27294],[-106.71988,39.27381],[-106.71864,39.27418],[-106.7179,39.2748],[-106.71738,39.27512],[-106.71653,39.27538],[-106.71596,39.27531],[-106.7154,39.27533],[-106.71517,39.27546],[-106.71481,39.27584],[-106.71481,39.27593],[-106.71499,39.27623],[-106.71501,39.2765],[-106.71448,39.27744],[-106.71447,39.27778],[-106.71436,39.27809],[-106.71479,39.2786],[-106.7153,39.27891],[-106.71544,39.27908],[-106.71587,39.27927],[-106.71674,39.27936],[-106.71694,39.27946],[-106.71659,39.27948],[-106.7156,39.2797],[-106.71547,39.27975],[-106.71549,39.27982],[-106.71685,39.27997],[-106.7181,39.28031],[-106.71846,39.28052],[-106.71861,39.28077],[-106.71859,39.28127],[-106.71792,39.28193],[-106.71779,39.28191],[-106.71783,39.28163],[-106.7177,39.2813],[-106.71696,39.28116],[-106.71644,39.28124],[-106.71535,39.28155],[-106.71523,39.28187],[-106.71511,39.28197],[-106.71361,39.28204],[-106.71303,39.28184],[-106.7125,39.28185],[-106.71162,39.28176],[-106.71146,39.28165],[-106.71128,39.28162],[-106.71092,39.28189],[-106.71016,39.2822],[-106.70964,39.28231],[-106.70892,39.28267],[-106.70807,39.28291],[-106.70769,39.28292],[-106.70747,39.28302],[-106.70716,39.28304],[-106.70714,39.28311],[-106.70728,39.28324],[-106.70723,39.28328],[-106.70629,39.28348],[-106.70599,39.28342],[-106.70546,39.28346],[-106.70478,39.28423],[-106.70448,39.28434],[-106.70417,39.28462],[-106.70417,39.28483],[-106.70407,39.2849],[-106.70357,39.28508],[-106.70275,39.28526],[-106.70251,39.28544],[-106.70222,39.28554],[-106.7011,39.28579],[-106.70096,39.28591],[-106.70085,39.28612],[-106.70093,39.28628],[-106.70094,39.28655],[-106.70115,39.28668],[-106.70123,39.28682],[-106.70107,39.2872],[-106.70079,39.28725],[-106.70031,39.287],[-106.69955,39.28677],[-106.69931,39.28651],[-106.69928,39.28641],[-106.69937,39.28632]]}},{"type":"Feature","properties":{"name":"CHAPMAN DAY USE PARKING","id":"105.1P","oper_maint_level":"5 - HIGH DEGREE OF USER COMFORT","surface_type":"AGG - CRUSHED AGGREGATE OR GRAVEL"},"geometry":{"type":"LineString","coordinates":[[-106.64342,39.31091],[-106.64389,39.31097],[-106.64441,39.31128],[-106.64447,39.31142],[-106.64428,39.31163]]}},{"type":"Feature","properties":{"name":"RUEDI BOAT RAMP","id":"511.1A","oper_maint_level":"5 - HIGH DEGREE OF USER COMFORT","surface_type":"AC - ASPHALT"},"geometry":{"type":"LineString","coordinates":[[-106.81582,39.37568],[-106.81516,39.37424],[-106.81398,39.37244],[-106.81353,39.37161],[-106.8131,39.37114]]}},{"type":"Feature","properties":{"name":"LITTLE DEADMAN","id":"105.4S","oper_maint_level":"3 - SUITABLE FOR PASSENGER CARS","surface_type":"NAT - NATIVE MATERIAL"},"geometry":{"type":"LineString","coordinates":[[-106.69297,39.35329],[-106.69317,39.35316],[-106.69348,39.35333],[-106.69404,39.35341],[-106.69463,39.35365],[-106.69534,39.3542],[-106.69538,39.35443],[-106.69544,39.35447],[-106.69562,39.35429],[-106.69608,39.35409],[-106.69645,39.35408],[-106.69665,39.35381],[-106.6968,39.35378],[-106.69725,39.35389],[-106.69772,39.35381],[-106.6984,39.3541],[-106.69875,39.35411],[-106.69915,39.35397],[-106.69975,39.3536],[-106.69974,39.35325],[-106.69994,39.35288],[-106.70025,39.35273],[-106.70061,39.35277],[-106.70079,39.35267],[-106.7011,39.35261],[-106.70161,39.35234],[-106.70176,39.35213],[-106.70316,39.35128],[-106.70355,39.35065],[-106.7035,39.35033],[-106.70355,39.35024],[-106.70383,39.35015],[-106.704,39.34999],[-106.70529,39.34981],[-106.70604,39.34953],[-106.70665,39.34891],[-106.7072,39.34847],[-106.70733,39.34815],[-106.70747,39.348],[-106.70767,39.34788],[-106.70812,39.3478],[-106.70844,39.34766],[-106.70873,39.34744],[-106.70878,39.34718]]}},{"type":"Feature","properties":{"name":"ROCKY FORK DU-SE FROM BRIDGE","id":"105.6C","oper_maint_level":"3 - SUITABLE FOR PASSENGER CARS","surface_type":"NAT - NATIVE MATERIAL"},"geometry":{"type":"LineString","coordinates":[[-106.82986,39.36292],[-106.82954,39.36261],[-106.82875,39.36297],[-106.82848,39.36319],[-106.8279,39.36402],[-106.82759,39.36433],[-106.8264,39.36488],[-106.82597,39.36522],[-106.82583,39.36521],[-106.82542,39.36491],[-106.8244,39.36473],[-106.82382,39.36399],[-106.82276,39.36234],[-106.82225,39.36179],[-106.82112,39.36097],[-106.82066,39.36031],[-106.8201,39.35947],[-106.81992,39.35896],[-106.81964,39.35851],[-106.81955,39.35824],[-106.81957,39.35785],[-106.81908,39.35703],[-106.81898,39.3567],[-106.81902,39.35636],[-106.81914,39.35621],[-106.81929,39.35624],[-106.81934,39.35637],[-106.81927,39.35652],[-106.819,39.35663]]}},{"type":"Feature","properties":{"name":"DEARHAMMER CG","id":"522.1A","oper_maint_level":"2 - HIGH CLEARANCE VEHICLES","surface_type":"AGG - CRUSHED AGGREGATE OR GRAVEL"},"geometry":{"type":"LineString","coordinates":[[-106.73714,39.36104],[-106.73786,39.36101],[-106.73833,39.36091],[-106.73868,39.36095],[-106.73917,39.36115],[-106.73929,39.36112],[-106.73937,39.36098],[-106.73934,39.36092],[-106.73908,39.36082],[-106.73857,39.36074],[-106.73827,39.3608],[-106.73816,39.36092]]}},{"type":"Feature","properties":{"name":"HELL GATE","id":"105.3A","oper_maint_level":"3 - SUITABLE FOR PASSENGER CARS","surface_type":"AGG - CRUSHED AGGREGATE OR GRAVEL"},"geometry":{"type":"LineString","coordinates":[[-106.58727,39.29877],[-106.58683,39.29886],[-106.5866,39.29884],[-106.58592,39.2985],[-106.58528,39.29853],[-106.58487,39.29848],[-106.58395,39.29803],[-106.58311,39.29784],[-106.58272,39.29764],[-106.58198,39.29698],[-106.58175,39.29668],[-106.58181,39.29626],[-106.58224,39.29533],[-106.58225,39.2952],[-106.58215,39.29496],[-106.58185,39.29473],[-106.5817,39.29436],[-106.58153,39.2942],[-106.58095,39.29409],[-106.58061,39.29375],[-106.58004,39.29354],[-106.57957,39.29311],[-106.57921,39.29303],[-106.57753,39.29329],[-106.57649,39.29318],[-106.57547,39.29338],[-106.57433,39.29336],[-106.57376,39.29316],[-106.57305,39.29279],[-106.57298,39.29255],[-106.57315,39.29215],[-106.57315,39.29203],[-106.57301,39.29182],[-106.57265,39.29167],[-106.57221,39.2916],[-106.57176,39.29164],[-106.56972,39.29204],[-106.56913,39.29205],[-106.56865,39.29172],[-106.56809,39.29105],[-106.56725,39.29083],[-106.56574,39.29017],[-106.56489,39.28995],[-106.56419,39.28968],[-106.56381,39.28947],[-106.56303,39.28878],[-106.56142,39.28819],[-106.56101,39.28785],[-106.56065,39.28738],[-106.55964,39.28711],[-106.55922,39.28622]]}},{"type":"Feature","properties":{"name":"LITTLE MATTIE CAMPGROUND","id":"511.1D","oper_maint_level":"3 - SUITABLE FOR PASSENGER CARS","surface_type":"AGG - CRUSHED AGGREGATE OR GRAVEL"},"geometry":{"type":"LineString","coordinates":[[-106.80783,39.3754],[-106.80749,39.37564],[-106.80713,39.37634],[-106.80706,39.37669],[-106.80696,39.37685],[-106.8062,39.37756],[-106.8063,39.37827],[-106.8061,39.37836],[-106.80597,39.37827]]}},{"type":"Feature","properties":{"name":"MILLER","id":"522.1","oper_maint_level":"2 - HIGH CLEARANCE VEHICLES","surface_type":"NAT - NATIVE MATERIAL"},"geometry":{"type":"LineString","coordinates":[[-106.73659,39.36122],[-106.73722,39.36101],[-106.7383,39.36054],[-106.73838,39.36045]]}},{"type":"Feature","properties":{"name":"CHAPMAN LOOP E","id":"105.1E","oper_maint_level":"3 - SUITABLE FOR PASSENGER CARS","surface_type":"AGG - CRUSHED AGGREGATE OR GRAVEL"},"geometry":{"type":"LineString","coordinates":[[-106.64106,39.31551],[-106.64099,39.31514],[-106.64128,39.31501],[-106.64141,39.31483],[-106.64137,39.31462],[-106.64118,39.31445],[-106.64066,39.31458],[-106.64026,39.31481],[-106.63995,39.31508],[-106.63995,39.31532]]}},{"type":"Feature","properties":{"name":"BLACK BESS","id":"522.1B","oper_maint_level":"2 - HIGH CLEARANCE VEHICLES","surface_type":"NAT - NATIVE MATERIAL"},"geometry":{"type":"LineString","coordinates":[[-106.73838,39.36045],[-106.74005,39.36061],[-106.74053,39.36059],[-106.74226,39.35985],[-106.74291,39.35971],[-106.74377,39.35964],[-106.74398,39.35944],[-106.74415,39.35949],[-106.74414,39.35957],[-106.74405,39.35963],[-106.74377,39.35964]]}},{"type":"Feature","properties":{"name":"CHAPMAN CAMPGROUND","id":"105.1B","oper_maint_level":"3 - SUITABLE FOR PASSENGER CARS","surface_type":"AGG - CRUSHED AGGREGATE OR GRAVEL"},"geometry":{"type":"LineString","coordinates":[[-106.64465,39.32071],[-106.6445,39.32055],[-106.64384,39.32021],[-106.64356,39.31962],[-106.64313,39.31935],[-106.64266,39.3188],[-106.6426,39.31785],[-106.64229,39.31733],[-106.64199,39.31662],[-106.64203,39.31641],[-106.64285,39.31578],[-106.64299,39.31561],[-106.64318,39.31502],[-106.64381,39.31421],[-106.64406,39.31346],[-106.64392,39.31242],[-106.64325,39.31041],[-106.64291,39.30994],[-106.64227,39.30976],[-106.6422,39.30962],[-106.64212,39.30908],[-106.64196,39.30892],[-106.64162,39.30874]]}},{"type":"Feature","properties":{"name":"CHAPMAN LOOP D","id":"105.1D","oper_maint_level":"5 - HIGH DEGREE OF USER COMFORT","surface_type":"AGG - CRUSHED AGGREGATE OR GRAVEL"},"geometry":{"type":"LineString","coordinates":[[-106.64245,39.31609],[-106.64296,39.31611],[-106.64315,39.31604],[-106.64335,39.31575],[-106.64336,39.31554],[-106.64327,39.31541],[-106.64307,39.31541]]}},{"type":"Feature","properties":{"name":"BURNT MOUNTAIN","id":"506.1","oper_maint_level":"2 - HIGH CLEARANCE VEHICLES","surface_type":"NAT - NATIVE MATERIAL"},"geometry":{"type":"LineString","coordinates":[[-106.62186,39.34433],[-106.62204,39.34448],[-106.62361,39.34476],[-106.62413,39.34496],[-106.62497,39.345],[-106.6257,39.34516],[-106.62771,39.3453],[-106.62922,39.34522],[-106.62998,39.3454],[-106.63003,39.34555],[-106.62948,39.34562],[-106.62885,39.34581],[-106.6285,39.34597],[-106.62848,39.34611],[-106.63098,39.3461],[-106.63119,39.34615],[-106.63132,39.3463],[-106.63126,39.34661],[-106.63077,39.34706],[-106.63066,39.34711],[-106.63022,39.34704],[-106.62958,39.34735],[-106.6296,39.34773],[-106.62938,39.34817],[-106.62942,39.34832],[-106.62954,39.34841],[-106.6296,39.34867],[-106.62961,39.34941],[-106.62933,39.35002],[-106.62929,39.35018],[-106.62938,39.3506],[-106.62913,39.3508],[-106.62898,39.35104],[-106.62913,39.3512],[-106.62969,39.35144],[-106.62985,39.35168],[-106.6299,39.35219],[-106.6306,39.3528],[-106.63091,39.35336],[-106.63151,39.35412],[-106.63147,39.35452],[-106.63135,39.35451],[-106.63124,39.35417],[-106.63111,39.35406],[-106.6306,39.35382],[-106.62999,39.3534],[-106.62913,39.35306],[-106.62839,39.35294],[-106.62752,39.353],[-106.62647,39.35292],[-106.62542,39.35293],[-106.62527,39.35301],[-106.62532,39.35315],[-106.62545,39.35323],[-106.6273,39.35389],[-106.62792,39.35432],[-106.62828,39.35466],[-106.62868,39.35547],[-106.62898,39.35683],[-106.62915,39.35701],[-106.63041,39.35739],[-106.63139,39.3582],[-106.63169,39.35829],[-106.63232,39.35835],[-106.63317,39.3587],[-106.63343,39.35893],[-106.63362,39.359],[-106.63444,39.35911],[-106.63505,39.35929],[-106.63534,39.35949],[-106.63567,39.35987],[-106.63605,39.36004],[-106.63647,39.36007],[-106.63873,39.35994],[-106.63955,39.36019],[-106.64043,39.36068],[-106.64117,39.36082],[-106.6417,39.36077],[-106.64211,39.36065],[-106.64257,39.36036],[-106.64276,39.36006],[-106.64275,39.35995],[-106.6425,39.35965],[-106.64254,39.35949],[-106.64309,39.36007],[-106.64314,39.36042],[-106.64256,39.36119],[-106.64203,39.36155],[-106.63957,39.36202],[-106.63911,39.362],[-106.63858,39.36216],[-106.63797,39.36256],[-106.63743,39.36268],[-106.63574,39.3628],[-106.63552,39.36293],[-106.6352,39.36348],[-106.63502,39.36367],[-106.63475,39.36381],[-106.63397,39.36397],[-106.63329,39.36397],[-106.63247,39.36412],[-106.63214,39.36432],[-106.63193,39.36472],[-106.63226,39.36497],[-106.63278,39.36519],[-106.63327,39.36531],[-106.63506,39.36537],[-106.63537,39.36532],[-106.63576,39.36513],[-106.63635,39.3653],[-106.63755,39.36549],[-106.63796,39.36576],[-106.63807,39.36595],[-106.63798,39.36618],[-106.63776,39.36639],[-106.63781,39.36661],[-106.63809,39.3668],[-106.63896,39.3671],[-106.64045,39.36708],[-106.64113,39.36679],[-106.64153,39.36653],[-106.64338,39.3667],[-106.64381,39.36667],[-106.64424,39.36656],[-106.64548,39.36704],[-106.64574,39.36731],[-106.64615,39.36784],[-106.64624,39.36812],[-106.64655,39.36835],[-106.64658,39.3692],[-106.64686,39.36994],[-106.6479,39.37151],[-106.64792,39.37164],[-106.6456,39.37157],[-106.64476,39.37148],[-106.64439,39.37153],[-106.64332,39.37152],[-106.64233,39.37184],[-106.64131,39.37179],[-106.6411,39.3719],[-106.64113,39.37201],[-106.64185,39.37271],[-106.64295,39.37325],[-106.64358,39.37376],[-106.6447,39.37441],[-106.64521,39.3749],[-106.6453,39.37534],[-106.64488,39.37656],[-106.64474,39.37727],[-106.64452,39.37765],[-106.6442,39.37794],[-106.64406,39.37816],[-106.64409,39.3783],[-106.64435,39.37858],[-106.64451,39.37913],[-106.64468,39.37928],[-106.6461,39.37971],[-106.64626,39.37974],[-106.64687,39.37956],[-106.6473,39.37952],[-106.64757,39.37957],[-106.64806,39.37981],[-106.64827,39.37983],[-106.64898,39.37962],[-106.64931,39.37941],[-106.64982,39.37855],[-106.65022,39.37813],[-106.65039,39.37807],[-106.65119,39.37802],[-106.65154,39.37812],[-106.65168,39.37832],[-106.65151,39.37898],[-106.65164,39.37969],[-106.65195,39.38041],[-106.65215,39.38072],[-106.65283,39.38143],[-106.65302,39.3819],[-106.65325,39.38311],[-106.65327,39.3836],[-106.65281,39.38427],[-106.65289,39.38505],[-106.65367,39.38577],[-106.65379,39.38605],[-106.65389,39.38658],[-106.6532,39.38915],[-106.65305,39.38947],[-106.65244,39.39013],[-106.65216,39.39023],[-106.65154,39.39032],[-106.65142,39.39049],[-106.65158,39.39069],[-106.65245,39.39112],[-106.65276,39.39135],[-106.65291,39.39161],[-106.65292,39.39196],[-106.65273,39.39253],[-106.65271,39.39282],[-106.65296,39.39334],[-106.65289,39.39364],[-106.65294,39.39387],[-106.65347,39.39467],[-106.65353,39.3949],[-106.65358,39.39549],[-106.65357,39.39594],[-106.65345,39.39647],[-106.6535,39.39681],[-106.65356,39.397],[-106.65395,39.39753],[-106.65411,39.398],[-106.65421,39.3986],[-106.65413,39.39902],[-106.65388,39.39969],[-106.65324,39.40023],[-106.65301,39.40051],[-106.65265,39.40108],[-106.65238,39.40177],[-106.65173,39.40257],[-106.65158,39.40287],[-106.65135,39.40346],[-106.6514,39.4044],[-106.65133,39.40474],[-106.65122,39.4049],[-106.65062,39.40535],[-106.65059,39.40574],[-106.65066,39.40616],[-106.65115,39.40689],[-106.65113,39.40702],[-106.65091,39.40723],[-106.64912,39.40845],[-106.64895,39.40868],[-106.64885,39.40901],[-106.64893,39.40937],[-106.64896,39.40998],[-106.64927,39.41033],[-106.64951,39.41078],[-106.64963,39.4109],[-106.65003,39.41097],[-106.65095,39.4108],[-106.65181,39.41027],[-106.65232,39.41037],[-106.65243,39.41048],[-106.65256,39.411],[-106.65298,39.41162],[-106.653,39.41215],[-106.65316,39.41228],[-106.65351,39.41238]]}},{"type":"Feature","properties":{"name":"RUEDI CAMPGROUND ROAD","id":"511.1","oper_maint_level":"5 - HIGH DEGREE OF USER COMFORT","surface_type":"AC - ASPHALT"},"geometry":{"type":"LineString","coordinates":[[-106.81623,39.37556],[-106.81582,39.37568],[-106.8158,39.37582],[-106.81619,39.37667],[-106.81673,39.37734],[-106.81676,39.37753],[-106.8167,39.37763],[-106.81651,39.37777],[-106.81628,39.3778],[-106.8158,39.37769],[-106.81525,39.37746],[-106.81494,39.37743],[-106.81459,39.37755],[-106.81398,39.37803],[-106.81371,39.37806],[-106.81349,39.3779],[-106.81314,39.37714],[-106.81296,39.37647],[-106.81288,39.37635],[-106.81237,39.37603],[-106.81147,39.37585],[-106.81128,39.37554],[-106.81065,39.37496],[-106.81002,39.37414],[-106.80984,39.37412],[-106.80961,39.37426],[-106.80866,39.37515],[-106.80783,39.3754]]}},{"type":"Feature","properties":{"name":"CHAPMAN SPUR C","id":"105.1C","oper_maint_level":"5 - HIGH DEGREE OF USER COMFORT","surface_type":"AGG - CRUSHED AGGREGATE OR GRAVEL"},"geometry":{"type":"LineString","coordinates":[[-106.64228,39.31731],[-106.64245,39.31723],[-106.6427,39.31723],[-106.64309,39.31755],[-106.64318,39.31757],[-106.64332,39.31749]]}},{"type":"Feature","properties":{"name":"JAKEMAN SPUR NO. 3","id":"512.1A","oper_maint_level":"2 - HIGH CLEARANCE VEHICLES","surface_type":"NAT - NATIVE MATERIAL"},"geometry":{"type":"LineString","coordinates":[[-106.70557,39.40139],[-106.70576,39.40135],[-106.70664,39.4006],[-106.70723,39.39983],[-106.70726,39.39965],[-106.70702,39.3978],[-106.70702,39.39733],[-106.7071,39.39675],[-106.70744,39.39587],[-106.70741,39.39572],[-106.70753,39.39568],[-106.70777,39.39599],[-106.70786,39.3963],[-106.70795,39.39678],[-106.7079,39.39723],[-106.70797,39.39814],[-106.70806,39.39869],[-106.70837,39.3995],[-106.70839,39.39985],[-106.70847,39.40004],[-106.70849,39.4008],[-106.70846,39.40099],[-106.70818,39.4015],[-106.7079,39.40186],[-106.7074,39.40226],[-106.707,39.40289]]}},{"type":"Feature","properties":{"name":"FULFORD CAMPGROUND SPUR","id":"415.1G","oper_maint_level":"3 - SUITABLE FOR PASSENGER CARS","surface_type":"NAT - NATIVE MATERIAL"},"geometry":{"type":"LineString","coordinates":[[-106.65917,39.492],[-106.65925,39.49186],[-106.65894,39.49152]]}},{"type":"Feature","properties":{"name":"ROCKY FORK DU-SW FROM BRIDGE","id":"105.6D","oper_maint_level":"3 - SUITABLE FOR PASSENGER CARS","surface_type":"NAT - NATIVE MATERIAL"},"geometry":{"type":"LineString","coordinates":[[-106.82954,39.36261],[-106.8302,39.36231],[-106.83151,39.36206],[-106.8317,39.36208],[-106.83242,39.36263],[-106.83268,39.36273],[-106.833,39.36273],[-106.83332,39.36266],[-106.83359,39.36252],[-106.83416,39.36207],[-106.83533,39.36198],[-106.83679,39.36173],[-106.837,39.36176]]}},{"type":"Feature","properties":{"name":"WOODS LAKE","id":"507.1","oper_maint_level":"2 - HIGH CLEARANCE VEHICLES","surface_type":"NAT - NATIVE MATERIAL"},"geometry":{"type":"LineString","coordinates":[[-106.65953,39.41461],[-106.65864,39.41396],[-106.65814,39.41328],[-106.65756,39.41307],[-106.65658,39.41321],[-106.6562,39.4132],[-106.65582,39.41285],[-106.65568,39.4123],[-106.65552,39.41213],[-106.65433,39.412],[-106.65354,39.41236],[-106.65323,39.41268],[-106.65162,39.41537],[-106.65135,39.41618],[-106.65123,39.41633],[-106.65064,39.41669],[-106.64952,39.41707],[-106.64889,39.41749],[-106.64819,39.41807],[-106.64752,39.41847],[-106.64651,39.41936],[-106.646,39.4201],[-106.64537,39.42075],[-106.6445,39.42134],[-106.64355,39.42182],[-106.64144,39.4226],[-106.64072,39.42263],[-106.64003,39.42253],[-106.63943,39.42266],[-106.63902,39.42245],[-106.63884,39.42242],[-106.63726,39.4226],[-106.63696,39.42255],[-106.63673,39.42241],[-106.63614,39.42159],[-106.6355,39.42109],[-106.63469,39.42114],[-106.63401,39.42107],[-106.63228,39.42119],[-106.63124,39.42146],[-106.63012,39.42186],[-106.62976,39.42213],[-106.62948,39.42249],[-106.62905,39.42401],[-106.62909,39.42446],[-106.62934,39.42506],[-106.62935,39.42538],[-106.62944,39.42567],[-106.6291,39.42582],[-106.62833,39.4258],[-106.62807,39.42568],[-106.62785,39.42536],[-106.62783,39.42509],[-106.62794,39.42451],[-106.6278,39.424],[-106.6282,39.42323]]}},{"type":"Feature","properties":{"name":"CHAPMAN GROUP CAMPGROUND","id":"105.1F","oper_maint_level":"3 - SUITABLE FOR PASSENGER CARS","surface_type":"AGG - CRUSHED AGGREGATE OR GRAVEL"},"geometry":{"type":"LineString","coordinates":[[-106.64307,39.31541],[-106.64242,39.31549],[-106.642,39.31538],[-106.6415,39.3155],[-106.64075,39.31553],[-106.63891,39.31503],[-106.63844,39.31475],[-106.63779,39.31449],[-106.63708,39.31394],[-106.63574,39.31249],[-106.63547,39.31179],[-106.6351,39.31164],[-106.63494,39.31137],[-106.63448,39.31103],[-106.63404,39.31104],[-106.63366,39.31087],[-106.63349,39.31069],[-106.63351,39.31028],[-106.63284,39.30973],[-106.63237,39.30955],[-106.63194,39.30962],[-106.63153,39.30934]]}},{"type":"Feature","properties":{"name":"CHAPMAN LOOP H","id":"105.1H","oper_maint_level":"3 - SUITABLE FOR PASSENGER CARS","surface_type":"AGG - CRUSHED AGGREGATE OR GRAVEL"},"geometry":{"type":"LineString","coordinates":[[-106.64161,39.30874],[-106.64105,39.30894],[-106.64048,39.3088],[-106.64001,39.30881],[-106.63952,39.30909],[-106.63899,39.3091],[-106.63874,39.30907],[-106.63837,39.30887],[-106.63829,39.30864],[-106.63845,39.3082],[-106.63872,39.30792],[-106.63901,39.30783],[-106.64081,39.30855],[-106.64162,39.30874]]}},{"type":"Feature","properties":{"name":"CHAPMAN EAST ENTRANCE","id":"105.9.4B","oper_maint_level":"3 - SUITABLE FOR PASSENGER CARS","surface_type":"AGG - CRUSHED AGGREGATE OR GRAVEL"},"geometry":{"type":"LineString","coordinates":[[-106.6402,39.31891],[-106.64132,39.31931],[-106.64248,39.31957],[-106.64294,39.31961],[-106.64333,39.31979],[-106.64351,39.31976],[-106.64357,39.31965]]}},{"type":"Feature","properties":{"name":"KOBEY PARK","id":"508.1","oper_maint_level":"2 - HIGH CLEARANCE VEHICLES","surface_type":"NAT - NATIVE MATERIAL"},"geometry":{"type":"LineString","coordinates":[[-106.81709,39.30266],[-106.81704,39.3034],[-106.81709,39.30353],[-106.81756,39.30386],[-106.8184,39.30423],[-106.81851,39.3044],[-106.81803,39.30524],[-106.81788,39.30563],[-106.8176,39.30567],[-106.8171,39.3056],[-106.81704,39.3057],[-106.8171,39.30591],[-106.81734,39.30612],[-106.81758,39.30621],[-106.81818,39.30631],[-106.81939,39.30618],[-106.82005,39.306],[-106.82046,39.30601],[-106.82048,39.30646],[-106.82107,39.30699],[-106.82134,39.30713],[-106.8215,39.30732],[-106.82162,39.30784],[-106.82153,39.30823],[-106.82144,39.3083],[-106.82144,39.30859],[-106.8219,39.30964],[-106.82271,39.31029],[-106.82325,39.3106],[-106.8243,39.31181],[-106.82474,39.31213],[-106.82534,39.31237],[-106.8256,39.31258],[-106.8257,39.3127],[-106.82581,39.31313],[-106.82602,39.31354],[-106.82609,39.31381],[-106.82642,39.3143],[-106.82685,39.31468],[-106.82754,39.31477],[-106.82819,39.31472],[-106.82837,39.31477],[-106.8288,39.31497],[-106.82933,39.31549],[-106.8298,39.31558],[-106.83128,39.31542],[-106.83171,39.31545],[-106.83227,39.31571],[-106.8326,39.31573],[-106.83284,39.31566],[-106.83325,39.31537],[-106.83366,39.3154],[-106.83432,39.31507],[-106.83517,39.31497],[-106.83551,39.31506],[-106.83627,39.31549],[-106.83732,39.31525],[-106.83813,39.31523],[-106.83818,39.31528],[-106.83811,39.31554],[-106.83789,39.31575],[-106.83779,39.31594],[-106.83801,39.31669],[-106.83782,39.31748],[-106.8377,39.31772],[-106.83789,39.31815],[-106.83806,39.31872],[-106.83804,39.31879],[-106.83738,39.31906],[-106.83729,39.31918],[-106.83726,39.31943],[-106.83695,39.31992],[-106.83578,39.32062],[-106.83483,39.32178],[-106.83444,39.32216],[-106.83417,39.32266],[-106.83374,39.32285],[-106.83335,39.3232],[-106.83268,39.32364],[-106.83212,39.32385],[-106.83103,39.32396],[-106.82993,39.32417],[-106.82907,39.32448],[-106.82851,39.32445],[-106.82769,39.32341],[-106.82701,39.32275],[-106.82678,39.32266],[-106.82574,39.32251],[-106.82447,39.32261],[-106.82294,39.32179],[-106.82165,39.32126],[-106.82074,39.32049],[-106.82014,39.32011],[-106.81948,39.32009],[-106.8189,39.31995],[-106.81872,39.31999],[-106.81857,39.32012],[-106.8185,39.3204],[-106.8183,39.32068],[-106.81876,39.3213],[-106.81887,39.3218],[-106.819,39.3221],[-106.81964,39.32255],[-106.8204,39.3228],[-106.82078,39.32301],[-106.82106,39.32336],[-106.82156,39.32379],[-106.82201,39.32386],[-106.82219,39.32413],[-106.82341,39.32526],[-106.82383,39.32585],[-106.82501,39.32683],[-106.82556,39.32711],[-106.82624,39.32735],[-106.82669,39.32727],[-106.82702,39.32744],[-106.82712,39.32756],[-106.82769,39.32781]]}},{"type":"Feature","properties":{"name":"KOBEY PARK","id":"508.1","oper_maint_level":"2 - HIGH CLEARANCE VEHICLES","surface_type":"AGG - CRUSHED AGGREGATE OR GRAVEL"},"geometry":{"type":"LineString","coordinates":[[-106.76492,39.28154],[-106.76499,39.28177],[-106.76513,39.28195],[-106.76557,39.28228],[-106.76594,39.28242],[-106.7673,39.28221],[-106.76768,39.2822],[-106.76955,39.28257],[-106.76993,39.28271],[-106.77121,39.28357],[-106.77233,39.2842],[-106.77271,39.28457],[-106.7733,39.28543],[-106.77367,39.28585],[-106.77374,39.28632],[-106.77358,39.28678],[-106.77352,39.28728],[-106.77359,39.28758],[-106.77389,39.28797],[-106.77389,39.28829],[-106.77405,39.28849],[-106.77527,39.28941],[-106.77544,39.28965],[-106.77561,39.29031],[-106.77558,39.29064],[-106.77543,39.291],[-106.77437,39.29186],[-106.77417,39.29209],[-106.77417,39.29311],[-106.77386,39.29387],[-106.774,39.29502],[-106.77413,39.29524],[-106.77472,39.29563],[-106.77479,39.29573],[-106.7749,39.29697],[-106.7751,39.29735],[-106.77538,39.29769],[-106.77588,39.29801],[-106.77716,39.29837],[-106.77744,39.29853],[-106.7777,39.29884],[-106.77783,39.29919],[-106.7776,39.29973],[-106.77769,39.30017]]}},{"type":"Feature","properties":{"name":"CUNNINGHAM PORTAL","id":"538.1M","oper_maint_level":"2 - HIGH CLEARANCE VEHICLES","surface_type":"NAT - NATIVE MATERIAL"},"geometry":{"type":"LineString","coordinates":[[-106.54943,39.33432],[-106.54804,39.33438],[-106.54778,39.33449],[-106.54708,39.33511],[-106.54493,39.33573],[-106.54469,39.33587],[-106.5446,39.33604],[-106.54447,39.33615],[-106.54405,39.33618],[-106.54329,39.33667],[-106.54315,39.33671]]}},{"type":"Feature","properties":{"name":"KOBEY PARK","id":"508.1","oper_maint_level":"2 - HIGH CLEARANCE VEHICLES","surface_type":"AGG - CRUSHED AGGREGATE OR GRAVEL"},"geometry":{"type":"LineString","coordinates":[[-106.77769,39.30017],[-106.77798,39.3007],[-106.77824,39.30089],[-106.77889,39.30104],[-106.77957,39.30097],[-106.78043,39.30123],[-106.78163,39.30199],[-106.78193,39.30226],[-106.7823,39.30276],[-106.78255,39.30291],[-106.78406,39.30263],[-106.78524,39.30279],[-106.78623,39.30269],[-106.78639,39.30261],[-106.78646,39.30246],[-106.7865,39.30213],[-106.78628,39.30104],[-106.78657,39.30063],[-106.78683,39.30007],[-106.78717,39.29987],[-106.78782,39.29981],[-106.78943,39.30024],[-106.79045,39.30023],[-106.79119,39.30071],[-106.79323,39.3013],[-106.7945,39.3012],[-106.79561,39.3016],[-106.79603,39.30165],[-106.79629,39.30156],[-106.79685,39.30097],[-106.79703,39.29997],[-106.79718,39.2998],[-106.79747,39.29969],[-106.79956,39.29903],[-106.80126,39.29874],[-106.80171,39.29872],[-106.80281,39.29895],[-106.80331,39.29894],[-106.80372,39.29878],[-106.80486,39.29798],[-106.80629,39.29764],[-106.80683,39.29759],[-106.8076,39.29772],[-106.80797,39.29818],[-106.8092,39.29869],[-106.81007,39.29916],[-106.81129,39.30016],[-106.81239,39.30079],[-106.81302,39.30124],[-106.81335,39.30136],[-106.81628,39.30203],[-106.81686,39.30231],[-106.81705,39.30253],[-106.81709,39.30266]]}}]}