{"type":"FeatureCollection","features":[{"type":"Feature","properties":{"trail_name":"MUCKEY LAKE","trail_no":"1862","trail_class":"2","allowed_terra_use":"21"},"geometry":{"type":"LineString","coordinates":[[-106.85944,39.4841],[-106.85853,39.48435],[-106.85753,39.48482],[-106.85723,39.4846],[-106.85724,39.48447],[-106.85711,39.48439],[-106.85661,39.48449],[-106.85561,39.48496],[-106.85491,39.48521],[-106.85415,39.48564],[-106.85357,39.48573],[-106.85319,39.48588],[-106.85298,39.4861],[-106.85274,39.48619],[-106.85252,39.48647],[-106.85233,39.4864],[-106.85152,39.48689],[-106.85133,39.48688],[-106.85128,39.48699],[-106.8508,39.48693],[-106.85029,39.48711],[-106.8495,39.48722],[-106.84893,39.4876],[-106.84843,39.48771],[-106.8482,39.48776],[-106.84803,39.48755],[-106.84764,39.48754],[-106.84707,39.48729],[-106.84667,39.48732],[-106.84623,39.48746],[-106.84542,39.48723]]}},{"type":"Feature","properties":{"trail_name":"MCKENZIE GULCH","trail_no":"1869","trail_class":"3","allowed_terra_use":"321"},"geometry":{"type":"LineString","coordinates":[[-106.77497,39.49214],[-106.77516,39.49224]]}},{"type":"Feature","properties":{"trail_name":"IRONEDGE","trail_no":"1873","trail_class":"3","allowed_terra_use":"21"},"geometry":{"type":"LineString","coordinates":[[-106.6331,39.46082],[-106.63323,39.46085],[-106.63379,39.46075],[-106.63422,39.46077],[-106.63556,39.46141],[-106.63684,39.4616],[-106.63923,39.46226],[-106.64047,39.46233],[-106.64109,39.46215],[-106.64127,39.462],[-106.6416,39.46186],[-106.64192,39.4618],[-106.64259,39.46222],[-106.64321,39.46204],[-106.64325,39.46222],[-106.64272,39.46269],[-106.64267,39.46284],[-106.64274,39.4632],[-106.64368,39.46405],[-106.64468,39.46466],[-106.64526,39.4648],[-106.64689,39.46491]]}},{"type":"Feature","properties":{"trail_name":"SNEVE GULCH","trail_no":"1872","trail_class":"2","allowed_terra_use":"321"},"geometry":{"type":"LineString","coordinates":[[-106.71849,39.48465],[-106.718,39.48472],[-106.71699,39.48473],[-106.71667,39.48486]]}},{"type":"Feature","properties":{"trail_name":"SUNDELL","trail_no":"1863","trail_class":"2","allowed_terra_use":"21"},"geometry":{"type":"LineString","coordinates":[[-106.86182,39.49035],[-106.86146,39.49066],[-106.86138,39.49081],[-106.86135,39.49108],[-106.86109,39.49144],[-106.86088,39.4915]]}},{"type":"Feature","properties":{"trail_name":"MUCKEY LAKE","trail_no":"1862","trail_class":"2","allowed_terra_use":"21"},"geometry":{"type":"LineString","coordinates":[[-106.86133,39.48189],[-106.86095,39.48267],[-106.86074,39.48282],[-106.86029,39.48297]]}},{"type":"Feature","properties":{"trail_name":"SUNDELL","trail_no":"1863","trail_class":"2","allowed_terra_use":"21"},"geometry":{"type":"LineString","coordinates":[[-106.85928,39.4921],[-106.85822,39.49199],[-106.85741,39.49198]]}},{"type":"Feature","properties":{"trail_name":"RUEDI OVERLOOK","trail_no":"1912","trail_class":"3","allowed_terra_use":"21"},"geometry":{"type":"LineString","coordinates":[[-106.81653,39.37579],[-106.81708,39.37617],[-106.81736,39.37623],[-106.81752,39.37615],[-106.81767,39.37596],[-106.8181,39.37517],[-106.81831,39.37445],[-106.81842,39.37373],[-106.81796,39.37067],[-106.81812,39.37006],[-106.81823,39.36989],[-106.81852,39.36962],[-106.81872,39.36952],[-106.81931,39.36948],[-106.82036,39.36974],[-106.82057,39.3697],[-106.82077,39.36981],[-106.82079,39.36986],[-106.82066,39.36987],[-106.82057,39.36999],[-106.82067,39.37015],[-106.82079,39.37025],[-106.8208,39.37035],[-106.82095,39.37046],[-106.82098,39.37064],[-106.82113,39.37086],[-106.82262,39.37304],[-106.8229,39.37322],[-106.82336,39.3732],[-106.824,39.37245],[-106.82431,39.37234],[-106.82506,39.3726],[-106.82546,39.37289],[-106.8263,39.37369],[-106.82653,39.37376],[-106.82691,39.37374],[-106.82776,39.37302],[-106.82839,39.37271],[-106.82861,39.37272],[-106.82945,39.37302],[-106.82996,39.3729],[-106.83049,39.37302],[-106.83081,39.37317],[-106.83098,39.37337],[-106.83137,39.3736],[-106.83201,39.37438],[-106.83215,39.37467],[-106.83246,39.37489],[-106.83276,39.37525],[-106.83308,39.37585],[-106.83311,39.3761],[-106.83304,39.37645],[-106.83363,39.37726],[-106.83465,39.37811],[-106.83474,39.37865],[-106.83477,39.37963],[-106.83496,39.37976],[-106.83617,39.38019],[-106.8365,39.38045],[-106.83668,39.38072],[-106.83754,39.38133],[-106.83785,39.3821],[-106.83757,39.3831],[-106.83767,39.38383],[-106.83807,39.38421],[-106.83874,39.38465],[-106.84008,39.38478],[-106.84026,39.38486],[-106.84024,39.38495],[-106.83943,39.38558],[-106.83944,39.38565],[-106.84069,39.38574],[-106.84072,39.3858],[-106.83986,39.38619],[-106.83982,39.38631],[-106.84035,39.38654],[-106.84077,39.38662],[-106.8411,39.3868],[-106.84221,39.38707],[-106.84266,39.38706],[-106.84329,39.38726],[-106.84354,39.38757],[-106.84374,39.38825],[-106.84372,39.38834],[-106.8422,39.38909],[-106.84183,39.38959],[-106.84183,39.3899],[-106.84193,39.39021],[-106.84211,39.39053],[-106.84283,39.39126],[-106.84382,39.39182],[-106.84489,39.39209],[-106.84499,39.39219],[-106.84468,39.39236],[-106.84366,39.39265],[-106.84351,39.39274],[-106.84298,39.39355],[-106.8429,39.39377],[-106.84306,39.39424],[-106.84307,39.39504],[-106.84314,39.39532],[-106.8434,39.39559],[-106.8442,39.3962],[-106.84508,39.39676],[-106.8453,39.39704],[-106.84527,39.3968],[-106.84513,39.39653],[-106.84416,39.3954],[-106.84422,39.39528],[-106.84684,39.3949],[-106.84765,39.39489],[-106.8479,39.39496],[-106.8489,39.3957],[-106.84922,39.39601],[-106.85002,39.3975],[-106.85004,39.39776],[-106.84955,39.39994],[-106.85011,39.40109],[-106.85004,39.40126],[-106.84927,39.40205],[-106.84871,39.40364],[-106.84871,39.4038],[-106.84881,39.40413],[-106.84934,39.40441],[-106.84952,39.40478],[-106.84956,39.40525],[-106.8495,39.40553],[-106.84952,39.40589],[-106.84945,39.40611],[-106.84954,39.40631],[-106.84951,39.4064],[-106.84907,39.40672],[-106.84907,39.4068],[-106.84915,39.40695],[-106.84959,39.40735],[-106.84968,39.4076],[-106.8491,39.40957],[-106.84792,39.4108],[-106.84802,39.41094],[-106.84875,39.41134],[-106.84903,39.41157],[-106.84904,39.41167],[-106.84885,39.4118],[-106.84771,39.41208],[-106.84753,39.4122],[-106.84643,39.41343],[-106.8458,39.41511],[-106.84563,39.41523],[-106.8443,39.41579],[-106.84401,39.41601],[-106.84391,39.41617],[-106.84365,39.41628],[-106.84339,39.41677],[-106.84319,39.41696],[-106.84274,39.41762],[-106.84272,39.41779],[-106.84322,39.41816],[-106.84285,39.4183],[-106.84303,39.41843],[-106.84276,39.41859],[-106.8437,39.41907],[-106.84383,39.41938],[-106.84424,39.41975],[-106.84467,39.42037],[-106.84515,39.42087],[-106.84535,39.42098],[-106.84479,39.42105],[-106.84407,39.42102],[-106.84403,39.42107],[-106.8445,39.42152],[-106.84381,39.42145],[-106.84292,39.42158],[-106.84273,39.42168]]}},{"type":"Feature","properties":{"trail_name":"SUNDELL","trail_no":"1863","trail_class":"2","allowed_terra_use":"21"},"geometry":{"type":"LineString","coordinates":[[-106.94856,39.55258],[-106.9487,39.55194],[-106.94903,39.55147],[-106.94896,39.55122],[-106.94906,39.55089],[-106.94903,39.55057],[-106.94893,39.5504],[-106.94846,39.55015],[-106.94816,39.54982],[-106.94809,39.54956],[-106.94814,39.54917],[-106.94808,39.54899],[-106.94735,39.54856],[-106.94711,39.54824],[-106.94704,39.54797],[-106.94708,39.54735],[-106.9469,39.54705],[-106.94678,39.54648],[-106.94662,39.54612],[-106.94525,39.54506],[-106.944,39.54442],[-106.9434,39.54358],[-106.94323,39.54318],[-106.94291,39.54276],[-106.942,39.54176],[-106.94106,39.54022],[-106.94098,39.5398],[-106.94102,39.53937],[-106.9412,39.53882],[-106.94133,39.53783],[-106.94197,39.53728],[-106.94302,39.53618],[-106.9431,39.53597],[-106.94309,39.53573],[-106.94304,39.53552],[-106.94289,39.53536],[-106.94214,39.53487],[-106.94125,39.5339],[-106.94082,39.53323],[-106.94078,39.53308],[-106.94082,39.53263],[-106.9406,39.5313],[-106.94007,39.52916],[-106.93991,39.52904],[-106.93945,39.52912],[-106.93776,39.53006],[-106.93738,39.53019],[-106.93707,39.53018],[-106.93679,39.53008],[-106.93651,39.52989],[-106.93627,39.52954],[-106.93623,39.52901],[-106.93631,39.52798],[-106.93616,39.52776],[-106.93515,39.52726],[-106.9341,39.52649],[-106.93285,39.52581],[-106.9323,39.52539],[-106.93206,39.525],[-106.93196,39.52473],[-106.93194,39.52424],[-106.93202,39.524],[-106.93234,39.52356],[-106.93234,39.52349],[-106.93211,39.5232],[-106.93245,39.52278],[-106.93234,39.52254],[-106.93188,39.52216],[-106.93178,39.52188],[-106.93193,39.52119],[-106.93194,39.52063],[-106.93232,39.52017],[-106.93235,39.51992],[-106.9321,39.51969],[-106.93174,39.51948],[-106.931,39.51921],[-106.93043,39.51911],[-106.92943,39.51912],[-106.92929,39.51904],[-106.92834,39.51752],[-106.92828,39.51714],[-106.92857,39.5166],[-106.9284,39.51592],[-106.92828,39.51575],[-106.92809,39.51567],[-106.92763,39.51584],[-106.92697,39.51583],[-106.92545,39.51555],[-106.92533,39.5154],[-106.92532,39.51507],[-106.92495,39.51453],[-106.92494,39.51422],[-106.92518,39.51341],[-106.92512,39.51329],[-106.9249,39.51322],[-106.92466,39.51323],[-106.92391,39.51352],[-106.9236,39.51351],[-106.92321,39.51333],[-106.92269,39.51283],[-106.92171,39.51165],[-106.92095,39.51058],[-106.92064,39.51037],[-106.92026,39.51029],[-106.91978,39.51037],[-106.9184,39.51114],[-106.9181,39.51123],[-106.9177,39.51116],[-106.91746,39.51104],[-106.91724,39.51082],[-106.91698,39.5104],[-106.91669,39.51037],[-106.9165,39.51045],[-106.916,39.51112],[-106.91559,39.51149],[-106.91526,39.51161],[-106.91488,39.51162],[-106.91415,39.51132],[-106.91395,39.51117],[-106.91376,39.51086],[-106.91357,39.51072],[-106.9132,39.51063],[-106.91265,39.5106],[-106.91228,39.51042],[-106.91219,39.51011],[-106.91233,39.50966],[-106.91225,39.50951],[-106.91214,39.50947],[-106.91127,39.50938],[-106.90999,39.50935],[-106.9098,39.50929],[-106.90909,39.50937],[-106.90742,39.509],[-106.90658,39.50906],[-106.90625,39.50894],[-106.90617,39.50883],[-106.90605,39.50813],[-106.90613,39.50785],[-106.90605,39.50711],[-106.90599,39.50693],[-106.90565,39.50674],[-106.9056,39.5064],[-106.90595,39.50488],[-106.90615,39.50449],[-106.90702,39.5034],[-106.90737,39.50286],[-106.90743,39.50227],[-106.90729,39.50203],[-106.90696,39.50166],[-106.90648,39.50131],[-106.90616,39.50124],[-106.90521,39.50128],[-106.90503,39.50118],[-106.90454,39.50072],[-106.904,39.50002],[-106.90395,39.49929],[-106.90373,39.49873],[-106.90367,39.49807],[-106.90369,39.49774],[-106.90379,39.49752],[-106.90399,39.49724],[-106.90418,39.49682],[-106.9045,39.49652],[-106.90455,39.49635],[-106.90456,39.49611],[-106.90437,39.49581],[-106.90436,39.49568],[-106.90492,39.49477],[-106.90554,39.49327],[-106.90616,39.49263],[-106.90643,39.4916],[-106.90645,39.49132],[-106.90629,39.49102],[-106.90614,39.49097],[-106.90592,39.49102],[-106.90469,39.49143],[-106.90425,39.4914],[-106.90399,39.49129],[-106.90363,39.49103],[-106.9035,39.49084],[-106.90337,39.49043],[-106.9032,39.49033],[-106.9012,39.48967],[-106.90028,39.48945],[-106.89964,39.48952],[-106.89908,39.48969],[-106.89849,39.48964],[-106.89797,39.4894],[-106.89662,39.48831],[-106.89491,39.48758],[-106.89455,39.48761],[-106.89181,39.48848],[-106.89099,39.48803],[-106.89035,39.48784],[-106.88989,39.4878],[-106.88871,39.48799],[-106.88564,39.4877],[-106.88513,39.48758],[-106.88373,39.48684],[-106.88201,39.48674],[-106.88065,39.48641],[-106.88014,39.48623],[-106.87974,39.4859],[-106.87899,39.48572],[-106.87848,39.48544],[-106.8781,39.48536],[-106.87587,39.48536],[-106.87533,39.48552],[-106.87425,39.48567],[-106.87378,39.48604],[-106.87338,39.48616],[-106.87268,39.48581],[-106.87251,39.48566],[-106.87218,39.48518],[-106.87188,39.48458],[-106.87173,39.48436],[-106.87161,39.48433],[-106.86926,39.48555],[-106.86883,39.4857],[-106.86769,39.48586],[-106.86706,39.48588],[-106.86588,39.48564],[-106.86517,39.48531],[-106.86424,39.485],[-106.86397,39.48499],[-106.86378,39.48507],[-106.86321,39.48595],[-106.86293,39.48687],[-106.86268,39.48711],[-106.86259,39.48729],[-106.86253,39.48758],[-106.86256,39.48814],[-106.86252,39.48902],[-106.86227,39.48983],[-106.86182,39.49035]]}},{"type":"Feature","properties":{"trail_name":"CARTER LAKE","trail_no":"1944","trail_class":"3","allowed_terra_use":"21"},"geometry":{"type":"LineString","coordinates":[[-106.57671,39.36567],[-106.57584,39.36555],[-106.57541,39.36558],[-106.57226,39.36649],[-106.57095,39.36673],[-106.56926,39.36674],[-106.56612,39.36647],[-106.56423,39.36646],[-106.56228,39.36678],[-106.56073,39.36724],[-106.55807,39.36783],[-106.55585,39.36824],[-106.55454,39.36835],[-106.55273,39.36796],[-106.55214,39.36792],[-106.55111,39.36804],[-106.54947,39.36846],[-106.54902,39.36868],[-106.54854,39.36909],[-106.54837,39.3694],[-106.54797,39.37053],[-106.54641,39.37242],[-106.54614,39.37303],[-106.54582,39.37443],[-106.54561,39.37502],[-106.54527,39.37555],[-106.54441,39.37658],[-106.54422,39.37596],[-106.54419,39.37557],[-106.54462,39.37501],[-106.54481,39.37437],[-106.54476,39.37392],[-106.54437,39.37356],[-106.54355,39.37313],[-106.543,39.37312],[-106.54213,39.3734],[-106.54185,39.37334],[-106.54154,39.37309],[-106.54132,39.37278],[-106.54121,39.37247],[-106.54122,39.3721],[-106.54147,39.371],[-106.54156,39.37032],[-106.54144,39.37007],[-106.54126,39.36991],[-106.54104,39.36988],[-106.54075,39.36995],[-106.54051,39.37006],[-106.54036,39.37021],[-106.54024,39.37051],[-106.54015,39.37141],[-106.54001,39.37173],[-106.53966,39.37187],[-106.53921,39.37186],[-106.53906,39.37176],[-106.539,39.37163],[-106.53878,39.37009],[-106.53859,39.3698],[-106.53839,39.36964],[-106.53807,39.36968],[-106.53755,39.37005],[-106.53739,39.37026],[-106.53734,39.37044],[-106.53733,39.37099],[-106.5372,39.37117],[-106.5371,39.37121],[-106.5358,39.37009],[-106.53463,39.36952],[-106.53365,39.36913],[-106.53184,39.36853],[-106.52823,39.36753],[-106.52416,39.36728],[-106.52398,39.36717],[-106.52389,39.36699],[-106.52408,39.36647]]}},{"type":"Feature","properties":{"trail_name":"SUNDELL","trail_no":"1863","trail_class":"2","allowed_terra_use":"21"},"geometry":{"type":"LineString","coordinates":[[-106.86088,39.4915],[-106.86026,39.49181],[-106.8599,39.49208],[-106.85928,39.4921]]}},{"type":"Feature","properties":{"trail_name":"GRANITE LAKE","trail_no":"1922","trail_class":"3","allowed_terra_use":"21"},"geometry":{"type":"LineString","coordinates":[[-106.60317,39.29475],[-106.60206,39.29411],[-106.60096,39.29273],[-106.59901,39.29116],[-106.59839,39.29053],[-106.59815,39.29004],[-106.59805,39.2892],[-106.59789,39.28868],[-106.59755,39.28822],[-106.59693,39.28756],[-106.59601,39.28673],[-106.59534,39.28631],[-106.59501,39.2857],[-106.59438,39.28413],[-106.59354,39.28368],[-106.59084,39.28241],[-106.5903,39.28208],[-106.58979,39.28163]]}},{"type":"Feature","properties":{"trail_name":"GRANITE LAKE","trail_no":"1922","trail_class":"3","allowed_terra_use":"21"},"geometry":{"type":"LineString","coordinates":[[-106.58979,39.28163],[-106.58864,39.28034],[-106.58708,39.27927],[-106.58687,39.27905],[-106.58646,39.27842],[-106.58602,39.27829],[-106.58495,39.27817],[-106.58465,39.27805],[-106.58264,39.27697],[-106.58203,39.27671],[-106.57976,39.27623],[-106.57949,39.27602],[-106.57956,39.27566],[-106.57951,39.27552],[-106.57786,39.27498],[-106.57685,39.27424],[-106.57554,39.27388],[-106.57231,39.27228],[-106.57109,39.27176],[-106.56842,39.27108],[-106.56747,39.27078],[-106.56693,39.27047],[-106.56585,39.26939],[-106.56276,39.26758],[-106.56216,39.26713],[-106.56223,39.26679],[-106.56234,39.26664],[-106.56274,39.26643],[-106.56284,39.26631],[-106.56289,39.26607],[-106.56279,39.26582],[-106.56307,39.26568],[-106.56303,39.26467],[-106.5634,39.26435],[-106.56339,39.26397],[-106.56377,39.26386],[-106.56376,39.26347],[-106.56437,39.26253],[-106.56439,39.26173],[-106.56431,39.26064],[-106.56475,39.25823],[-106.56484,39.25742],[-106.56452,39.25609],[-106.56484,39.25413],[-106.56479,39.25396],[-106.56445,39.25359],[-106.56443,39.25348],[-106.5645,39.25324],[-106.56498,39.25249],[-106.56506,39.25223],[-106.56509,39.25142],[-106.56556,39.25012],[-106.56571,39.24907],[-106.56583,39.24899],[-106.56621,39.24899],[-106.56631,39.24842],[-106.56642,39.24836],[-106.56677,39.24838],[-106.56684,39.24832],[-106.56686,39.24777],[-106.56719,39.24785],[-106.56738,39.2478],[-106.56923,39.246],[-106.56936,39.24579],[-106.56939,39.24555],[-106.56934,39.24531],[-106.56912,39.24492],[-106.569,39.24364],[-106.56937,39.24322],[-106.5696,39.24277],[-106.57019,39.24226],[-106.57033,39.242],[-106.57039,39.24146],[-106.57036,39.24092],[-106.56981,39.23876],[-106.5699,39.23809],[-106.56987,39.2379],[-106.56975,39.2377],[-106.56941,39.23744],[-106.56932,39.23695],[-106.56928,39.23478],[-106.56922,39.23425],[-106.56869,39.23325],[-106.56847,39.23214]]}},{"type":"Feature","properties":{"trail_name":"CHAPMAN LAKE","trail_no":"1923","trail_class":"3","allowed_terra_use":"21"},"geometry":{"type":"LineString","coordinates":[[-106.63608,39.28554],[-106.63585,39.28566],[-106.63557,39.28596],[-106.63517,39.28696],[-106.63377,39.29246]]}},{"type":"Feature","properties":{"trail_name":"SUNDELL","trail_no":"1863","trail_class":"2","allowed_terra_use":"21"},"geometry":{"type":"LineString","coordinates":[[-106.85741,39.49198],[-106.85629,39.4919],[-106.85548,39.49192],[-106.85513,39.49182],[-106.85484,39.49164],[-106.85464,39.49161],[-106.85384,39.49176],[-106.85329,39.49169],[-106.85256,39.49111],[-106.8524,39.49089],[-106.85206,39.49087],[-106.85171,39.49115],[-106.85134,39.49123],[-106.85115,39.49152],[-106.85041,39.49188],[-106.85004,39.4919],[-106.84961,39.49175],[-106.84942,39.49177],[-106.84902,39.49217],[-106.84873,39.49265],[-106.84851,39.49282],[-106.84764,39.49322],[-106.84742,39.49341],[-106.84733,39.49412]]}},{"type":"Feature","properties":{"trail_name":"TELLURIUM LAKE","trail_no":"1917","trail_class":"3","allowed_terra_use":"21"},"geometry":{"type":"LineString","coordinates":[[-106.58756,39.34997],[-106.58787,39.35047],[-106.58795,39.35072],[-106.58724,39.35174],[-106.58728,39.35189],[-106.58746,39.35211],[-106.58647,39.35245],[-106.58577,39.35298],[-106.58564,39.35325],[-106.5856,39.35383],[-106.58482,39.35499],[-106.5842,39.35564],[-106.58252,39.35702],[-106.58192,39.35768],[-106.58125,39.35863],[-106.58036,39.36008],[-106.58036,39.36021],[-106.58045,39.36026],[-106.58096,39.36021],[-106.58104,39.36027],[-106.58053,39.36089],[-106.57959,39.36186],[-106.57951,39.36213],[-106.57947,39.36297],[-106.5794,39.36321],[-106.57853,39.36406],[-106.57816,39.36499],[-106.57679,39.36557],[-106.57662,39.3658],[-106.57645,39.36632],[-106.57585,39.36698],[-106.5756,39.36749],[-106.57541,39.36803],[-106.57533,39.36868],[-106.57538,39.3688],[-106.57601,39.36946],[-106.57634,39.36995],[-106.57677,39.37071],[-106.57689,39.37109],[-106.57687,39.37143],[-106.57639,39.37288],[-106.57688,39.37363],[-106.57689,39.37387],[-106.57676,39.37446],[-106.57702,39.37499],[-106.57736,39.3754],[-106.57738,39.37601],[-106.58091,39.37771],[-106.58211,39.37806],[-106.58238,39.37822],[-106.58301,39.37879],[-106.58382,39.37919],[-106.58418,39.37913],[-106.5856,39.37833],[-106.58688,39.378],[-106.58786,39.37816],[-106.58881,39.37811],[-106.59012,39.37771],[-106.59234,39.37761],[-106.59473,39.37774],[-106.59531,39.37792],[-106.59571,39.37816],[-106.59637,39.37909],[-106.59691,39.37911],[-106.59797,39.38019],[-106.59946,39.38064],[-106.59956,39.38078],[-106.59999,39.38193],[-106.60022,39.38208],[-106.60024,39.38264],[-106.60035,39.38302],[-106.60049,39.38325],[-106.60112,39.38379],[-106.6018,39.38564],[-106.60188,39.38567],[-106.60234,39.38537],[-106.60263,39.38526],[-106.60298,39.38526],[-106.60309,39.38536],[-106.60327,39.38687],[-106.60417,39.38767],[-106.60434,39.38798],[-106.60437,39.38816],[-106.60427,39.38917],[-106.6041,39.38983],[-106.60375,39.39042],[-106.60286,39.39103],[-106.60263,39.39128],[-106.60255,39.392],[-106.60234,39.3922],[-106.60235,39.39238],[-106.60216,39.39274],[-106.60221,39.39325],[-106.60172,39.394],[-106.60114,39.3951],[-106.60111,39.39528],[-106.60116,39.39716],[-106.60124,39.39767],[-106.60183,39.39879],[-106.60252,39.39986],[-106.60323,39.40074],[-106.60385,39.40129],[-106.60406,39.40162],[-106.60414,39.40221],[-106.60435,39.40245],[-106.60446,39.40327],[-106.60456,39.40341],[-106.6053,39.40337],[-106.60642,39.40317],[-106.60744,39.40315],[-106.60785,39.40323],[-106.60852,39.40317],[-106.60885,39.40285],[-106.60916,39.40278],[-106.60948,39.40259],[-106.60975,39.40219],[-106.61082,39.40139],[-106.61098,39.40083],[-106.61146,39.40041],[-106.61187,39.40022],[-106.61288,39.4002],[-106.61333,39.4001],[-106.61393,39.39956],[-106.61426,39.39907],[-106.6146,39.39831],[-106.61516,39.398],[-106.61572,39.39797],[-106.61617,39.39812],[-106.61671,39.39845],[-106.61803,39.39985],[-106.61873,39.40048],[-106.62108,39.40167],[-106.62157,39.40234],[-106.62295,39.40334],[-106.62326,39.40347],[-106.62371,39.40345],[-106.62394,39.4035],[-106.62478,39.4039],[-106.62515,39.40401]]}},{"type":"Feature","properties":{"trail_name":"CHAPMAN GULCH","trail_no":"1920","trail_class":"3","allowed_terra_use":"21"},"geometry":{"type":"LineString","coordinates":[[-106.63106,39.26225],[-106.63064,39.26295],[-106.63051,39.263],[-106.63025,39.26295],[-106.62884,39.26164],[-106.62743,39.26054],[-106.62697,39.26008],[-106.62648,39.25944],[-106.62624,39.25779],[-106.62584,39.25589],[-106.62586,39.25468],[-106.62616,39.2529],[-106.62657,39.25176],[-106.62673,39.25068],[-106.62696,39.24999],[-106.62705,39.24884],[-106.62688,39.2479],[-106.62664,39.24698],[-106.62617,39.24627],[-106.6256,39.24561],[-106.62545,39.24504],[-106.62534,39.24485],[-106.62531,39.24387],[-106.62498,39.2439],[-106.62521,39.24356],[-106.62525,39.24338],[-106.62448,39.24212],[-106.62382,39.24024],[-106.62373,39.23977],[-106.62368,39.23835],[-106.62357,39.23809],[-106.62308,39.23738],[-106.62281,39.23659],[-106.6227,39.23606],[-106.62267,39.23471],[-106.62184,39.2318],[-106.6216,39.23046],[-106.62157,39.2291],[-106.62212,39.2278],[-106.62213,39.22728],[-106.622,39.22631],[-106.62146,39.22548],[-106.62138,39.22522],[-106.62129,39.22468],[-106.62128,39.22414],[-106.62137,39.22361],[-106.62184,39.2223],[-106.62191,39.22149],[-106.62172,39.22069],[-106.6209,39.21833],[-106.62075,39.21728],[-106.62083,39.21673],[-106.6211,39.21593],[-106.62139,39.21545],[-106.62181,39.21501]]}},{"type":"Feature","properties":{"trail_name":"JOSEPHINE LAKE","trail_no":"1916","trail_class":"3","allowed_terra_use":"21"},"geometry":{"type":"LineString","coordinates":[[-106.58301,39.37879],[-106.58198,39.37885],[-106.58168,39.37861],[-106.58058,39.37859],[-106.58016,39.37864],[-106.57939,39.37907],[-106.57938,39.37838],[-106.57922,39.37825],[-106.57901,39.37821],[-106.57799,39.37868],[-106.57694,39.37877],[-106.57678,39.37883],[-106.57669,39.37889],[-106.57588,39.38025],[-106.57563,39.38047],[-106.57479,39.38089],[-106.57476,39.38095],[-106.57556,39.38172],[-106.57586,39.38241],[-106.57508,39.38247],[-106.57419,39.38293],[-106.57338,39.38284],[-106.57288,39.38296],[-106.57181,39.38302],[-106.57153,39.38308],[-106.57072,39.38313],[-106.57019,39.383],[-106.56892,39.38307],[-106.56863,39.38304],[-106.56818,39.38313],[-106.56785,39.38298],[-106.56741,39.38299],[-106.56695,39.3829],[-106.56666,39.3828],[-106.56646,39.38264],[-106.56554,39.38249],[-106.56538,39.38235],[-106.56514,39.38229],[-106.56469,39.38198],[-106.56443,39.38199],[-106.5635,39.38179],[-106.56181,39.38125],[-106.5612,39.38131],[-106.56139,39.38162],[-106.56124,39.38163],[-106.56123,39.38175],[-106.56093,39.38179]]}},{"type":"Feature","properties":{"trail_name":"ROCKY FORK","trail_no":"1931","trail_class":"3","allowed_terra_use":"321"},"geometry":{"type":"LineString","coordinates":[[-106.81957,39.35825],[-106.81956,39.35773],[-106.81919,39.35715],[-106.81902,39.35668],[-106.81907,39.35529],[-106.81888,39.35491],[-106.81846,39.35466],[-106.81824,39.35444],[-106.81796,39.3536],[-106.81797,39.35327],[-106.81853,39.35224],[-106.81867,39.35185],[-106.81845,39.35006],[-106.81706,39.34728],[-106.817,39.34673],[-106.81711,39.3462],[-106.81651,39.34566],[-106.81652,39.3455],[-106.81703,39.34494],[-106.81704,39.34484],[-106.81658,39.34385],[-106.81625,39.34347],[-106.81553,39.34275],[-106.81421,39.34187],[-106.81318,39.34161],[-106.81157,39.34138],[-106.81077,39.34101],[-106.81015,39.34101],[-106.80995,39.3411],[-106.80965,39.3411],[-106.80915,39.34093],[-106.80894,39.34078],[-106.80815,39.34046],[-106.80434,39.34001],[-106.80385,39.33976],[-106.80318,39.33929],[-106.8014,39.33859]]}},{"type":"Feature","properties":{"trail_name":"SLOANE CUT-OFF","trail_no":"1993.3","trail_class":"3","allowed_terra_use":"4321"},"geometry":{"type":"LineString","coordinates":[[-106.86354,39.32878],[-106.86394,39.32874],[-106.86499,39.32934],[-106.8657,39.32941],[-106.86598,39.32951],[-106.86654,39.33018],[-106.86688,39.33037],[-106.8682,39.33051],[-106.86865,39.3305],[-106.86907,39.33079],[-106.86967,39.33097],[-106.87091,39.33096],[-106.87228,39.33083],[-106.8732,39.33084],[-106.87382,39.33075],[-106.87404,39.33054],[-106.87422,39.33023],[-106.87454,39.33015],[-106.87514,39.3304],[-106.87573,39.3303],[-106.87624,39.33041],[-106.87711,39.33015]]}},{"type":"Feature","properties":{"trail_name":"ROCKY FORK","trail_no":"1931","trail_class":"3","allowed_terra_use":"321"},"geometry":{"type":"LineString","coordinates":[[-106.8014,39.33859],[-106.80051,39.33827],[-106.79959,39.3382],[-106.79921,39.33809],[-106.79893,39.33768],[-106.79501,39.33463],[-106.79227,39.33307],[-106.79027,39.33104],[-106.7899,39.33029],[-106.78928,39.33],[-106.78679,39.32903],[-106.78528,39.32852],[-106.78266,39.32778],[-106.78167,39.32712],[-106.78098,39.32631],[-106.77953,39.32594],[-106.77761,39.3245],[-106.77617,39.32378],[-106.77429,39.32228],[-106.77354,39.32124],[-106.77167,39.32014],[-106.7695,39.31777],[-106.76917,39.31753],[-106.76792,39.31721],[-106.76567,39.31676],[-106.76218,39.31645],[-106.75915,39.31688],[-106.75773,39.31675],[-106.75717,39.31679],[-106.75678,39.31693],[-106.75663,39.31692],[-106.7563,39.31679],[-106.75586,39.31636],[-106.75588,39.31613],[-106.75631,39.31571],[-106.75642,39.31546],[-106.75664,39.31529],[-106.75668,39.31501],[-106.75692,39.31482],[-106.75697,39.31467],[-106.75722,39.31447],[-106.75742,39.31415],[-106.75751,39.31396],[-106.75751,39.31365],[-106.75759,39.31341],[-106.75813,39.3126],[-106.75819,39.3123],[-106.75816,39.31005],[-106.75766,39.30909],[-106.75775,39.30664],[-106.75807,39.30588],[-106.75926,39.30495],[-106.75947,39.30471],[-106.75962,39.30442],[-106.76038,39.30165],[-106.7599,39.2996],[-106.75963,39.29806],[-106.75815,39.29627],[-106.75755,39.29464],[-106.75674,39.29419],[-106.75684,39.29299],[-106.75689,39.29269],[-106.75707,39.29233],[-106.75705,39.29209],[-106.75635,39.29057],[-106.75609,39.28899],[-106.75641,39.28825],[-106.75622,39.28805],[-106.756,39.28796],[-106.75602,39.28787],[-106.75562,39.28749],[-106.7553,39.28731],[-106.75456,39.28705],[-106.7537,39.28699],[-106.75304,39.2868],[-106.75215,39.28641],[-106.75228,39.28635],[-106.75325,39.28642],[-106.7545,39.28639],[-106.75511,39.28626],[-106.75596,39.28557],[-106.75612,39.28504],[-106.75625,39.28483],[-106.75628,39.28458],[-106.75642,39.28449],[-106.75654,39.28455],[-106.75674,39.28486],[-106.75753,39.28521],[-106.7577,39.28561],[-106.75781,39.2857],[-106.75833,39.28581],[-106.75835,39.28593],[-106.75819,39.28613],[-106.75831,39.28641],[-106.75843,39.28642],[-106.7584,39.28621],[-106.75845,39.28612],[-106.75883,39.28574],[-106.75886,39.2855],[-106.7588,39.2854],[-106.75845,39.28549],[-106.75832,39.28543],[-106.75827,39.2852],[-106.75834,39.2845],[-106.75788,39.28404],[-106.75759,39.28364],[-106.75692,39.28352],[-106.75671,39.28337],[-106.75637,39.28336],[-106.75615,39.28306],[-106.75559,39.28308],[-106.75554,39.28297],[-106.75564,39.28288],[-106.75565,39.28279],[-106.75535,39.28218],[-106.75518,39.2822],[-106.755,39.28269],[-106.75494,39.28353],[-106.75483,39.28362],[-106.75475,39.28357],[-106.75471,39.28322],[-106.75478,39.28223],[-106.75465,39.28165],[-106.75467,39.28119],[-106.75492,39.28074],[-106.75517,39.28075],[-106.75609,39.2812],[-106.75689,39.28121],[-106.75723,39.28134],[-106.75789,39.28201],[-106.7578,39.28215],[-106.75884,39.28304],[-106.76039,39.2828],[-106.76104,39.28321],[-106.7612,39.28345],[-106.76122,39.28365],[-106.76095,39.28465],[-106.76099,39.28507],[-106.76168,39.28626],[-106.76209,39.28744],[-106.7621,39.28787],[-106.7622,39.28815],[-106.76272,39.28859],[-106.76353,39.28906],[-106.7641,39.28955],[-106.76457,39.28966],[-106.76475,39.2896],[-106.76504,39.28944],[-106.76526,39.28916],[-106.76558,39.28844],[-106.76566,39.28765],[-106.76552,39.28617],[-106.76562,39.28525],[-106.76576,39.28456],[-106.76631,39.28447],[-106.76702,39.28408],[-106.76733,39.28409],[-106.76768,39.28423],[-106.76775,39.28414],[-106.76707,39.28382],[-106.76636,39.28391],[-106.76593,39.28374],[-106.76576,39.28374],[-106.76533,39.28404],[-106.76469,39.28508],[-106.76432,39.28538],[-106.76387,39.28559],[-106.76364,39.2856],[-106.7636,39.28548],[-106.76389,39.28531],[-106.76399,39.28509],[-106.76416,39.28429],[-106.76412,39.28393],[-106.76389,39.28328],[-106.76424,39.28291],[-106.76541,39.28218]]}},{"type":"Feature","properties":{"trail_name":"EAGLE LAKE","trail_no":"1915","trail_class":"3","allowed_terra_use":"21"},"geometry":{"type":"LineString","coordinates":[[-106.61601,39.43254],[-106.61577,39.43241],[-106.61541,39.43251],[-106.61531,39.43263],[-106.61529,39.43322],[-106.61524,39.43331],[-106.61422,39.43337],[-106.61281,39.43302],[-106.60981,39.43301],[-106.60798,39.43246],[-106.60715,39.43264],[-106.60673,39.43231],[-106.60662,39.4323],[-106.60644,39.43237],[-106.60607,39.43267],[-106.60597,39.43267],[-106.60536,39.43216],[-106.60513,39.43206],[-106.60397,39.43237],[-106.60376,39.43263],[-106.60342,39.43351],[-106.60309,39.43372],[-106.60228,39.4339],[-106.60149,39.43393],[-106.60054,39.43373],[-106.60048,39.43368],[-106.6004,39.43317],[-106.60024,39.43308],[-106.5982,39.43333]]}},{"type":"Feature","properties":{"trail_name":"HANNON CREEK","trail_no":"1998","trail_class":"3","allowed_terra_use":"321"},"geometry":{"type":"LineString","coordinates":[[-106.76622,39.2737],[-106.7669,39.27329],[-106.76698,39.27316],[-106.76701,39.27303],[-106.76694,39.27271],[-106.76699,39.27231],[-106.76734,39.2717],[-106.76747,39.27159],[-106.76789,39.27164],[-106.76899,39.27156],[-106.76956,39.27167],[-106.76966,39.27158],[-106.76969,39.27117],[-106.76989,39.27087],[-106.77027,39.27057],[-106.77057,39.27047],[-106.77065,39.27037],[-106.77134,39.27024],[-106.7726,39.27039],[-106.77372,39.27041],[-106.77447,39.27026],[-106.77525,39.26998],[-106.77567,39.26973],[-106.776,39.26965],[-106.77631,39.26969],[-106.77684,39.27009],[-106.77711,39.27016],[-106.77786,39.27067],[-106.77809,39.27074],[-106.77915,39.27087],[-106.78048,39.27069],[-106.78063,39.27088],[-106.78126,39.27116],[-106.78149,39.27143],[-106.78186,39.27224],[-106.78196,39.27236],[-106.78212,39.27241],[-106.7822,39.2723],[-106.78204,39.27205],[-106.78196,39.27121],[-106.78185,39.27092],[-106.78154,39.2705],[-106.78151,39.26993],[-106.78144,39.26977],[-106.78129,39.26973],[-106.7806,39.26988],[-106.78019,39.26987],[-106.77956,39.2696],[-106.78021,39.2692],[-106.78084,39.26902],[-106.78121,39.26874],[-106.78185,39.26793],[-106.78303,39.26717],[-106.78337,39.26699],[-106.78398,39.26682],[-106.7853,39.26678],[-106.78605,39.26698],[-106.78621,39.26719],[-106.78656,39.26829],[-106.78666,39.26832],[-106.79116,39.26726],[-106.79264,39.26736],[-106.79312,39.26728],[-106.79537,39.26664],[-106.79605,39.26639],[-106.79626,39.26616],[-106.7972,39.26426],[-106.79769,39.26342],[-106.79802,39.26304],[-106.79836,39.26285],[-106.79864,39.26278],[-106.79975,39.26281],[-106.80075,39.26296],[-106.80178,39.26324],[-106.80227,39.26345],[-106.80277,39.26371],[-106.80429,39.26516],[-106.80568,39.26624],[-106.8067,39.26364],[-106.80755,39.26253],[-106.80873,39.26131],[-106.81143,39.25913],[-106.81149,39.25901],[-106.81156,39.25825],[-106.8117,39.2579],[-106.81196,39.2576],[-106.81308,39.25595],[-106.81374,39.25446],[-106.81385,39.25375],[-106.81435,39.24913],[-106.81421,39.24878],[-106.81418,39.24777],[-106.81427,39.24762],[-106.81511,39.24751],[-106.81528,39.2471]]}},{"type":"Feature","properties":{"trail_name":"LYLE LAKE","trail_no":"1919","trail_class":"3","allowed_terra_use":"21"},"geometry":{"type":"LineString","coordinates":[[-106.52686,39.29193],[-106.52658,39.29207],[-106.52422,39.29367],[-106.52393,39.29381],[-106.52323,39.29386],[-106.52262,39.29414],[-106.5217,39.29497],[-106.52135,39.29545],[-106.52121,39.29595],[-106.52156,39.29707],[-106.52155,39.29732],[-106.52143,39.29755],[-106.52079,39.29813],[-106.52006,39.2986],[-106.51972,39.29871],[-106.51931,39.29902],[-106.51877,39.29964],[-106.51849,39.29984],[-106.51796,39.30064],[-106.51697,39.30152],[-106.51673,39.3019],[-106.51645,39.30213],[-106.51633,39.30239],[-106.51627,39.30286],[-106.516,39.30323],[-106.51587,39.30352],[-106.51533,39.30408],[-106.51451,39.30538],[-106.51444,39.3057],[-106.51448,39.30604],[-106.51453,39.30615],[-106.51475,39.30625],[-106.51464,39.30643],[-106.51464,39.30664],[-106.51494,39.3071],[-106.51511,39.30787],[-106.51453,39.30841],[-106.51437,39.30865],[-106.51431,39.30893],[-106.51437,39.30919],[-106.51466,39.30968],[-106.51508,39.31013],[-106.51589,39.31053],[-106.51606,39.31069],[-106.51648,39.31138],[-106.51664,39.31187],[-106.51767,39.31363],[-106.51735,39.31424],[-106.51698,39.31574],[-106.51676,39.31613],[-106.51628,39.31668],[-106.51594,39.31787],[-106.51451,39.31995],[-106.5146,39.32045],[-106.51454,39.3207],[-106.51416,39.32095],[-106.51409,39.32108],[-106.51395,39.32138],[-106.51379,39.32224],[-106.51369,39.32249],[-106.51333,39.32295],[-106.51271,39.32349],[-106.51138,39.32408],[-106.51085,39.32442],[-106.51022,39.32505],[-106.50909,39.32644]]}},{"type":"Feature","properties":{"trail_name":"CHAPMAN INTERPRETIVE","trail_no":"1925","trail_class":"3","allowed_terra_use":"1"},"geometry":{"type":"LineString","coordinates":[[-106.63839,39.31473],[-106.63913,39.31401],[-106.63936,39.31386],[-106.64082,39.31321],[-106.64102,39.31304],[-106.64103,39.3129],[-106.64093,39.31268],[-106.64079,39.31254],[-106.63804,39.3111],[-106.63759,39.31094],[-106.63677,39.31082],[-106.6361,39.31083],[-106.63547,39.31174]]}},{"type":"Feature","properties":{"trail_name":"TELLURIUM LAKE","trail_no":"1917","trail_class":"2","allowed_terra_use":"21"},"geometry":{"type":"LineString","coordinates":[[-106.62515,39.40401],[-106.6254,39.40403],[-106.62572,39.40342],[-106.62619,39.40336],[-106.62696,39.40295],[-106.62727,39.40295],[-106.62788,39.40319],[-106.62848,39.40329],[-106.6294,39.40329],[-106.62983,39.40315],[-106.63043,39.40306],[-106.63079,39.4029],[-106.6334,39.40232],[-106.63365,39.40221],[-106.63391,39.40201],[-106.63416,39.40126],[-106.63433,39.40105],[-106.63503,39.40071],[-106.63521,39.40075],[-106.63555,39.40097],[-106.63585,39.40094],[-106.63639,39.40072],[-106.63691,39.40034],[-106.63772,39.39944],[-106.63809,39.39911],[-106.63872,39.39826],[-106.63889,39.39791],[-106.63923,39.39756],[-106.63981,39.39726],[-106.64015,39.39699],[-106.64124,39.39574],[-106.64206,39.39458],[-106.64274,39.39315],[-106.64326,39.39258],[-106.64377,39.39119],[-106.64398,39.39078],[-106.64421,39.39056],[-106.64473,39.39037],[-106.64542,39.39025],[-106.64565,39.39008],[-106.6459,39.38877],[-106.64739,39.38742],[-106.64794,39.38678],[-106.64809,39.38651],[-106.64822,39.38609],[-106.64846,39.38585],[-106.6486,39.38558],[-106.64935,39.38502],[-106.64973,39.38436],[-106.65027,39.38378],[-106.65064,39.38328],[-106.65085,39.38273],[-106.65096,39.38158],[-106.65079,39.38087],[-106.65032,39.37948],[-106.6505,39.37877],[-106.65087,39.37805]]}},{"type":"Feature","properties":{"trail_name":"IRONEDGE","trail_no":"1873","trail_class":"3","allowed_terra_use":"321"},"geometry":{"type":"LineString","coordinates":[[-106.62715,39.45966],[-106.62823,39.45993],[-106.6288,39.46024],[-106.62935,39.46036]]}},{"type":"Feature","properties":{"trail_name":"LILY PAD LAKE","trail_no":"1907","trail_class":"3","allowed_terra_use":"321"},"geometry":{"type":"LineString","coordinates":[[-106.52254,39.25321],[-106.52255,39.25307],[-106.52274,39.25269],[-106.52285,39.2525],[-106.52319,39.25216],[-106.52334,39.25178],[-106.52419,39.25111],[-106.52432,39.25084],[-106.5247,39.25056],[-106.52491,39.25015],[-106.52499,39.24977],[-106.52488,39.24939],[-106.52503,39.24904],[-106.52492,39.2481],[-106.5251,39.24756],[-106.52489,39.24717],[-106.52474,39.24555],[-106.52457,39.24522],[-106.52449,39.24439],[-106.52461,39.24441],[-106.52551,39.24577],[-106.52562,39.24581],[-106.52536,39.24405],[-106.52525,39.24225],[-106.52562,39.24262],[-106.52609,39.24295],[-106.52643,39.2434],[-106.52688,39.24379],[-106.52696,39.24373],[-106.52697,39.24345],[-106.52709,39.24325],[-106.52709,39.24281],[-106.5277,39.2435],[-106.52776,39.2435],[-106.52768,39.24278],[-106.52754,39.2425],[-106.52744,39.2421],[-106.52753,39.24207],[-106.52775,39.24235],[-106.52816,39.24267],[-106.52845,39.24312],[-106.52867,39.24328],[-106.52921,39.24344],[-106.52935,39.24356],[-106.52967,39.24367],[-106.53,39.24424],[-106.53025,39.24435],[-106.53028,39.24455]]}},{"type":"Feature","properties":{"trail_name":"EAGLE LAKE","trail_no":"1915","trail_class":"3","allowed_terra_use":"21"},"geometry":{"type":"LineString","coordinates":[[-106.63943,39.42264],[-106.6393,39.42308],[-106.63905,39.42349],[-106.63754,39.42475],[-106.6362,39.42604],[-106.63327,39.42819],[-106.6308,39.42923],[-106.62789,39.43022],[-106.6274,39.43032],[-106.62554,39.43161],[-106.62212,39.43302]]}},{"type":"Feature","properties":{"trail_name":"JOHNSON CREEK","trail_no":"2184.1","trail_class":"3","allowed_terra_use":"321"},"geometry":{"type":"LineString","coordinates":[[-106.74076,39.26007],[-106.74199,39.25956],[-106.74271,39.25895],[-106.74406,39.2582],[-106.74502,39.25781],[-106.74521,39.25765],[-106.7465,39.25695],[-106.74699,39.25646],[-106.74709,39.25653],[-106.74689,39.25745],[-106.74704,39.2575],[-106.7483,39.25626],[-106.74858,39.25566],[-106.7497,39.255],[-106.75067,39.2548],[-106.75103,39.25463],[-106.75189,39.25473],[-106.75245,39.2544],[-106.75285,39.25426],[-106.75294,39.25429],[-106.75302,39.25442],[-106.75304,39.25489],[-106.75277,39.25497],[-106.75229,39.25541],[-106.75158,39.25572],[-106.75124,39.25616],[-106.75083,39.2564],[-106.75082,39.25647],[-106.75087,39.25651],[-106.75203,39.25647],[-106.753,39.25666],[-106.75319,39.25685],[-106.75356,39.25699],[-106.75398,39.25755],[-106.75435,39.25784],[-106.75508,39.25819],[-106.75586,39.25841],[-106.75609,39.25823],[-106.75643,39.2582],[-106.75676,39.25829],[-106.75741,39.2586],[-106.75775,39.25903],[-106.75792,39.25916],[-106.75803,39.25916],[-106.7577,39.25753],[-106.7578,39.25731],[-106.75801,39.25712],[-106.75807,39.25695],[-106.75808,39.25677],[-106.75788,39.25588],[-106.75795,39.2557]]}},{"type":"Feature","properties":{"trail_name":"SAVAGE LAKES","trail_no":"1918","trail_class":"3","allowed_terra_use":"21"},"geometry":{"type":"LineString","coordinates":[[-106.5333,39.36377],[-106.52865,39.36551],[-106.52375,39.36651],[-106.52338,39.36644],[-106.52329,39.36633],[-106.52325,39.36518],[-106.52292,39.36493]]}},{"type":"Feature","properties":{"trail_name":"SAVAGE LAKES","trail_no":"1918","trail_class":"3","allowed_terra_use":"21"},"geometry":{"type":"LineString","coordinates":[[-106.54072,39.35916],[-106.54045,39.3609],[-106.54068,39.36152],[-106.54067,39.36167],[-106.5406,39.36172],[-106.53956,39.36177],[-106.53738,39.36245],[-106.53623,39.36301],[-106.5333,39.36377]]}},{"type":"Feature","properties":{"trail_name":"LAST CHANCE CREEK","trail_no":"1945","trail_class":"3","allowed_terra_use":"21"},"geometry":{"type":"LineString","coordinates":[[-106.63329,39.36528],[-106.63291,39.36582],[-106.63265,39.36605],[-106.63203,39.36625],[-106.63067,39.36653],[-106.62988,39.36677],[-106.62849,39.36747],[-106.62552,39.3692],[-106.62408,39.36983],[-106.62348,39.37032],[-106.62318,39.3707],[-106.62268,39.37096],[-106.62229,39.37128],[-106.62163,39.37167],[-106.62081,39.37196],[-106.62003,39.37209],[-106.61888,39.3722],[-106.61733,39.37226],[-106.61634,39.3724],[-106.61574,39.37297],[-106.61522,39.37309],[-106.61415,39.37312],[-106.61381,39.37325],[-106.61271,39.37377],[-106.61165,39.37445],[-106.61087,39.37474],[-106.61046,39.37504],[-106.6093,39.37544],[-106.60895,39.37568],[-106.6086,39.37611],[-106.60821,39.37646],[-106.60799,39.37658],[-106.60554,39.37769],[-106.6048,39.37791],[-106.60395,39.37838],[-106.6033,39.37864],[-106.60252,39.37934],[-106.60231,39.37963],[-106.60192,39.37983],[-106.60098,39.38054],[-106.60055,39.38115],[-106.60032,39.38195],[-106.60018,39.38202]]}},{"type":"Feature","properties":{"trail_name":"CHAPMAN LAKE","trail_no":"1923","trail_class":"3","allowed_terra_use":"21"},"geometry":{"type":"LineString","coordinates":[[-106.63377,39.29246],[-106.63364,39.29301],[-106.6334,39.29346],[-106.63286,39.29366],[-106.63198,39.29366],[-106.63171,39.2941],[-106.63141,39.29441],[-106.63116,39.29451],[-106.63098,39.29446],[-106.63029,39.29398],[-106.6295,39.29307],[-106.62863,39.29293],[-106.62833,39.29245],[-106.62794,39.29201],[-106.62773,39.29158],[-106.62753,39.29134],[-106.62701,39.29083],[-106.6267,39.29067],[-106.62631,39.29033],[-106.62592,39.2902]]}},{"type":"Feature","properties":{"trail_name":"RED CANYON","trail_no":"1934","trail_class":"3","allowed_terra_use":"4321"},"geometry":{"type":"LineString","coordinates":[[-106.85425,39.32698],[-106.85411,39.32728],[-106.85367,39.32747],[-106.85311,39.32745],[-106.85288,39.32758],[-106.85266,39.32749],[-106.85211,39.32747],[-106.85175,39.32752],[-106.85139,39.32765],[-106.85079,39.32765],[-106.85056,39.32771],[-106.84981,39.32719],[-106.84919,39.32707],[-106.84892,39.32713],[-106.8482,39.32749],[-106.8476,39.32728],[-106.84663,39.32729],[-106.84648,39.32736],[-106.84641,39.32751],[-106.84636,39.32792],[-106.84609,39.32808],[-106.84569,39.32812],[-106.84481,39.32802],[-106.84451,39.32804],[-106.84418,39.32812],[-106.84305,39.32861],[-106.84251,39.32942],[-106.84239,39.32955],[-106.84205,39.32971],[-106.84194,39.33032],[-106.83989,39.33236],[-106.83901,39.33412],[-106.83886,39.33456],[-106.83843,39.33482],[-106.83805,39.33516],[-106.83788,39.33596],[-106.8379,39.33686]]}},{"type":"Feature","properties":{"trail_name":"MOUNT THOMAS","trail_no":"1870","trail_class":"3","allowed_terra_use":"21"},"geometry":{"type":"LineString","coordinates":[[-106.7153,39.42506],[-106.71351,39.42547]]}},{"type":"Feature","properties":{"trail_name":"MONTGOMERY FLATS","trail_no":"1908","trail_class":"3","allowed_terra_use":"321"},"geometry":{"type":"LineString","coordinates":[[-106.67767,39.35286],[-106.67826,39.35278],[-106.67853,39.35217],[-106.67915,39.35173],[-106.6792,39.35154],[-106.67908,39.35115],[-106.67912,39.35079]]}},{"type":"Feature","properties":{"trail_name":"MOUNT THOMAS","trail_no":"1870","trail_class":"3","allowed_terra_use":"21"},"geometry":{"type":"LineString","coordinates":[[-106.89109,39.44038],[-106.89045,39.44049],[-106.88929,39.44051],[-106.88912,39.44056],[-106.88815,39.44018],[-106.8875,39.44025],[-106.88702,39.44038],[-106.88675,39.44053],[-106.88533,39.4417],[-106.88433,39.44195],[-106.88366,39.44204],[-106.88186,39.44196],[-106.88117,39.44183],[-106.88002,39.44148],[-106.87927,39.44111],[-106.87875,39.44074],[-106.87749,39.43919],[-106.87724,39.43869],[-106.87697,39.43775],[-106.87679,39.43626],[-106.87657,39.43576],[-106.87624,39.43549],[-106.87485,39.43517],[-106.87143,39.43461],[-106.87066,39.43435],[-106.86944,39.43412],[-106.86804,39.43355],[-106.86736,39.43366],[-106.86681,39.43352],[-106.86538,39.4324],[-106.86433,39.43123],[-106.86394,39.4305],[-106.86265,39.42918],[-106.86218,39.42856],[-106.86202,39.42846],[-106.85943,39.42776],[-106.85899,39.4278],[-106.85818,39.42774],[-106.85728,39.42733],[-106.85661,39.42714],[-106.85569,39.42711],[-106.85524,39.42701],[-106.85326,39.42568],[-106.85251,39.42532],[-106.85197,39.4252],[-106.85137,39.42516],[-106.84976,39.42529],[-106.84947,39.42523],[-106.84873,39.42482],[-106.84778,39.42404],[-106.84709,39.42362],[-106.84656,39.42343],[-106.84567,39.42323],[-106.84306,39.42179],[-106.84227,39.42154],[-106.84182,39.42148],[-106.84103,39.42154],[-106.83999,39.42206],[-106.83947,39.42216],[-106.83899,39.42205],[-106.83824,39.4217],[-106.83797,39.42165],[-106.83639,39.42192],[-106.83595,39.4221],[-106.83514,39.42278],[-106.83468,39.42303],[-106.83192,39.42377],[-106.83126,39.42376],[-106.82928,39.42329],[-106.82899,39.42326],[-106.82865,39.42333],[-106.82754,39.4237],[-106.82687,39.42405],[-106.82533,39.42517],[-106.8249,39.42566],[-106.8243,39.42622],[-106.82347,39.42653],[-106.82315,39.42653],[-106.82279,39.42635],[-106.82268,39.42608],[-106.82247,39.42487],[-106.82232,39.42481],[-106.82222,39.42519],[-106.82146,39.42593],[-106.82126,39.42668],[-106.82104,39.42705],[-106.82068,39.42748],[-106.82008,39.42788],[-106.81946,39.42888],[-106.81909,39.42931],[-106.8179,39.42993],[-106.81646,39.43032],[-106.81529,39.43025],[-106.81486,39.43011],[-106.81471,39.43012],[-106.81336,39.42979],[-106.81268,39.42972],[-106.81198,39.42953],[-106.81025,39.42964],[-106.80915,39.42931],[-106.80822,39.42932],[-106.80761,39.42915],[-106.80708,39.42924],[-106.80528,39.4288],[-106.80431,39.42884],[-106.80405,39.42875],[-106.80328,39.4276],[-106.80243,39.42722],[-106.79955,39.42692],[-106.79814,39.42638],[-106.79573,39.42583],[-106.79529,39.42563],[-106.79467,39.42521],[-106.79416,39.42474],[-106.79389,39.42442],[-106.79327,39.42308],[-106.79308,39.42291],[-106.79293,39.42258],[-106.79245,39.42201],[-106.79199,39.42179],[-106.79169,39.42147],[-106.79096,39.42109],[-106.7901,39.42084],[-106.78947,39.42037],[-106.78838,39.41982],[-106.78789,39.4194],[-106.78728,39.41933],[-106.78609,39.41881],[-106.78551,39.41882],[-106.78514,39.41893],[-106.78487,39.41894],[-106.78355,39.41876],[-106.78343,39.41868],[-106.78344,39.41857],[-106.78316,39.41841],[-106.78308,39.41829],[-106.78255,39.41815],[-106.78206,39.41791],[-106.78128,39.41739],[-106.78045,39.41721],[-106.78014,39.41724],[-106.77942,39.41755],[-106.77865,39.41773],[-106.77738,39.41775],[-106.77642,39.41787],[-106.77603,39.41781],[-106.77573,39.41765],[-106.77548,39.41774],[-106.77461,39.41773],[-106.77408,39.41777],[-106.77391,39.41785],[-106.77333,39.41787],[-106.77305,39.41801],[-106.7728,39.41795],[-106.77156,39.4181],[-106.77122,39.41817],[-106.77099,39.41829],[-106.7699,39.41841],[-106.76887,39.41877],[-106.76829,39.41905],[-106.76799,39.41942],[-106.76756,39.4198],[-106.76752,39.42002],[-106.7674,39.42017],[-106.76735,39.42058],[-106.76666,39.4214],[-106.76639,39.42192],[-106.7658,39.42233],[-106.76551,39.42242],[-106.76459,39.4229],[-106.76442,39.4229],[-106.76438,39.42281],[-106.76384,39.42262],[-106.76349,39.42265],[-106.76374,39.42242],[-106.76322,39.4225],[-106.76275,39.4227],[-106.76287,39.42243],[-106.7633,39.42205],[-106.76209,39.42231],[-106.76187,39.42241],[-106.76186,39.42231],[-106.76206,39.42211],[-106.76195,39.42203],[-106.76173,39.42215],[-106.76071,39.4222],[-106.75975,39.42238],[-106.75835,39.42234],[-106.75661,39.42242],[-106.75614,39.42226],[-106.7548,39.42213],[-106.75471,39.42198],[-106.75405,39.42182],[-106.75376,39.42183],[-106.75291,39.42161],[-106.75246,39.4214],[-106.75193,39.4213],[-106.75128,39.42134],[-106.75076,39.42122],[-106.75052,39.42129],[-106.74944,39.42117],[-106.74929,39.421],[-106.74876,39.42082],[-106.74856,39.42051],[-106.74832,39.42035],[-106.74727,39.41979],[-106.74649,39.41958],[-106.74575,39.41915],[-106.74529,39.41899],[-106.74472,39.41868],[-106.74344,39.41844],[-106.74341,39.41889],[-106.743,39.41951],[-106.74271,39.41981],[-106.74218,39.42018],[-106.74197,39.42048],[-106.74131,39.42084],[-106.73958,39.42145],[-106.7382,39.42158],[-106.73716,39.42143],[-106.73556,39.42132],[-106.73464,39.42114],[-106.7331,39.42124],[-106.73305,39.4213],[-106.732,39.42151],[-106.73152,39.42168],[-106.72734,39.42393],[-106.72528,39.42434],[-106.72464,39.42438],[-106.72401,39.42433],[-106.7223,39.42402],[-106.71951,39.42316],[-106.71825,39.4231],[-106.71729,39.42321],[-106.71703,39.42317],[-106.71711,39.42339],[-106.71708,39.4235],[-106.71667,39.42407],[-106.71654,39.42441],[-106.71642,39.42438],[-106.71631,39.42421],[-106.71623,39.42433],[-106.71613,39.42478],[-106.71588,39.42484],[-106.71571,39.42479],[-106.7153,39.42506]]}},{"type":"Feature","properties":{"trail_name":"MONTGOMERY FLATS","trail_no":"1908","trail_class":"3","allowed_terra_use":"321"},"geometry":{"type":"LineString","coordinates":[[-106.66693,39.35688],[-106.66731,39.35679],[-106.66784,39.35679],[-106.66876,39.35693],[-106.66892,39.35686],[-106.66994,39.35487],[-106.67098,39.35397],[-106.67345,39.35383],[-106.67508,39.354],[-106.67611,39.35351],[-106.67669,39.35296],[-106.67767,39.35286]]}},{"type":"Feature","properties":{"trail_name":"MOUNT THOMAS","trail_no":"1870","trail_class":"3","allowed_terra_use":"21"},"geometry":{"type":"LineString","coordinates":[[-106.71351,39.42547],[-106.71027,39.42613],[-106.7089,39.42627],[-106.70741,39.42683],[-106.70628,39.42706],[-106.70509,39.42757],[-106.70337,39.42854],[-106.70223,39.42898],[-106.70212,39.42894],[-106.70209,39.42884],[-106.70202,39.42885],[-106.70178,39.42905],[-106.70158,39.42946],[-106.70193,39.42963],[-106.70092,39.42975],[-106.7005,39.43042],[-106.70009,39.43047],[-106.69965,39.43031],[-106.6995,39.43014],[-106.69956,39.42996],[-106.69855,39.43023],[-106.69844,39.43032],[-106.69839,39.43052],[-106.6983,39.43056],[-106.69818,39.43052],[-106.69801,39.43029],[-106.69801,39.43013],[-106.6981,39.42997],[-106.69843,39.42973],[-106.69866,39.42945],[-106.69751,39.4295],[-106.69689,39.42966],[-106.69706,39.42938],[-106.69757,39.42889],[-106.69565,39.42919],[-106.69496,39.42937],[-106.69441,39.43007],[-106.69408,39.43038],[-106.6933,39.43083],[-106.69201,39.43131],[-106.69032,39.43155],[-106.68976,39.43148],[-106.68899,39.43166],[-106.68772,39.4318],[-106.68727,39.43202],[-106.68699,39.43228],[-106.68645,39.43254],[-106.68509,39.43344],[-106.68485,39.43375],[-106.68432,39.43473],[-106.68395,39.43588],[-106.68392,39.43619],[-106.68398,39.43636],[-106.68387,39.43637],[-106.68366,39.43621]]}},{"type":"Feature","properties":{"trail_name":"EAGLE LAKE","trail_no":"1915","trail_class":"3","allowed_terra_use":"21"},"geometry":{"type":"LineString","coordinates":[[-106.62212,39.43302],[-106.6216,39.4332],[-106.62117,39.43323],[-106.62098,39.43341],[-106.62084,39.43344],[-106.62028,39.43346],[-106.61961,39.43327],[-106.619,39.43339],[-106.61875,39.43359],[-106.61859,39.43364],[-106.61809,39.43367],[-106.61739,39.43355],[-106.61672,39.43363],[-106.61655,39.43359],[-106.61639,39.43343],[-106.61637,39.43314],[-106.61601,39.43254]]}},{"type":"Feature","properties":{"trail_name":"SLIM JIM","trail_no":"1928","trail_class":"2","allowed_terra_use":"21"},"geometry":{"type":"LineString","coordinates":[[-106.63893,39.42242],[-106.63863,39.42186],[-106.6387,39.42154],[-106.63875,39.42047],[-106.63871,39.42017],[-106.63856,39.41991],[-106.63798,39.41964],[-106.63745,39.41952],[-106.63622,39.41951],[-106.63507,39.41895],[-106.63287,39.41855],[-106.63271,39.41847],[-106.63378,39.41569],[-106.63375,39.41557],[-106.63351,39.41549],[-106.63333,39.41552],[-106.63213,39.41601],[-106.63205,39.41597],[-106.63158,39.41527],[-106.63122,39.41514],[-106.63055,39.41518],[-106.62998,39.41471],[-106.6296,39.41465],[-106.62943,39.41449],[-106.62901,39.41384],[-106.62947,39.41348],[-106.62957,39.41314],[-106.62945,39.4125],[-106.62744,39.41104],[-106.62706,39.41062],[-106.62665,39.40999],[-106.62698,39.40825],[-106.62658,39.40755],[-106.62601,39.40699],[-106.626,39.40683],[-106.62614,39.40645],[-106.62615,39.40529],[-106.62586,39.4045],[-106.6256,39.40414],[-106.62532,39.40406]]}},{"type":"Feature","properties":{"trail_name":"LOST LAKE","trail_no":"2224","trail_class":"2","allowed_terra_use":"21"},"geometry":{"type":"LineString","coordinates":[[-106.78861,39.48148],[-106.78889,39.48096],[-106.78889,39.48063],[-106.78902,39.48011],[-106.78887,39.4798],[-106.78888,39.4797],[-106.78903,39.47961],[-106.78933,39.4796],[-106.79042,39.48004],[-106.79071,39.47992],[-106.79117,39.47952],[-106.79197,39.47912],[-106.79213,39.47898],[-106.79261,39.47813],[-106.79263,39.47737],[-106.79283,39.47731],[-106.79385,39.47659],[-106.79415,39.47654],[-106.79426,39.4763],[-106.79435,39.4758],[-106.79461,39.47565],[-106.79482,39.47543],[-106.79563,39.47516],[-106.79639,39.47461]]}},{"type":"Feature","properties":{"trail_name":"MCKENZIE GULCH","trail_no":"1869","trail_class":"3","allowed_terra_use":"321"},"geometry":{"type":"LineString","coordinates":[[-106.75519,39.50565],[-106.75585,39.50517],[-106.75658,39.50495],[-106.75687,39.50477],[-106.7575,39.50484],[-106.75851,39.5047],[-106.759,39.5047],[-106.75992,39.50481],[-106.76092,39.50479],[-106.76152,39.50491],[-106.76225,39.50469],[-106.76312,39.50396],[-106.76311,39.50383],[-106.76281,39.50359],[-106.76306,39.50312],[-106.7637,39.50336],[-106.76387,39.50329],[-106.76392,39.50287],[-106.76388,39.50221],[-106.76406,39.50182],[-106.7644,39.50168],[-106.76535,39.50166],[-106.76561,39.50171],[-106.7658,39.50193],[-106.76594,39.5025],[-106.76613,39.50251],[-106.76638,39.50208],[-106.76705,39.5018],[-106.76779,39.50133],[-106.76848,39.50045],[-106.76919,39.50022],[-106.77103,39.50046],[-106.7721,39.50068],[-106.7746,39.50154],[-106.77476,39.50134],[-106.77465,39.50125],[-106.77468,39.50052],[-106.77444,39.49949],[-106.77421,39.49918],[-106.7734,39.49828],[-106.77268,39.49803],[-106.7719,39.49808],[-106.77159,39.49796],[-106.77126,39.49725],[-106.77116,39.49633],[-106.77124,39.49596],[-106.77155,39.49543],[-106.77177,39.49529],[-106.77227,39.49447],[-106.77178,39.49395],[-106.77171,39.49367],[-106.7718,39.49344],[-106.77311,39.49247],[-106.77341,39.49237]]}},{"type":"Feature","properties":{"trail_name":"ANTONES","trail_no":"1871","trail_class":"2","allowed_terra_use":"21"},"geometry":{"type":"LineString","coordinates":[[-106.7431,39.46846],[-106.74349,39.4686],[-106.74356,39.46871],[-106.74358,39.46898],[-106.74388,39.46926],[-106.74402,39.46912],[-106.74406,39.46892],[-106.7451,39.468],[-106.74536,39.46752],[-106.74585,39.46717],[-106.74609,39.4668],[-106.74644,39.46657],[-106.74685,39.46647],[-106.74729,39.4661],[-106.74803,39.46513],[-106.74842,39.46441],[-106.74927,39.46396],[-106.74976,39.46359],[-106.75012,39.4632],[-106.75043,39.463],[-106.75056,39.46283],[-106.7506,39.46256],[-106.75119,39.46181],[-106.75228,39.46119],[-106.75326,39.46074],[-106.75372,39.46067],[-106.7544,39.46082],[-106.75474,39.46097],[-106.75516,39.46128],[-106.75553,39.4614],[-106.75592,39.46163],[-106.7566,39.4617],[-106.75699,39.46163],[-106.75743,39.46176],[-106.75874,39.46143],[-106.75969,39.46109],[-106.75992,39.46091],[-106.76038,39.46073],[-106.76107,39.46072],[-106.76205,39.46005],[-106.76337,39.45997],[-106.76449,39.45947],[-106.76607,39.45895],[-106.76637,39.45874],[-106.76669,39.45863],[-106.76717,39.45866],[-106.768,39.459],[-106.76859,39.45907],[-106.76885,39.45922],[-106.76993,39.45946],[-106.77052,39.45951],[-106.77087,39.45975],[-106.77121,39.46014],[-106.77136,39.46022],[-106.77166,39.46028],[-106.7719,39.46022],[-106.77222,39.46033],[-106.77254,39.46055],[-106.77262,39.46063],[-106.77249,39.46093],[-106.77257,39.46102],[-106.7731,39.46117],[-106.77338,39.46157],[-106.77363,39.46173],[-106.77387,39.46203],[-106.77614,39.46389],[-106.77637,39.46435],[-106.77651,39.46491],[-106.7764,39.46554],[-106.7762,39.46602],[-106.77608,39.46656],[-106.77627,39.46715],[-106.77619,39.46736],[-106.7763,39.46745],[-106.77674,39.46753],[-106.77734,39.4679]]}},{"type":"Feature","properties":{"trail_name":"NEW YORK MOUNTAIN","trail_no":"1876","trail_class":"2","allowed_terra_use":"21"},"geometry":{"type":"LineString","coordinates":[[-106.62545,39.50734],[-106.62443,39.50662],[-106.62403,39.50647],[-106.62258,39.50619],[-106.62214,39.50601],[-106.62094,39.50515],[-106.61996,39.50475],[-106.61926,39.50437],[-106.61858,39.50379],[-106.6181,39.50317],[-106.61786,39.50256],[-106.61784,39.5022],[-106.61815,39.50059],[-106.61821,39.49989],[-106.61805,39.49972],[-106.61746,39.49958],[-106.61701,39.4994],[-106.61685,39.49922],[-106.61682,39.49887],[-106.61699,39.4985],[-106.61763,39.49799],[-106.61786,39.49796],[-106.61794,39.49801],[-106.61808,39.49843],[-106.6182,39.49865],[-106.61833,39.49875],[-106.61878,39.49895],[-106.61908,39.49897],[-106.61965,39.49843],[-106.61994,39.49825],[-106.6209,39.49824],[-106.62115,39.49819],[-106.62133,39.49805],[-106.62173,39.49753],[-106.62381,39.49735]]}},{"type":"Feature","properties":{"trail_name":"FULFORD CAVE","trail_no":"1875","trail_class":"3","allowed_terra_use":"1"},"geometry":{"type":"LineString","coordinates":[[-106.65669,39.49469],[-106.65665,39.49454]]}},{"type":"Feature","properties":{"trail_name":"FULFORD CAVE","trail_no":"1875","trail_class":"3","allowed_terra_use":"1"},"geometry":{"type":"LineString","coordinates":[[-106.65665,39.49454],[-106.65657,39.4944],[-106.65576,39.49447],[-106.65537,39.4946],[-106.65524,39.49458],[-106.65511,39.49463],[-106.65514,39.4948],[-106.65504,39.49495],[-106.65448,39.49509],[-106.65445,39.49499],[-106.65459,39.49477],[-106.65434,39.4948],[-106.65441,39.49452],[-106.65406,39.49456]]}},{"type":"Feature","properties":{"trail_name":"FULFORD CAVE","trail_no":"1875","trail_class":"3","allowed_terra_use":"1"},"geometry":{"type":"LineString","coordinates":[[-106.65843,39.49228],[-106.65857,39.49247],[-106.65854,39.49255],[-106.65836,39.49255],[-106.65813,39.4924],[-106.65785,39.49243],[-106.65771,39.49259],[-106.65852,39.49309],[-106.65803,39.49314],[-106.65802,39.4932],[-106.6582,39.49332],[-106.6582,39.49339],[-106.65761,39.4934],[-106.65757,39.49344],[-106.65757,39.4938],[-106.65715,39.49375],[-106.65702,39.4939],[-106.65699,39.49403],[-106.65711,39.4943],[-106.65703,39.49453],[-106.65669,39.49469]]}},{"type":"Feature","properties":{"trail_name":"MONTGOMERY FLATS TIE","trail_no":"1908.2","trail_class":"3","allowed_terra_use":"321"},"geometry":{"type":"LineString","coordinates":[[-106.66166,39.35502],[-106.66002,39.35708],[-106.65953,39.35791]]}},{"type":"Feature","properties":{"trail_name":"ARBANEY-KITTLE","trail_no":"2186","trail_class":"3","allowed_terra_use":"4321"},"geometry":{"type":"LineString","coordinates":[[-106.89485,39.34577],[-106.89469,39.3457],[-106.89447,39.3453],[-106.89417,39.34504],[-106.89358,39.34493],[-106.89283,39.34508],[-106.89223,39.34553],[-106.89173,39.34618],[-106.89134,39.34648],[-106.88999,39.34719],[-106.88882,39.34795],[-106.8877,39.34836],[-106.88726,39.34879],[-106.88643,39.34936],[-106.88446,39.35001],[-106.88338,39.35008],[-106.88206,39.34977],[-106.88172,39.34961],[-106.88093,39.34942],[-106.88044,39.34919],[-106.88008,39.34911],[-106.8791,39.34869],[-106.87886,39.34848],[-106.8782,39.34813],[-106.87785,39.34807],[-106.87725,39.34811],[-106.87628,39.34807],[-106.87634,39.34809],[-106.87584,39.34787],[-106.87537,39.34757],[-106.87447,39.34726],[-106.87365,39.34618],[-106.87227,39.34513],[-106.87207,39.34503],[-106.87028,39.34463],[-106.86883,39.34373],[-106.86665,39.34308],[-106.86424,39.34194],[-106.86357,39.34187],[-106.86281,39.34169],[-106.86134,39.34123],[-106.86058,39.34125],[-106.86014,39.34116],[-106.85935,39.34123],[-106.8576,39.34099],[-106.85742,39.34088],[-106.85698,39.33986],[-106.85656,39.33945],[-106.85562,39.33904],[-106.85447,39.33942],[-106.85377,39.33895],[-106.85205,39.33829],[-106.85152,39.33825],[-106.84993,39.33786],[-106.84976,39.33786],[-106.84937,39.33815],[-106.84883,39.33826],[-106.84823,39.33816],[-106.84808,39.33807],[-106.84786,39.33781],[-106.84757,39.33768],[-106.84627,39.33831],[-106.84575,39.33828],[-106.84525,39.33808],[-106.84398,39.33699],[-106.84348,39.33696],[-106.84254,39.33709],[-106.84179,39.33729],[-106.84158,39.33727],[-106.84137,39.33722],[-106.84029,39.33644],[-106.83995,39.33626],[-106.83934,39.33635],[-106.83802,39.33701],[-106.83643,39.33505],[-106.83599,39.33481],[-106.83544,39.33477],[-106.83293,39.33512],[-106.83224,39.33497],[-106.83188,39.33481],[-106.8318,39.33473],[-106.83139,39.33359],[-106.83126,39.33256],[-106.83114,39.33244],[-106.83115,39.33232],[-106.83125,39.33224],[-106.83091,39.33146],[-106.83035,39.33106],[-106.83031,39.33061],[-106.83023,39.33038],[-106.82975,39.32971],[-106.82978,39.3288],[-106.82933,39.32829],[-106.828,39.32807],[-106.82769,39.32781],[-106.82712,39.32756],[-106.82679,39.32731],[-106.82652,39.32728],[-106.82624,39.32735],[-106.82556,39.32711],[-106.82501,39.32683],[-106.82383,39.32585],[-106.8236,39.32546],[-106.82251,39.32437],[-106.82219,39.32413],[-106.82201,39.32386],[-106.82156,39.32379],[-106.82106,39.32336],[-106.82078,39.32301],[-106.8204,39.3228],[-106.81964,39.32255],[-106.81901,39.32209],[-106.81884,39.32169],[-106.81876,39.32128],[-106.81835,39.32075],[-106.81712,39.3203],[-106.81697,39.32004],[-106.81597,39.31961],[-106.81546,39.31922],[-106.81439,39.31861],[-106.81266,39.31817],[-106.81226,39.31799],[-106.81188,39.31773],[-106.81132,39.31705],[-106.81109,39.31697],[-106.81109,39.31673],[-106.81086,39.31637],[-106.80973,39.31537],[-106.80906,39.31522],[-106.80644,39.31487],[-106.80562,39.31414],[-106.80343,39.31299],[-106.80281,39.3131],[-106.80185,39.3135],[-106.80146,39.31381],[-106.80094,39.31404],[-106.8006,39.31435],[-106.80019,39.31447],[-106.79979,39.31444],[-106.79942,39.31431],[-106.79857,39.31416],[-106.79675,39.31321],[-106.79584,39.31315],[-106.79559,39.31326],[-106.79538,39.31327],[-106.79458,39.31318],[-106.79263,39.31335],[-106.79174,39.31334],[-106.79146,39.31338],[-106.7908,39.31379],[-106.79052,39.31385]]}},{"type":"Feature","properties":{"trail_name":"MARGY'S HUT SPUR","trail_no":"1927.1","trail_class":"3","allowed_terra_use":"21"},"geometry":{"type":"LineString","coordinates":[[-106.69446,39.27933],[-106.69461,39.27957],[-106.69475,39.27967],[-106.69513,39.27976]]}},{"type":"Feature","properties":{"trail_name":"MARGY'S HUT SPUR","trail_no":"1927.1","trail_class":"3","allowed_terra_use":"21"},"geometry":{"type":"LineString","coordinates":[[-106.69513,39.27976],[-106.69583,39.27978],[-106.69673,39.27927],[-106.69726,39.27913],[-106.69763,39.27913],[-106.69886,39.27944],[-106.69993,39.27999],[-106.70135,39.28033],[-106.70318,39.28051],[-106.70346,39.28032],[-106.70383,39.27983],[-106.70447,39.2793],[-106.70613,39.27839],[-106.70681,39.27721],[-106.70724,39.27694],[-106.70759,39.27684],[-106.70814,39.2768],[-106.70869,39.27681],[-106.70923,39.27691],[-106.71016,39.27685],[-106.71032,39.27679],[-106.71081,39.27635],[-106.71143,39.27605],[-106.71183,39.27575],[-106.71202,39.27574],[-106.71254,39.27589],[-106.71309,39.27588],[-106.71418,39.2755],[-106.71483,39.2758]]}},{"type":"Feature","properties":{"trail_name":"MONTGOMERY FLATS TIE","trail_no":"1908.2","trail_class":"3","allowed_terra_use":"321"},"geometry":{"type":"LineString","coordinates":[[-106.67937,39.34881],[-106.67898,39.34944],[-106.67912,39.34992],[-106.67911,39.35079],[-106.67865,39.351],[-106.67722,39.35119],[-106.67514,39.35122],[-106.67391,39.3507],[-106.67132,39.34892],[-106.67009,39.34837],[-106.66848,39.34805],[-106.66834,39.34782],[-106.66629,39.34723],[-106.66529,39.34682],[-106.66481,39.34673],[-106.66362,39.34677],[-106.66344,39.3469],[-106.6634,39.34706],[-106.66349,39.34722],[-106.66419,39.34809],[-106.66457,39.34817],[-106.66461,39.3483],[-106.66389,39.34869],[-106.66365,39.34889],[-106.66342,39.34892],[-106.66341,39.34875],[-106.66294,39.34821],[-106.66255,39.34805],[-106.66237,39.34808],[-106.66216,39.34825],[-106.66221,39.34884],[-106.66254,39.35013],[-106.66247,39.35054],[-106.66203,39.35087],[-106.66134,39.35204],[-106.66114,39.35258],[-106.66128,39.35263],[-106.66158,39.35224],[-106.66252,39.35147],[-106.66316,39.35147],[-106.66351,39.35163],[-106.66364,39.35187],[-106.66366,39.35215],[-106.66345,39.35271],[-106.66166,39.35502]]}},{"type":"Feature","properties":{"trail_name":"MONTGOMERY FLATS TIE","trail_no":"1908.2","trail_class":"3","allowed_terra_use":"321"},"geometry":{"type":"LineString","coordinates":[[-106.67903,39.347],[-106.67891,39.34735],[-106.67927,39.34801],[-106.67937,39.34881]]}},{"type":"Feature","properties":{"trail_name":"GOLD DUST","trail_no":"1853","trail_class":"2","allowed_terra_use":"21"},"geometry":{"type":"LineString","coordinates":[[-106.62335,39.48056],[-106.62357,39.48041],[-106.62379,39.48045],[-106.62393,39.48055],[-106.62417,39.48042],[-106.62438,39.4805],[-106.62481,39.48118],[-106.62507,39.48138],[-106.62542,39.48178],[-106.62591,39.48202],[-106.6265,39.48265],[-106.62651,39.48333],[-106.62683,39.48439],[-106.62706,39.48558],[-106.62727,39.48608]]}},{"type":"Feature","properties":{"trail_name":"GOLD DUST","trail_no":"1853","trail_class":"2","allowed_terra_use":"21"},"geometry":{"type":"LineString","coordinates":[[-106.60319,39.47127],[-106.60452,39.47164],[-106.60486,39.47189]]}},{"type":"Feature","properties":{"trail_name":"RED CREEK","trail_no":"1868","trail_class":"2","allowed_terra_use":"21"},"geometry":{"type":"LineString","coordinates":[[-106.84662,39.48878],[-106.84666,39.48856],[-106.84635,39.48828],[-106.84589,39.48821],[-106.84572,39.48812],[-106.84577,39.48782]]}},{"type":"Feature","properties":{"trail_name":"RED CREEK","trail_no":"1868","trail_class":"2","allowed_terra_use":"21"},"geometry":{"type":"LineString","coordinates":[[-106.84577,39.48782],[-106.84575,39.48764],[-106.84519,39.48701],[-106.84486,39.48687],[-106.84425,39.48688],[-106.84403,39.48671],[-106.84319,39.48651],[-106.84291,39.48629],[-106.84281,39.48581],[-106.84264,39.48553],[-106.84245,39.48495],[-106.84221,39.4847],[-106.84138,39.48426],[-106.84124,39.4841],[-106.84107,39.48359],[-106.84115,39.48308],[-106.84136,39.48254],[-106.84218,39.4818],[-106.84243,39.48169],[-106.84271,39.48168],[-106.84317,39.48155],[-106.84375,39.48165],[-106.84392,39.48138],[-106.84398,39.48101],[-106.84407,39.48088],[-106.84417,39.48014],[-106.84469,39.48006],[-106.84486,39.4799],[-106.84503,39.47959],[-106.84555,39.47916],[-106.84549,39.47906],[-106.84567,39.47857],[-106.84571,39.47824],[-106.84625,39.47768],[-106.8479,39.47701],[-106.8488,39.47652],[-106.8491,39.47604],[-106.84972,39.4756],[-106.8501,39.4754],[-106.8505,39.47534],[-106.85098,39.47513],[-106.85129,39.47484],[-106.85179,39.47455],[-106.85235,39.47361],[-106.85244,39.47322],[-106.85226,39.47298],[-106.85177,39.47273],[-106.85176,39.47246],[-106.85185,39.47197],[-106.85199,39.47178],[-106.85206,39.47152],[-106.85215,39.47079],[-106.85195,39.47043],[-106.85161,39.47003],[-106.85158,39.46963],[-106.8519,39.46917],[-106.8518,39.46913],[-106.85183,39.46895],[-106.85214,39.46859],[-106.85214,39.46832],[-106.85237,39.46788],[-106.85243,39.46742],[-106.8526,39.46714],[-106.85282,39.46589],[-106.8527,39.46472],[-106.85243,39.46396],[-106.85247,39.46329],[-106.85238,39.46263],[-106.85175,39.46181],[-106.85165,39.4616],[-106.8516,39.46108],[-106.85091,39.45975],[-106.85049,39.4593],[-106.85013,39.45908],[-106.84986,39.45913],[-106.84943,39.45939],[-106.84875,39.45943],[-106.84841,39.4594],[-106.84785,39.4591],[-106.84782,39.45865],[-106.84769,39.45842],[-106.84622,39.45732],[-106.84549,39.45626],[-106.84507,39.45586],[-106.84488,39.45498],[-106.84452,39.45446],[-106.84446,39.45388],[-106.84404,39.45248],[-106.84392,39.45235],[-106.84365,39.45224],[-106.84364,39.45206],[-106.84379,39.45182],[-106.84392,39.4517],[-106.84411,39.45168],[-106.84431,39.45175],[-106.84529,39.45239],[-106.8455,39.45238],[-106.84556,39.45223],[-106.84555,39.45209],[-106.8453,39.45182],[-106.84516,39.45143],[-106.84462,39.44917],[-106.84456,39.44822],[-106.84439,39.4477],[-106.84448,39.44652],[-106.84424,39.44611],[-106.84421,39.44563],[-106.84407,39.44526],[-106.84408,39.44449],[-106.84437,39.44403],[-106.84466,39.44397],[-106.84565,39.44419],[-106.84657,39.4446],[-106.84669,39.4446],[-106.84676,39.44451],[-106.84567,39.44359],[-106.84502,39.44267],[-106.84431,39.44231],[-106.844,39.44076],[-106.84394,39.44004],[-106.84375,39.43986],[-106.84341,39.43977],[-106.84311,39.44],[-106.84295,39.44],[-106.8428,39.43966],[-106.84218,39.43924],[-106.84205,39.43889],[-106.84202,39.43807],[-106.842,39.4379],[-106.84192,39.43783],[-106.84146,39.43791],[-106.84074,39.43783],[-106.8403,39.43762],[-106.83985,39.43726],[-106.83933,39.43718],[-106.83906,39.43702],[-106.83868,39.43709],[-106.83743,39.43667],[-106.83713,39.43644],[-106.83674,39.4364],[-106.83648,39.43645],[-106.83604,39.43664],[-106.83529,39.43645],[-106.83489,39.43619],[-106.83446,39.43578],[-106.83419,39.43568],[-106.83408,39.43526],[-106.83375,39.43489],[-106.83348,39.43472],[-106.83338,39.43445],[-106.83343,39.43423],[-106.83428,39.43314],[-106.83432,39.43276],[-106.83428,39.43248],[-106.83422,39.43242],[-106.83365,39.43245],[-106.83302,39.43267],[-106.83251,39.43274],[-106.83203,39.43243],[-106.83159,39.43231],[-106.83091,39.43227],[-106.82962,39.43254],[-106.82923,39.43253],[-106.82823,39.43165],[-106.82816,39.43152],[-106.8274,39.4313],[-106.82725,39.43098],[-106.82637,39.43033],[-106.8262,39.43033],[-106.82593,39.43061],[-106.82574,39.43067],[-106.82536,39.43069],[-106.82472,39.43055],[-106.82387,39.42969],[-106.82245,39.42899],[-106.82226,39.4287],[-106.82195,39.42838],[-106.82184,39.42802],[-106.82177,39.42795],[-106.82117,39.42767],[-106.82066,39.42765],[-106.82057,39.42756]]}},{"type":"Feature","properties":{"trail_name":"GOLD DUST","trail_no":"1853","trail_class":"2","allowed_terra_use":"21"},"geometry":{"type":"LineString","coordinates":[[-106.59957,39.4709],[-106.6002,39.47112],[-106.60241,39.47104],[-106.60319,39.47127]]}},{"type":"Feature","properties":{"trail_name":"NAST E LAKE","trail_no":"1942","trail_class":"3","allowed_terra_use":"321"},"geometry":{"type":"LineString","coordinates":[[-106.60578,39.29798],[-106.60631,39.29792],[-106.60682,39.29776],[-106.60681,39.29767],[-106.60666,39.29751],[-106.60658,39.2971],[-106.60701,39.29603]]}},{"type":"Feature","properties":{"trail_name":"PETER ESTIN HUT","trail_no":"1873.1A","trail_class":"3","allowed_terra_use":"321"},"geometry":{"type":"LineString","coordinates":[[-106.65045,39.46484],[-106.65028,39.46492]]}},{"type":"Feature","properties":{"trail_name":"PETER ESTIN HUT","trail_no":"1873.1A","trail_class":"3","allowed_terra_use":"321"},"geometry":{"type":"LineString","coordinates":[[-106.65028,39.46492],[-106.65006,39.46497],[-106.64957,39.46494],[-106.64939,39.46473],[-106.64921,39.46463],[-106.64821,39.46478],[-106.64758,39.46476],[-106.64716,39.46492]]}},{"type":"Feature","properties":{"trail_name":"RED CREEK","trail_no":"1868","trail_class":"2","allowed_terra_use":"21"},"geometry":{"type":"LineString","coordinates":[[-106.83715,39.48994],[-106.83712,39.48982],[-106.83727,39.48977],[-106.83792,39.48988],[-106.8396,39.4904],[-106.83962,39.49029],[-106.83901,39.48972],[-106.83902,39.48961],[-106.8392,39.4896],[-106.84017,39.49017],[-106.84028,39.49048],[-106.84099,39.49107],[-106.84138,39.49121],[-106.84143,39.49131],[-106.84137,39.49162],[-106.84151,39.49182],[-106.8423,39.49226],[-106.84245,39.49227],[-106.84267,39.49211],[-106.84284,39.49171],[-106.84263,39.49148],[-106.84272,39.49094],[-106.84299,39.49057],[-106.84334,39.4903],[-106.84349,39.48986],[-106.84379,39.48942],[-106.84391,39.48942],[-106.84409,39.48953],[-106.84472,39.49034],[-106.84519,39.49043],[-106.84562,39.49018],[-106.84609,39.48948],[-106.84622,39.48941],[-106.8465,39.48944],[-106.84663,39.48939],[-106.84676,39.48908],[-106.84662,39.48878]]}},{"type":"Feature","properties":{"trail_name":"PETER ESTIN HUT","trail_no":"1873.1A","trail_class":"3","allowed_terra_use":"321"},"geometry":{"type":"LineString","coordinates":[[-106.65207,39.46403],[-106.65191,39.46424],[-106.65161,39.46444],[-106.65045,39.46484]]}},{"type":"Feature","properties":{"trail_name":"NOLAN LAKE","trail_no":"1898","trail_class":"3","allowed_terra_use":"21"},"geometry":{"type":"LineString","coordinates":[[-106.63473,39.50133],[-106.63451,39.50132],[-106.63424,39.50114],[-106.63382,39.50059],[-106.6329,39.49972],[-106.63212,39.49934],[-106.63048,39.4992],[-106.62957,39.4993],[-106.62878,39.49924],[-106.62849,39.49914],[-106.62536,39.49881],[-106.62473,39.49868],[-106.62407,39.49823],[-106.62386,39.49799],[-106.62384,39.49788],[-106.62381,39.497],[-106.62394,39.4967],[-106.62533,39.49617],[-106.62592,39.49587],[-106.62624,39.49556],[-106.62633,39.49492],[-106.62654,39.49446],[-106.62679,39.49429],[-106.62735,39.49405],[-106.62761,39.49403],[-106.62782,39.49412],[-106.62794,39.49403]]}},{"type":"Feature","properties":{"trail_name":"GOLD DUST","trail_no":"1853","trail_class":"2","allowed_terra_use":"21"},"geometry":{"type":"LineString","coordinates":[[-106.60486,39.47189],[-106.60565,39.47246],[-106.60669,39.47372],[-106.60951,39.4742],[-106.6109,39.4751],[-106.61269,39.4757],[-106.61587,39.47536],[-106.61753,39.4754],[-106.61814,39.47641],[-106.61896,39.47752],[-106.62028,39.47868],[-106.62063,39.47959],[-106.6213,39.48022],[-106.62174,39.48046]]}},{"type":"Feature","properties":{"trail_name":"GOLD DUST","trail_no":"1853","trail_class":"2","allowed_terra_use":"21"},"geometry":{"type":"LineString","coordinates":[[-106.62794,39.4874],[-106.62823,39.48787],[-106.62933,39.48892],[-106.62959,39.48944],[-106.62979,39.48968],[-106.63053,39.49029],[-106.63073,39.49065],[-106.63112,39.49107],[-106.63188,39.49161],[-106.6327,39.49193],[-106.63381,39.49215],[-106.6367,39.49241],[-106.63786,39.49233],[-106.63865,39.49213],[-106.63906,39.49193],[-106.6402,39.49178],[-106.64128,39.49221],[-106.64153,39.49244],[-106.64212,39.49268],[-106.64374,39.49423],[-106.64415,39.49502],[-106.64429,39.49559],[-106.64453,39.49606],[-106.64449,39.498],[-106.64438,39.49839],[-106.64446,39.49902],[-106.64445,39.49949],[-106.64488,39.50085],[-106.64488,39.50146],[-106.64513,39.50194],[-106.64518,39.50219],[-106.64551,39.50255],[-106.64638,39.50289],[-106.64697,39.50291],[-106.64766,39.50308],[-106.64781,39.50325],[-106.64841,39.50353],[-106.64877,39.50377],[-106.64895,39.50378],[-106.64913,39.50364],[-106.64902,39.50302],[-106.64888,39.50266],[-106.64881,39.50198],[-106.64861,39.50152],[-106.64886,39.50162],[-106.64934,39.50202],[-106.64968,39.50243],[-106.65084,39.50306],[-106.651,39.50322],[-106.65131,39.50387],[-106.65157,39.50423],[-106.65213,39.50454],[-106.65344,39.50462],[-106.65376,39.50487],[-106.65484,39.50583],[-106.65549,39.50677],[-106.65575,39.50726],[-106.65591,39.50736],[-106.65603,39.50729],[-106.65612,39.50679],[-106.65595,39.50564],[-106.65589,39.50542],[-106.65524,39.50468],[-106.65513,39.5044],[-106.65491,39.50366],[-106.65484,39.50228],[-106.65487,39.50213],[-106.65497,39.50208],[-106.65516,39.50214],[-106.65527,39.50227],[-106.6558,39.50345],[-106.65614,39.50384],[-106.65665,39.50412],[-106.65719,39.50429],[-106.65835,39.50483],[-106.65885,39.50519],[-106.65918,39.50503],[-106.65949,39.50466],[-106.65947,39.50396],[-106.65956,39.50358],[-106.65972,39.50325],[-106.65993,39.50316],[-106.66026,39.50342],[-106.66039,39.50384],[-106.66033,39.50452],[-106.66062,39.5053],[-106.66069,39.50579],[-106.66096,39.50642],[-106.66095,39.50686],[-106.66084,39.50711],[-106.66066,39.50731],[-106.66026,39.50747],[-106.66006,39.50777],[-106.66013,39.50823],[-106.66033,39.50877],[-106.66088,39.50952],[-106.66099,39.50963],[-106.66168,39.50993]]}},{"type":"Feature","properties":{"trail_name":"GOLD DUST","trail_no":"1853","trail_class":"2","allowed_terra_use":"21"},"geometry":{"type":"LineString","coordinates":[[-106.62727,39.48608],[-106.62736,39.48647],[-106.62761,39.48678],[-106.62794,39.4874]]}},{"type":"Feature","properties":{"trail_name":"GOLD DUST","trail_no":"1853","trail_class":"2","allowed_terra_use":"21"},"geometry":{"type":"LineString","coordinates":[[-106.62174,39.48046],[-106.62187,39.48055],[-106.6223,39.48066],[-106.62258,39.48067],[-106.62292,39.48083],[-106.62335,39.48056]]}},{"type":"Feature","properties":{"trail_name":"LARKSPUR MOUNTAIN SPUR","trail_no":"526.1B","trail_class":"3","allowed_terra_use":"321"},"geometry":{"type":"LineString","coordinates":[[-106.76197,39.28028],[-106.76146,39.27944],[-106.76131,39.2793],[-106.76118,39.27896],[-106.76026,39.27874],[-106.75968,39.2781],[-106.75963,39.27796],[-106.75902,39.27754],[-106.75888,39.2773]]}},{"type":"Feature","properties":{"trail_name":"LOWER RED CANYON","trail_no":"1934.1","allowed_terra_use":"321"},"geometry":{"type":"LineString","coordinates":[[-106.89615,39.28424],[-106.89574,39.28415],[-106.89506,39.28375],[-106.89474,39.28365],[-106.89375,39.28369],[-106.8924,39.2834],[-106.89182,39.28341],[-106.88809,39.28548],[-106.88734,39.28557],[-106.88628,39.28525],[-106.88606,39.28525],[-106.88556,39.2853],[-106.88453,39.28565],[-106.88432,39.28564],[-106.88414,39.28587],[-106.88301,39.2862],[-106.88267,39.28638],[-106.88257,39.28651],[-106.88251,39.28677],[-106.88182,39.28722],[-106.88137,39.28765],[-106.88121,39.28771],[-106.88069,39.28772],[-106.88008,39.28792],[-106.87993,39.288],[-106.87981,39.28821],[-106.87961,39.28836],[-106.87957,39.2885],[-106.87919,39.28864],[-106.87885,39.28906],[-106.87894,39.28911],[-106.87932,39.28898],[-106.87943,39.28904],[-106.87944,39.28912],[-106.87883,39.28978],[-106.87855,39.29032],[-106.87868,39.29046],[-106.87913,39.29066],[-106.87979,39.29073],[-106.88003,39.29134],[-106.88027,39.29225],[-106.8802,39.29244],[-106.87968,39.2929],[-106.87818,39.29369],[-106.87624,39.29488],[-106.87572,39.29566],[-106.87573,39.29607],[-106.87527,39.29677],[-106.8752,39.29721],[-106.87549,39.29748],[-106.87552,39.29767],[-106.87546,39.2979],[-106.8753,39.29817],[-106.87501,39.29834],[-106.87435,39.29924],[-106.87429,39.29937],[-106.87432,39.29963],[-106.8742,39.29993],[-106.87421,39.3005],[-106.8739,39.30075],[-106.87371,39.30115],[-106.87274,39.30161],[-106.87239,39.30186],[-106.87214,39.3024],[-106.87177,39.30297],[-106.87131,39.3034],[-106.87057,39.30372],[-106.86935,39.30396],[-106.86937,39.30408],[-106.86986,39.30453],[-106.86999,39.30476],[-106.87022,39.30553],[-106.87055,39.30571],[-106.87076,39.30591],[-106.87122,39.30593],[-106.87148,39.30597],[-106.8716,39.30606],[-106.87159,39.30613],[-106.87131,39.30634],[-106.8706,39.30658],[-106.8697,39.30659],[-106.86928,39.30642],[-106.86873,39.30601],[-106.86847,39.30596],[-106.86798,39.30612],[-106.86643,39.30608],[-106.86577,39.30624],[-106.8643,39.3064],[-106.86307,39.3062],[-106.86267,39.30603],[-106.86188,39.30596],[-106.86112,39.30607],[-106.86055,39.30633],[-106.86035,39.30651]]}},{"type":"Feature","properties":{"trail_name":"IRONEDGE","trail_no":"1873","trail_class":"3","allowed_terra_use":"321"},"geometry":{"type":"LineString","coordinates":[[-106.60783,39.46399],[-106.60796,39.46404],[-106.60816,39.46373],[-106.60824,39.46317],[-106.6081,39.46288],[-106.6079,39.46277],[-106.60763,39.46274],[-106.60731,39.46254],[-106.60737,39.46229],[-106.60764,39.46202],[-106.60808,39.46194],[-106.60823,39.46172],[-106.60844,39.46158],[-106.60828,39.46125],[-106.60841,39.46118],[-106.60856,39.46127],[-106.60869,39.46119],[-106.60936,39.46114],[-106.60948,39.46095],[-106.60961,39.46099],[-106.60983,39.46092],[-106.60993,39.461],[-106.61005,39.46101],[-106.61061,39.46093],[-106.61086,39.46102],[-106.61096,39.46114],[-106.61138,39.46118],[-106.6115,39.46114],[-106.61136,39.46089],[-106.61148,39.46086],[-106.61194,39.46105],[-106.612,39.46113],[-106.61238,39.46121],[-106.61258,39.46132],[-106.61312,39.46126],[-106.61345,39.46138],[-106.61422,39.46151],[-106.61465,39.4617],[-106.61525,39.46179],[-106.61539,39.46192],[-106.61582,39.46204],[-106.61605,39.46192],[-106.61652,39.46185],[-106.61723,39.46195],[-106.61739,39.46192],[-106.61767,39.46173],[-106.61831,39.46168],[-106.6187,39.46182],[-106.61926,39.4616],[-106.61937,39.46148],[-106.61952,39.46108],[-106.61955,39.46082],[-106.61907,39.46078],[-106.61904,39.46073],[-106.61921,39.46064],[-106.61927,39.46041],[-106.61913,39.46011],[-106.61916,39.45993],[-106.61906,39.45966],[-106.6185,39.45971],[-106.61801,39.46005],[-106.617,39.4601],[-106.61667,39.4602],[-106.61675,39.45975],[-106.61693,39.45939],[-106.61679,39.45901],[-106.61682,39.45864],[-106.61692,39.45837],[-106.61688,39.45814],[-106.61706,39.458],[-106.61769,39.45775],[-106.61828,39.45764],[-106.61878,39.45766],[-106.61927,39.45734],[-106.62006,39.45704],[-106.62081,39.45696],[-106.6215,39.45699],[-106.62202,39.45682],[-106.62262,39.45693],[-106.6229,39.45719],[-106.62318,39.45761],[-106.62391,39.45828],[-106.62414,39.4586],[-106.62428,39.45852],[-106.62454,39.45893],[-106.62499,39.45907],[-106.62557,39.45951],[-106.62606,39.45942],[-106.62653,39.45948],[-106.62685,39.45974],[-106.62715,39.45966]]}},{"type":"Feature","properties":{"trail_name":"LAKE CHARLES","trail_no":"1899","trail_class":"3","allowed_terra_use":"21"},"geometry":{"type":"LineString","coordinates":[[-106.65603,39.48934],[-106.65594,39.48924]]}},{"type":"Feature","properties":{"trail_name":"SNEVE GULCH","trail_no":"1872","trail_class":"2","allowed_terra_use":"321"},"geometry":{"type":"LineString","coordinates":[[-106.72479,39.48235],[-106.72382,39.48212],[-106.72326,39.48216],[-106.72225,39.48306],[-106.72169,39.48328]]}},{"type":"Feature","properties":{"trail_name":"SNEVE GULCH","trail_no":"1872","trail_class":"2","allowed_terra_use":"321"},"geometry":{"type":"LineString","coordinates":[[-106.72169,39.48328],[-106.72078,39.48352],[-106.72001,39.48386]]}},{"type":"Feature","properties":{"trail_name":"SAWYER LAKE","trail_no":"1926","trail_class":"3","allowed_terra_use":"21"},"geometry":{"type":"LineString","coordinates":[[-106.65235,39.29922],[-106.65243,39.29911],[-106.65235,39.29903],[-106.65228,39.29823],[-106.65219,39.29809],[-106.65131,39.29722],[-106.6507,39.29702],[-106.65052,39.2969],[-106.65001,39.29629],[-106.64999,39.29607],[-106.65008,39.29568],[-106.6505,39.29505],[-106.65073,39.29488],[-106.65111,39.29402],[-106.65142,39.29354],[-106.65242,39.29248],[-106.65249,39.29215],[-106.65248,39.29199],[-106.65239,39.29189],[-106.65245,39.29139],[-106.6526,39.29117],[-106.65297,39.29087],[-106.65311,39.29086],[-106.6531,39.29106],[-106.65328,39.29138],[-106.65412,39.291],[-106.65547,39.29065],[-106.65581,39.29054],[-106.65751,39.28951],[-106.65771,39.28877],[-106.6579,39.28826],[-106.65803,39.28808],[-106.65809,39.28653],[-106.65759,39.28533],[-106.65736,39.28501],[-106.6573,39.2846],[-106.65713,39.28434],[-106.65708,39.28412],[-106.65647,39.28348],[-106.65641,39.28332],[-106.6562,39.28329],[-106.65559,39.28269],[-106.65537,39.28255],[-106.65471,39.28328],[-106.65376,39.28345],[-106.6534,39.28315],[-106.65333,39.28286],[-106.65313,39.28273],[-106.65294,39.28238],[-106.65267,39.28223],[-106.65256,39.28196],[-106.65244,39.28212],[-106.65227,39.28221],[-106.6503,39.28222],[-106.64969,39.28242],[-106.64904,39.28247],[-106.64878,39.28237],[-106.6485,39.28216],[-106.64831,39.28181],[-106.64831,39.28147],[-106.64864,39.28124],[-106.64867,39.28113],[-106.6485,39.2807],[-106.64854,39.28045],[-106.64868,39.28032],[-106.64929,39.28007],[-106.64951,39.27981],[-106.64991,39.27949],[-106.65022,39.27909],[-106.65032,39.27883],[-106.65134,39.27784],[-106.65102,39.27744],[-106.65085,39.27737],[-106.64994,39.27632],[-106.64938,39.27594],[-106.64922,39.2759],[-106.64879,39.27548],[-106.64874,39.27522],[-106.64898,39.2742],[-106.64941,39.27331],[-106.64997,39.27266],[-106.65007,39.27229],[-106.64991,39.27154],[-106.64897,39.2694],[-106.64818,39.26864],[-106.64817,39.26845],[-106.64832,39.26809],[-106.64828,39.26803],[-106.64794,39.26797],[-106.64784,39.26788],[-106.64848,39.26717],[-106.64819,39.2666],[-106.64823,39.26643],[-106.64873,39.26563],[-106.64863,39.26475],[-106.64877,39.26451],[-106.64881,39.26421],[-106.64869,39.26385],[-106.64851,39.26372],[-106.64854,39.26353],[-106.64759,39.26225],[-106.64752,39.26186],[-106.648,39.26126],[-106.64821,39.26074],[-106.64816,39.26055],[-106.64822,39.26044],[-106.64795,39.25995],[-106.64795,39.25985],[-106.6482,39.2596],[-106.64836,39.25926],[-106.64829,39.25894],[-106.6486,39.25874],[-106.64911,39.25859],[-106.64935,39.25824],[-106.64878,39.25676],[-106.6493,39.2566],[-106.64933,39.25651],[-106.64921,39.25607],[-106.64928,39.25596],[-106.64974,39.25574],[-106.6499,39.25557],[-106.64933,39.25446],[-106.64981,39.25409],[-106.64994,39.25239],[-106.65017,39.2516],[-106.65022,39.2511],[-106.65038,39.25057],[-106.65003,39.25001]]}},{"type":"Feature","properties":{"trail_name":"ASPEN-NORRIE","trail_no":"1927","trail_class":"3","allowed_terra_use":"21"},"geometry":{"type":"LineString","coordinates":[[-106.69754,39.27551],[-106.69703,39.27583],[-106.69647,39.2766],[-106.69625,39.27789],[-106.69586,39.27877]]}},{"type":"Feature","properties":{"trail_name":"EAST LAKE CREEK","trail_no":"1880","trail_class":"1","allowed_terra_use":"21"},"geometry":{"type":"LineString","coordinates":[[-106.55421,39.52524],[-106.55364,39.5246],[-106.55297,39.524],[-106.55243,39.52329],[-106.55236,39.52312],[-106.55236,39.52302],[-106.55259,39.52281],[-106.55275,39.52244],[-106.55295,39.52244],[-106.55317,39.52217],[-106.55319,39.52188],[-106.55309,39.52167],[-106.55334,39.52117],[-106.55328,39.52072],[-106.55278,39.5203],[-106.55285,39.51995],[-106.55282,39.51976],[-106.55263,39.5192],[-106.55245,39.51901],[-106.55236,39.51878],[-106.55246,39.5184],[-106.55233,39.51829],[-106.55233,39.51809],[-106.55253,39.51773],[-106.55248,39.51756],[-106.5525,39.51718],[-106.55259,39.51709],[-106.55257,39.51701],[-106.55291,39.5167],[-106.55311,39.51608],[-106.55353,39.51579],[-106.55368,39.51556],[-106.55374,39.51536],[-106.55366,39.51528],[-106.55367,39.51514],[-106.55374,39.51504],[-106.55373,39.51478],[-106.5538,39.51467],[-106.55387,39.51456],[-106.55421,39.51446],[-106.55438,39.51417],[-106.55442,39.51387],[-106.55436,39.51376],[-106.55434,39.51336],[-106.55422,39.51321],[-106.55417,39.51269],[-106.55423,39.51262],[-106.55423,39.51247],[-106.55443,39.51218],[-106.55477,39.51208],[-106.55485,39.5119],[-106.55549,39.51162],[-106.55542,39.51107],[-106.55549,39.50899],[-106.55571,39.50888],[-106.55616,39.50886],[-106.55629,39.50879],[-106.55628,39.50861],[-106.5567,39.50858],[-106.55704,39.50808],[-106.55721,39.50794],[-106.55734,39.50769],[-106.55725,39.50753],[-106.55737,39.50723],[-106.55738,39.50694],[-106.55727,39.50673],[-106.55731,39.50658],[-106.55725,39.50629],[-106.55751,39.50577],[-106.55798,39.50553],[-106.55812,39.50553],[-106.55841,39.50529],[-106.55861,39.50521],[-106.55912,39.50521],[-106.55933,39.50502],[-106.55959,39.50504],[-106.55976,39.50494],[-106.55966,39.50479],[-106.55959,39.50364],[-106.55971,39.50347],[-106.55983,39.50341],[-106.55992,39.5032],[-106.56009,39.50313],[-106.56024,39.50296],[-106.56041,39.50263],[-106.56053,39.50253],[-106.56082,39.50244],[-106.56109,39.50247],[-106.56119,39.50234],[-106.56142,39.50145],[-106.56136,39.50112],[-106.56142,39.50077],[-106.56129,39.50003],[-106.56117,39.4997],[-106.56119,39.49878],[-106.56131,39.4984],[-106.56127,39.49787],[-106.56135,39.49729],[-106.56118,39.49714],[-106.56105,39.49691],[-106.56115,39.49678],[-106.56104,39.49652],[-106.56113,39.49587],[-106.56136,39.49526],[-106.56101,39.4949],[-106.56099,39.49456],[-106.56069,39.49389],[-106.56064,39.49341],[-106.56085,39.49233],[-106.56073,39.49207],[-106.56071,39.49174],[-106.56059,39.49139],[-106.56065,39.49109],[-106.56044,39.491],[-106.56041,39.49074],[-106.56025,39.49053],[-106.56014,39.49024],[-106.56015,39.48983],[-106.56029,39.48948],[-106.56095,39.48876],[-106.56097,39.4884],[-106.56084,39.4882],[-106.56052,39.4882],[-106.56041,39.48792],[-106.56043,39.48771],[-106.55943,39.487],[-106.55938,39.48666],[-106.55898,39.48629],[-106.55895,39.48607],[-106.55866,39.48583],[-106.55843,39.48573],[-106.55794,39.48468],[-106.55776,39.4847],[-106.5574,39.48426],[-106.55734,39.48412],[-106.55742,39.48403],[-106.55735,39.48355],[-106.55715,39.48324],[-106.55737,39.48275],[-106.5574,39.48222],[-106.55702,39.48109],[-106.55684,39.48081],[-106.55678,39.48018],[-106.55706,39.47962],[-106.55706,39.47913],[-106.55721,39.47887],[-106.55733,39.47826],[-106.55747,39.47808],[-106.55756,39.47781],[-106.55779,39.47774],[-106.55826,39.47698],[-106.55809,39.47628],[-106.55819,39.47597],[-106.5581,39.47578],[-106.55806,39.47523],[-106.55853,39.47461],[-106.55836,39.47436],[-106.55823,39.47397],[-106.55827,39.47367],[-106.55842,39.47286],[-106.55867,39.47259],[-106.55868,39.47233],[-106.5589,39.47198],[-106.55892,39.47174],[-106.55872,39.47168],[-106.55877,39.47127],[-106.55896,39.47103],[-106.55901,39.47086],[-106.5591,39.4708],[-106.55907,39.47062],[-106.55919,39.47049],[-106.55923,39.47022],[-106.55933,39.47009],[-106.55932,39.46985],[-106.55959,39.4696],[-106.55948,39.46938],[-106.5593,39.46924],[-106.55923,39.46909],[-106.55925,39.46893],[-106.5591,39.46867],[-106.55929,39.46826],[-106.55945,39.4681],[-106.55944,39.46801],[-106.55958,39.46777],[-106.55983,39.46751],[-106.55981,39.4673],[-106.56005,39.46714],[-106.56001,39.46683],[-106.56024,39.46661],[-106.56036,39.46611],[-106.56061,39.46567],[-106.56069,39.46528],[-106.56131,39.46463],[-106.5613,39.46445],[-106.56141,39.46422],[-106.56134,39.464],[-106.56151,39.46376],[-106.56204,39.46335],[-106.56217,39.46305],[-106.56203,39.46192],[-106.56212,39.46131],[-106.56205,39.46102],[-106.56209,39.46086]]}},{"type":"Feature","properties":{"trail_name":"IRONEDGE","trail_no":"1873","trail_class":"3","allowed_terra_use":"321"},"geometry":{"type":"LineString","coordinates":[[-106.62935,39.46036],[-106.62953,39.46039]]}},{"type":"Feature","properties":{"trail_name":"MISSOURI LAKES","trail_no":"2003","trail_class":"3","allowed_terra_use":"21"},"geometry":{"type":"LineString","coordinates":[[-106.51292,39.39441],[-106.51356,39.39383],[-106.51374,39.39375],[-106.51404,39.39376],[-106.51433,39.39362]]}},{"type":"Feature","properties":{"trail_name":"CROSS CREEK","trail_no":"2006","trail_class":"3","allowed_terra_use":"21"},"geometry":{"type":"LineString","coordinates":[[-106.51172,39.41111],[-106.51041,39.41157],[-106.51,39.4116]]}},{"type":"Feature","properties":{"trail_name":"MISSOURI LAKES","trail_no":"2003","trail_class":"3","allowed_terra_use":"21"},"geometry":{"type":"LineString","coordinates":[[-106.51604,39.40695],[-106.51596,39.40667],[-106.51605,39.40634],[-106.51603,39.40617],[-106.51609,39.40609],[-106.51606,39.40599],[-106.51632,39.4056]]}},{"type":"Feature","properties":{"trail_name":"CROSS CREEK","trail_no":"2006","trail_class":"3","allowed_terra_use":"21"},"geometry":{"type":"LineString","coordinates":[[-106.51,39.4116],[-106.50933,39.41148],[-106.50892,39.4116],[-106.50865,39.41152],[-106.50843,39.41172],[-106.50812,39.41172],[-106.50776,39.41181],[-106.50687,39.41123],[-106.50667,39.411],[-106.50668,39.41075],[-106.5066,39.41069],[-106.50614,39.41067],[-106.50509,39.41088],[-106.50439,39.41082],[-106.5043,39.41063],[-106.5039,39.41038],[-106.50292,39.40992],[-106.50201,39.40996],[-106.50094,39.40957],[-106.50039,39.4096],[-106.49954,39.40939],[-106.49863,39.4088],[-106.49801,39.40864],[-106.49786,39.40867],[-106.49671,39.40826],[-106.49698,39.40813],[-106.4973,39.40815],[-106.49766,39.40784],[-106.49762,39.4077],[-106.49726,39.40744],[-106.49704,39.40744],[-106.49689,39.40702],[-106.49672,39.40696],[-106.49675,39.40689],[-106.49654,39.40679],[-106.49644,39.40683],[-106.49624,39.40669],[-106.49624,39.40697],[-106.49616,39.407],[-106.49608,39.40651],[-106.49599,39.40654],[-106.49595,39.40667],[-106.49583,39.40666],[-106.49573,39.4064],[-106.49562,39.40646],[-106.49552,39.40636],[-106.49535,39.40638],[-106.49535,39.40662],[-106.49523,39.40673],[-106.49508,39.40668],[-106.49517,39.40648],[-106.49504,39.40615],[-106.4948,39.406],[-106.49424,39.40593],[-106.49369,39.40609],[-106.49315,39.40584],[-106.49283,39.40595],[-106.49225,39.40575]]}},{"type":"Feature","properties":{"trail_name":"ASPEN-NORRIE","trail_no":"1927","trail_class":"3","allowed_terra_use":"21"},"geometry":{"type":"LineString","coordinates":[[-106.72466,39.2435],[-106.7245,39.24383],[-106.72431,39.24476],[-106.72434,39.24513],[-106.72443,39.24534],[-106.72504,39.2463],[-106.72504,39.2467],[-106.72496,39.24694],[-106.72471,39.24726],[-106.72197,39.25],[-106.71892,39.25213],[-106.71691,39.25425],[-106.71603,39.25479],[-106.71444,39.25622],[-106.70854,39.26426],[-106.7075,39.26524],[-106.70614,39.26597],[-106.70445,39.26771],[-106.70393,39.26946],[-106.70364,39.27007],[-106.70243,39.27153],[-106.70236,39.27174],[-106.70156,39.27252],[-106.69971,39.27381],[-106.69971,39.27399],[-106.69957,39.27407],[-106.69936,39.2744],[-106.69754,39.27551]]}},{"type":"Feature","properties":{"trail_name":"SNEVE GULCH","trail_no":"1872","trail_class":"2","allowed_terra_use":"321"},"geometry":{"type":"LineString","coordinates":[[-106.7032,39.48461],[-106.70302,39.48461]]}},{"type":"Feature","properties":{"trail_name":"MISSOURI LAKES","trail_no":"2003","trail_class":"3","allowed_terra_use":"21"},"geometry":{"type":"LineString","coordinates":[[-106.51433,39.39362],[-106.51448,39.39355],[-106.51462,39.39285],[-106.51382,39.39227],[-106.51377,39.39218],[-106.5138,39.39193],[-106.51398,39.39177],[-106.51401,39.3915],[-106.5141,39.39142],[-106.51407,39.39128],[-106.51349,39.39073],[-106.51302,39.39058],[-106.51288,39.39046],[-106.51256,39.39048],[-106.51225,39.39011],[-106.51165,39.39002],[-106.51139,39.38986],[-106.51057,39.38989],[-106.51038,39.39015],[-106.5101,39.39032],[-106.50961,39.3903],[-106.50859,39.3904],[-106.50828,39.39031],[-106.50742,39.39042],[-106.50704,39.39035],[-106.50578,39.39055],[-106.50517,39.39038],[-106.50502,39.39027],[-106.50436,39.3903],[-106.50392,39.39019],[-106.50321,39.39018],[-106.50291,39.39004],[-106.50245,39.38992],[-106.50199,39.39],[-106.50182,39.39009],[-106.50165,39.39031],[-106.5013,39.39046],[-106.50074,39.39039],[-106.50022,39.39052],[-106.49966,39.39076],[-106.49939,39.39083],[-106.49916,39.39082],[-106.49866,39.39116],[-106.49847,39.39118],[-106.49749,39.39084],[-106.49717,39.39091],[-106.4971,39.39076],[-106.49661,39.39053],[-106.49595,39.39067],[-106.49572,39.39066],[-106.49554,39.39057],[-106.49578,39.39],[-106.49595,39.38984],[-106.49617,39.38939],[-106.49621,39.38922],[-106.49611,39.38909],[-106.49548,39.38914],[-106.49482,39.38914],[-106.49465,39.38909],[-106.4942,39.38931],[-106.49381,39.38936],[-106.49367,39.38945],[-106.49293,39.38945],[-106.49191,39.38928],[-106.49126,39.3888],[-106.49091,39.38867],[-106.49098,39.38839],[-106.49087,39.38825],[-106.48994,39.38819],[-106.48966,39.38828],[-106.48965,39.38814],[-106.48954,39.388],[-106.4889,39.38799],[-106.48881,39.38788],[-106.48862,39.38788],[-106.48829,39.38775],[-106.48803,39.38754],[-106.48693,39.38758],[-106.48681,39.38749],[-106.4866,39.38745],[-106.48635,39.38717],[-106.48577,39.38745],[-106.48552,39.38744],[-106.48549,39.38763],[-106.48534,39.38762],[-106.48497,39.38745],[-106.48477,39.38724],[-106.48473,39.38706],[-106.48479,39.38655],[-106.48463,39.38635],[-106.48442,39.38625],[-106.4845,39.38592],[-106.48424,39.38575],[-106.48384,39.38579],[-106.48347,39.38557],[-106.48325,39.38553],[-106.48219,39.38552],[-106.48068,39.38593],[-106.47998,39.38604],[-106.47922,39.38597],[-106.47842,39.386],[-106.47834,39.38596],[-106.47827,39.38567],[-106.47785,39.38566],[-106.47701,39.3862],[-106.47655,39.38632],[-106.47575,39.38679],[-106.47481,39.38711],[-106.47466,39.3873],[-106.47433,39.3875],[-106.47377,39.38835],[-106.47331,39.3886],[-106.47263,39.38863],[-106.47202,39.38911],[-106.47157,39.38929],[-106.47141,39.38965],[-106.47063,39.39009]]}},{"type":"Feature","properties":{"trail_name":"MILLER","trail_no":"3522.1","trail_class":"3","allowed_terra_use":"654321"},"geometry":{"type":"LineString","coordinates":[[-106.74632,39.34762],[-106.74619,39.34718],[-106.74619,39.34693],[-106.74632,39.34672],[-106.74667,39.34645],[-106.74677,39.34623],[-106.7466,39.34585],[-106.7461,39.34546],[-106.74523,39.34509],[-106.74456,39.34511],[-106.74342,39.34493],[-106.74228,39.34423],[-106.74045,39.34428],[-106.73975,39.34426],[-106.73962,39.34419],[-106.73961,39.3438],[-106.73985,39.34326],[-106.73975,39.34319],[-106.73975,39.34293],[-106.73996,39.34233],[-106.74022,39.34202],[-106.74023,39.34193],[-106.73958,39.34131],[-106.7393,39.34084],[-106.73999,39.34018],[-106.74034,39.34001],[-106.74056,39.3398],[-106.74079,39.33942],[-106.7409,39.33939],[-106.74103,39.33949],[-106.74123,39.33948],[-106.74126,39.33938],[-106.7412,39.33897],[-106.74243,39.3381],[-106.7426,39.33788],[-106.74276,39.33727],[-106.74295,39.33689],[-106.74383,39.33618],[-106.74434,39.33596],[-106.74577,39.33583],[-106.74811,39.33447],[-106.74805,39.3343],[-106.7476,39.3343],[-106.74661,39.33468],[-106.74597,39.33485],[-106.74554,39.33483],[-106.74522,39.33475],[-106.74489,39.33454],[-106.74455,39.33418],[-106.74444,39.33387],[-106.74473,39.33305],[-106.74539,39.33226],[-106.74551,39.33134],[-106.74576,39.33093],[-106.74614,39.33081],[-106.74679,39.3308],[-106.74698,39.33062],[-106.74701,39.3304],[-106.74722,39.33038],[-106.74732,39.3303],[-106.74728,39.33012],[-106.74751,39.32926],[-106.74754,39.32895],[-106.74741,39.32862],[-106.74724,39.32837],[-106.74705,39.32823],[-106.74684,39.32788],[-106.74657,39.32677],[-106.7458,39.32592],[-106.74572,39.32563],[-106.74569,39.32517],[-106.74618,39.32491],[-106.74708,39.32468],[-106.74802,39.32402],[-106.7469,39.32336],[-106.74644,39.32301],[-106.74624,39.32278],[-106.74601,39.32214],[-106.74589,39.32195],[-106.74492,39.32139],[-106.74449,39.32083],[-106.7442,39.31991],[-106.74417,39.31928],[-106.74458,39.31878],[-106.74529,39.31838],[-106.74549,39.31812],[-106.7452,39.31741],[-106.74516,39.31697],[-106.74455,39.31604],[-106.74428,39.31575],[-106.74322,39.31492],[-106.74295,39.31481],[-106.74186,39.31497],[-106.74137,39.31511],[-106.74127,39.31623],[-106.74094,39.31625],[-106.74043,39.31612],[-106.74012,39.31591],[-106.73971,39.31533],[-106.73939,39.31532]]}},{"type":"Feature","properties":{"trail_name":"SNEVE GULCH","trail_no":"1872","trail_class":"2","allowed_terra_use":"321"},"geometry":{"type":"LineString","coordinates":[[-106.70302,39.48461],[-106.70285,39.48475],[-106.70264,39.48482],[-106.7019,39.48471],[-106.70165,39.48488],[-106.70121,39.48474],[-106.70085,39.48459],[-106.7006,39.48441],[-106.7001,39.48429],[-106.69939,39.484],[-106.69933,39.4839],[-106.69962,39.48353],[-106.69959,39.48335],[-106.6993,39.48318],[-106.69882,39.48309]]}},{"type":"Feature","properties":{"trail_name":"MILLER","trail_no":"3522.1","trail_class":"3","allowed_terra_use":"321"},"geometry":{"type":"LineString","coordinates":[[-106.73844,39.35796],[-106.73874,39.35789],[-106.73916,39.35752],[-106.73925,39.35727],[-106.73918,39.35675],[-106.7397,39.35594],[-106.74,39.35578],[-106.74065,39.35579],[-106.74093,39.35554],[-106.74105,39.3553],[-106.74092,39.35512],[-106.74052,39.35507],[-106.74045,39.35501],[-106.74045,39.35478],[-106.74064,39.35417],[-106.74057,39.35402],[-106.74042,39.35391],[-106.74027,39.35391],[-106.73994,39.35408],[-106.73935,39.35456],[-106.73922,39.35458],[-106.73923,39.35446],[-106.73939,39.35425],[-106.73969,39.35356],[-106.73963,39.35329],[-106.73938,39.35299],[-106.73938,39.35291],[-106.74063,39.35248],[-106.74122,39.352],[-106.74145,39.35143],[-106.74149,39.35089],[-106.74156,39.35082],[-106.74207,39.351],[-106.74253,39.3509],[-106.74411,39.3502],[-106.74432,39.34991],[-106.74483,39.3497],[-106.74567,39.34874],[-106.74596,39.34829],[-106.74624,39.34805],[-106.74632,39.34762]]}},{"type":"Feature","properties":{"trail_name":"LAKE CHARLES","trail_no":"1899","trail_class":"3","allowed_terra_use":"21"},"geometry":{"type":"LineString","coordinates":[[-106.6417,39.47987],[-106.64043,39.47975],[-106.63911,39.47944],[-106.63727,39.47811],[-106.63459,39.4764],[-106.63407,39.47598],[-106.63365,39.47576],[-106.63272,39.47569],[-106.63128,39.47506],[-106.63085,39.47473],[-106.63059,39.47429],[-106.63053,39.47401],[-106.63016,39.47385],[-106.62926,39.47367],[-106.62868,39.47337],[-106.62849,39.47321],[-106.62847,39.47301],[-106.6278,39.47223],[-106.62722,39.47219],[-106.62667,39.47206],[-106.62658,39.47179],[-106.62659,39.47148],[-106.62607,39.47118],[-106.62529,39.47093],[-106.62481,39.47104],[-106.6244,39.47125],[-106.62319,39.47097],[-106.62233,39.47086],[-106.62147,39.47067],[-106.62058,39.47029],[-106.62028,39.46991],[-106.61903,39.46936],[-106.61875,39.46887],[-106.61812,39.46844],[-106.61732,39.46826],[-106.61696,39.46824],[-106.61613,39.46862],[-106.61554,39.46851],[-106.61398,39.46858],[-106.61304,39.46839],[-106.61253,39.46776],[-106.61148,39.46683],[-106.61111,39.46637],[-106.61061,39.46598],[-106.60854,39.46477],[-106.60779,39.46394],[-106.60752,39.46381],[-106.60701,39.46338],[-106.60643,39.46303],[-106.60449,39.46316],[-106.60375,39.46258],[-106.60318,39.46179],[-106.60245,39.46174],[-106.59916,39.46072],[-106.59794,39.45967],[-106.59613,39.45897],[-106.59364,39.45764],[-106.59296,39.45708],[-106.59178,39.45582]]}},{"type":"Feature","properties":{"trail_name":"MISSOURI LAKES","trail_no":"2003","trail_class":"3","allowed_terra_use":"21"},"geometry":{"type":"LineString","coordinates":[[-106.51632,39.4056],[-106.51643,39.40542],[-106.5166,39.4048],[-106.5167,39.40473],[-106.51678,39.40444],[-106.51704,39.40401],[-106.51693,39.40395],[-106.5169,39.40382],[-106.51674,39.40365],[-106.51651,39.40348],[-106.51615,39.40337],[-106.51592,39.4034],[-106.51593,39.40332],[-106.51584,39.40329],[-106.51629,39.40288],[-106.5163,39.40264],[-106.51607,39.40255],[-106.51596,39.40258],[-106.51582,39.40249],[-106.51618,39.40225],[-106.51613,39.40215],[-106.51579,39.40214],[-106.51543,39.40202],[-106.51547,39.40181],[-106.51561,39.40164],[-106.51554,39.40158],[-106.51502,39.40161],[-106.51496,39.4014],[-106.51514,39.40115],[-106.51504,39.40078],[-106.51506,39.40045],[-106.51462,39.3996],[-106.51441,39.39935],[-106.51425,39.39886],[-106.51416,39.39877],[-106.51411,39.39843]]}},{"type":"Feature","properties":{"trail_name":"NORRIE POWERLINE","trail_no":"3518.1","trail_class":"3","allowed_terra_use":"54321"},"geometry":{"type":"LineString","coordinates":[[-106.66591,39.34191],[-106.66554,39.34206],[-106.66523,39.34234],[-106.66499,39.34238],[-106.66458,39.34203],[-106.66446,39.34169],[-106.66396,39.3411],[-106.66361,39.34092],[-106.6618,39.34053],[-106.66151,39.34028],[-106.661,39.33998],[-106.66065,39.33954],[-106.66041,39.33905],[-106.66039,39.33874],[-106.66022,39.33819],[-106.65988,39.33793],[-106.65959,39.33783],[-106.65915,39.33791],[-106.65782,39.33857],[-106.65747,39.3386],[-106.65738,39.33878],[-106.65726,39.33879],[-106.65716,39.33872]]}},{"type":"Feature","properties":{"trail_name":"CROSS CREEK","trail_no":"2006","trail_class":"3","allowed_terra_use":"21"},"geometry":{"type":"LineString","coordinates":[[-106.42103,39.54862],[-106.42123,39.54869],[-106.42191,39.54865],[-106.42265,39.54847],[-106.4233,39.54806],[-106.42343,39.54807],[-106.42348,39.54818],[-106.42369,39.54813],[-106.42418,39.54772],[-106.42452,39.54768],[-106.42487,39.54753],[-106.42534,39.5475],[-106.42549,39.54731],[-106.42568,39.54692],[-106.42603,39.54653],[-106.42628,39.54648],[-106.42688,39.54657],[-106.42715,39.54642],[-106.42721,39.54632],[-106.42714,39.54623],[-106.42782,39.5457],[-106.42827,39.54543],[-106.42861,39.54536],[-106.42872,39.54523],[-106.42907,39.54508],[-106.43113,39.54358],[-106.43149,39.5432],[-106.43152,39.54283],[-106.43161,39.54256],[-106.4319,39.542],[-106.43205,39.54193],[-106.4326,39.54197],[-106.43287,39.54168],[-106.43291,39.5415],[-106.43283,39.54121],[-106.43297,39.54097],[-106.43348,39.54087],[-106.43378,39.54067],[-106.43388,39.54077],[-106.43387,39.541],[-106.43403,39.54107],[-106.43408,39.54127],[-106.43403,39.54135],[-106.43425,39.54154],[-106.43479,39.5417],[-106.43502,39.54163],[-106.43581,39.5416],[-106.43584,39.54147],[-106.43612,39.54122],[-106.43645,39.54105],[-106.43682,39.54063],[-106.4371,39.5405],[-106.4372,39.54033],[-106.43797,39.53978],[-106.43839,39.53979],[-106.4388,39.53948],[-106.43917,39.53942],[-106.43994,39.53874],[-106.44019,39.53862],[-106.44048,39.5386],[-106.44103,39.53839],[-106.44157,39.53804],[-106.44223,39.53782],[-106.44275,39.5378],[-106.4429,39.53769],[-106.4432,39.53729],[-106.44321,39.53692],[-106.44338,39.53662],[-106.44355,39.53643],[-106.44425,39.536],[-106.44467,39.53593],[-106.44505,39.53577],[-106.4454,39.53551],[-106.44608,39.53525],[-106.44669,39.53487],[-106.44799,39.53444],[-106.44821,39.53418],[-106.44849,39.534],[-106.44879,39.53357],[-106.44952,39.53315],[-106.4501,39.53303],[-106.45055,39.53281],[-106.45051,39.53257],[-106.4507,39.53248],[-106.45073,39.53202],[-106.4509,39.53181],[-106.45141,39.53172],[-106.45151,39.53166],[-106.45153,39.53152],[-106.45167,39.53153],[-106.45195,39.5314],[-106.45203,39.53122],[-106.452,39.5311],[-106.45207,39.53096],[-106.4519,39.53054],[-106.45167,39.53034],[-106.45148,39.53002],[-106.45146,39.52986],[-106.45202,39.52948],[-106.45216,39.52929],[-106.45242,39.52916],[-106.4525,39.52909],[-106.45257,39.52887],[-106.45313,39.52849],[-106.4532,39.52828],[-106.45316,39.52803],[-106.45364,39.52758],[-106.45393,39.52745],[-106.45428,39.52709],[-106.45477,39.52629],[-106.45477,39.52601],[-106.45521,39.52556],[-106.45597,39.52449],[-106.45611,39.52446],[-106.45622,39.52433],[-106.45623,39.52418],[-106.45683,39.52378],[-106.45707,39.52327],[-106.45755,39.52276],[-106.45766,39.52241],[-106.45754,39.52225],[-106.45751,39.52209],[-106.45772,39.52129],[-106.4577,39.52121],[-106.45746,39.5212],[-106.45738,39.52111],[-106.4575,39.52097],[-106.45762,39.52097],[-106.45778,39.52087],[-106.45805,39.52057],[-106.45846,39.52001],[-106.45878,39.51941],[-106.45952,39.51897],[-106.45976,39.51874],[-106.45988,39.51847],[-106.46028,39.51827],[-106.46031,39.51818],[-106.46052,39.51802],[-106.46074,39.51796],[-106.46103,39.51776],[-106.46131,39.51784],[-106.46142,39.51782],[-106.4616,39.51747],[-106.46231,39.51721],[-106.46265,39.51681],[-106.46331,39.51637],[-106.46374,39.51583],[-106.46383,39.51585],[-106.46392,39.51598],[-106.46387,39.51619],[-106.46392,39.51644],[-106.46457,39.51595],[-106.46492,39.51576],[-106.46584,39.51574],[-106.46604,39.51562],[-106.4661,39.51539],[-106.46635,39.51531],[-106.46668,39.51505],[-106.46694,39.51498],[-106.46778,39.51418],[-106.46862,39.51376],[-106.46886,39.51371],[-106.46906,39.5133],[-106.46907,39.51314],[-106.46925,39.51299],[-106.46997,39.51251],[-106.47002,39.51239],[-106.47025,39.5122],[-106.47091,39.512],[-106.47122,39.51156],[-106.47111,39.51137],[-106.47109,39.51119],[-106.47149,39.51098],[-106.47164,39.51058],[-106.47183,39.51035],[-106.47276,39.51009],[-106.47293,39.50992],[-106.47301,39.5097],[-106.47336,39.50941],[-106.47341,39.50897],[-106.47354,39.50874],[-106.47354,39.50834],[-106.47399,39.50816],[-106.47396,39.50804],[-106.47424,39.50763],[-106.47426,39.50736],[-106.47441,39.50722],[-106.47467,39.50714],[-106.47479,39.50698],[-106.47487,39.50665],[-106.47512,39.50654],[-106.47521,39.50637],[-106.47549,39.50615],[-106.47567,39.50614],[-106.47665,39.50564],[-106.47697,39.50525],[-106.47759,39.50471],[-106.47781,39.50461],[-106.478,39.50439],[-106.47813,39.50437],[-106.4782,39.50422],[-106.47856,39.50429],[-106.47873,39.50423],[-106.47908,39.50425],[-106.47938,39.50417],[-106.47955,39.50436],[-106.47948,39.50449],[-106.47969,39.50467],[-106.48003,39.50462],[-106.48043,39.50476],[-106.48073,39.50468],[-106.48089,39.5045],[-106.48146,39.5045],[-106.48187,39.50418],[-106.48325,39.50393],[-106.48358,39.50362],[-106.4835,39.50318],[-106.48358,39.50302],[-106.48382,39.50285],[-106.48396,39.50255],[-106.48399,39.50231],[-106.48391,39.50151],[-106.48384,39.50136],[-106.48393,39.5012],[-106.48457,39.50074],[-106.4846,39.50061],[-106.48513,39.50024],[-106.48568,39.49965],[-106.48576,39.49891],[-106.48605,39.49857],[-106.48622,39.49795],[-106.48649,39.49751],[-106.48705,39.49695],[-106.48736,39.4968],[-106.48754,39.49657],[-106.48783,39.49634],[-106.48853,39.496],[-106.48878,39.49574],[-106.48954,39.49532],[-106.48995,39.4948],[-106.48996,39.49461],[-106.49008,39.49436],[-106.49036,39.49401],[-106.49039,39.49377],[-106.49064,39.49347],[-106.4909,39.49292],[-106.49125,39.49263],[-106.4914,39.49243],[-106.49142,39.49224],[-106.4919,39.49183],[-106.49304,39.49125],[-106.49366,39.49062],[-106.49382,39.49024],[-106.49418,39.4901],[-106.49468,39.49015],[-106.49482,39.49004],[-106.49532,39.48993],[-106.49545,39.4898],[-106.49548,39.48963],[-106.49581,39.48941],[-106.4961,39.48957],[-106.49615,39.48954],[-106.49627,39.48935],[-106.49615,39.48916],[-106.49627,39.48895],[-106.49696,39.48858],[-106.49736,39.4885],[-106.49803,39.48806],[-106.49816,39.48782],[-106.49843,39.48759],[-106.49912,39.48729],[-106.49958,39.48658],[-106.49973,39.48649],[-106.49989,39.48644],[-106.5007,39.48646],[-106.50226,39.48629],[-106.50259,39.48615],[-106.50281,39.48589],[-106.5033,39.48564],[-106.50325,39.48538],[-106.50341,39.48496],[-106.50368,39.48466],[-106.50361,39.48396],[-106.50346,39.48361],[-106.50352,39.48349],[-106.50426,39.48289],[-106.50425,39.48274],[-106.50414,39.4826],[-106.504,39.48259],[-106.5039,39.48278],[-106.50373,39.48277],[-106.50324,39.48246],[-106.50323,39.48228],[-106.50334,39.48209],[-106.50302,39.48181],[-106.50337,39.48135],[-106.50341,39.48108],[-106.50337,39.48095],[-106.5035,39.48088],[-106.50375,39.48098],[-106.50399,39.48087],[-106.50446,39.48031],[-106.50466,39.48025],[-106.50516,39.48032],[-106.50535,39.48022],[-106.50567,39.47981],[-106.50585,39.47936],[-106.50593,39.47892],[-106.50608,39.47874],[-106.5061,39.47854],[-106.50604,39.47809],[-106.50558,39.47761],[-106.50561,39.47716],[-106.50551,39.47699],[-106.50564,39.47663],[-106.50564,39.47625],[-106.5054,39.47592],[-106.50537,39.47575],[-106.50523,39.47553],[-106.50529,39.47516],[-106.50477,39.47485],[-106.50424,39.47409],[-106.50438,39.47382],[-106.50399,39.47333],[-106.50365,39.4724],[-106.50332,39.47172],[-106.50325,39.4715],[-106.50346,39.47096],[-106.50337,39.47035],[-106.50325,39.47016],[-106.50329,39.46986],[-106.50342,39.46977],[-106.50343,39.46952],[-106.50399,39.46884],[-106.50415,39.4681],[-106.50413,39.46794],[-106.50455,39.4674],[-106.5048,39.46728],[-106.50498,39.46695],[-106.50531,39.46659],[-106.50553,39.466],[-106.50573,39.46581],[-106.50596,39.46543],[-106.50584,39.46514],[-106.50626,39.46465],[-106.50669,39.46445],[-106.50685,39.46443],[-106.50708,39.46421],[-106.50738,39.46373],[-106.50776,39.46346],[-106.50791,39.46319],[-106.50814,39.46294],[-106.50897,39.46272],[-106.50915,39.46246],[-106.50927,39.46243],[-106.50945,39.46219],[-106.50963,39.4621],[-106.50963,39.46183],[-106.51012,39.4614],[-106.51043,39.46126],[-106.51087,39.46085],[-106.51128,39.46061],[-106.51132,39.46051],[-106.51203,39.46019],[-106.51242,39.45986],[-106.51235,39.45944],[-106.51213,39.45898],[-106.51222,39.45862],[-106.5119,39.45767],[-106.51191,39.45704],[-106.51205,39.45673],[-106.51202,39.45649],[-106.51223,39.45579],[-106.51242,39.45557],[-106.51242,39.45524],[-106.51227,39.45502],[-106.51229,39.45489],[-106.5124,39.45477],[-106.51224,39.45466],[-106.51213,39.45443],[-106.51216,39.45401],[-106.51205,39.45378],[-106.51205,39.45361],[-106.51181,39.45317],[-106.51191,39.45271],[-106.51172,39.45246],[-106.51171,39.45233],[-106.5115,39.45214],[-106.51177,39.45162],[-106.51193,39.45145],[-106.51197,39.45116],[-106.51173,39.45076],[-106.51171,39.45046],[-106.51185,39.45042],[-106.51202,39.45019],[-106.5121,39.44982],[-106.51172,39.44951],[-106.51194,39.44917],[-106.51172,39.44869],[-106.5118,39.44803],[-106.5117,39.44771],[-106.51178,39.44738],[-106.51168,39.44722],[-106.51169,39.44704],[-106.51155,39.44692],[-106.51145,39.44672],[-106.51157,39.44655],[-106.51154,39.44606],[-106.51134,39.44584],[-106.51093,39.44584],[-106.51086,39.44576],[-106.5108,39.4452],[-106.51055,39.44493],[-106.51028,39.44485],[-106.50995,39.44446],[-106.51007,39.44405],[-106.51019,39.44398],[-106.5103,39.44375],[-106.51,39.44288],[-106.51012,39.44264],[-106.51029,39.44247],[-106.51035,39.44222],[-106.51053,39.44203],[-106.51065,39.44155],[-106.51056,39.44117],[-106.51062,39.44097],[-106.51108,39.44038],[-106.51112,39.44016],[-106.51145,39.43948],[-106.51178,39.43912],[-106.51193,39.43836],[-106.51208,39.43817],[-106.51187,39.43763],[-106.51134,39.43743],[-106.51114,39.43728],[-106.5111,39.43717],[-106.51113,39.43636],[-106.5114,39.43617],[-106.51163,39.43581],[-106.51168,39.43559],[-106.51163,39.43539],[-106.51178,39.43502],[-106.51256,39.43464],[-106.51344,39.43377],[-106.51361,39.43353],[-106.51407,39.43312],[-106.51422,39.43263],[-106.51438,39.43238],[-106.51454,39.43219],[-106.51475,39.4321],[-106.51483,39.43153],[-106.5148,39.43135],[-106.5152,39.4309],[-106.5154,39.43056],[-106.51565,39.4304],[-106.51647,39.42951],[-106.51673,39.42941],[-106.51721,39.42937],[-106.51787,39.42882],[-106.51807,39.42848],[-106.51818,39.42804],[-106.51816,39.42794],[-106.51834,39.42767],[-106.51837,39.42724],[-106.51895,39.42676],[-106.51924,39.42635],[-106.52014,39.42564],[-106.52055,39.4254],[-106.52088,39.42475],[-106.5218,39.42383],[-106.52196,39.42351],[-106.52191,39.42318],[-106.52196,39.42305],[-106.52227,39.42266],[-106.52257,39.42247],[-106.52267,39.42222],[-106.52303,39.42199],[-106.52319,39.4217],[-106.5232,39.42158],[-106.52312,39.4215],[-106.52319,39.42122],[-106.52334,39.4211],[-106.52339,39.42095],[-106.52339,39.42079],[-106.52308,39.42031],[-106.52319,39.41993],[-106.5237,39.41923],[-106.52367,39.41898],[-106.52392,39.41854],[-106.52397,39.41824],[-106.52436,39.41782],[-106.52483,39.41705],[-106.52536,39.41668],[-106.52539,39.41649],[-106.52531,39.41621],[-106.52552,39.41593],[-106.5258,39.4157],[-106.52588,39.41557],[-106.5259,39.41527],[-106.52624,39.41515],[-106.52643,39.4149],[-106.52696,39.41462],[-106.5272,39.41413],[-106.52738,39.41357],[-106.52739,39.41299],[-106.52754,39.41271],[-106.52755,39.41253],[-106.52779,39.41226],[-106.52778,39.41205],[-106.52791,39.41155],[-106.52775,39.41103],[-106.52788,39.4108],[-106.5281,39.41058],[-106.52825,39.40994],[-106.5284,39.40979],[-106.52848,39.40953],[-106.52869,39.40924],[-106.52866,39.40902],[-106.52896,39.40876],[-106.52907,39.40849],[-106.52944,39.40813],[-106.5295,39.40791],[-106.5293,39.40778],[-106.52915,39.40751],[-106.52881,39.4073],[-106.5283,39.40726],[-106.52791,39.40714],[-106.52754,39.40715],[-106.52638,39.40724],[-106.52453,39.40773],[-106.52381,39.40775],[-106.52338,39.40795],[-106.52292,39.40806],[-106.52269,39.40832],[-106.52237,39.40845],[-106.52189,39.4085],[-106.52164,39.40873],[-106.52026,39.40835],[-106.51904,39.40789],[-106.51811,39.40835],[-106.51783,39.40841],[-106.51663,39.40826],[-106.51656,39.40837],[-106.51618,39.4086],[-106.51557,39.40879],[-106.51559,39.40901],[-106.5151,39.40952],[-106.51463,39.40951],[-106.51442,39.40958],[-106.51425,39.41],[-106.5143,39.41049],[-106.51405,39.41087],[-106.51368,39.41092],[-106.51315,39.41086],[-106.51172,39.41111]]}},{"type":"Feature","properties":{"trail_name":"MISSOURI LAKES","trail_no":"2003","trail_class":"3","allowed_terra_use":"21"},"geometry":{"type":"LineString","coordinates":[[-106.51663,39.40826],[-106.51663,39.40813],[-106.51648,39.40783],[-106.51651,39.40778],[-106.51639,39.40765],[-106.51632,39.40744],[-106.51615,39.40731],[-106.51604,39.40695]]}},{"type":"Feature","properties":{"trail_name":"MILLER","trail_no":"3522.1","trail_class":"3","allowed_terra_use":"654321"},"geometry":{"type":"LineString","coordinates":[[-106.73939,39.31532],[-106.73871,39.31543],[-106.73831,39.31581],[-106.73774,39.31589],[-106.73764,39.31654],[-106.73726,39.31723],[-106.73691,39.31772],[-106.73677,39.31829],[-106.73612,39.31941],[-106.73534,39.32038],[-106.73527,39.32072],[-106.73504,39.32102],[-106.73484,39.32142],[-106.73408,39.32321],[-106.73373,39.3245],[-106.73367,39.32507],[-106.73321,39.32594],[-106.73324,39.32664],[-106.73315,39.32689],[-106.73263,39.32759],[-106.73255,39.32756],[-106.73241,39.32709],[-106.732,39.32671],[-106.73153,39.32678],[-106.73122,39.32798],[-106.73112,39.32805],[-106.73061,39.32814]]}},{"type":"Feature","properties":{"trail_name":"MISSOURI LAKES","trail_no":"2003","trail_class":"3","allowed_terra_use":"21"},"geometry":{"type":"LineString","coordinates":[[-106.51411,39.39843],[-106.51402,39.39821],[-106.51388,39.39815],[-106.51352,39.39781],[-106.51329,39.39775],[-106.51295,39.39735],[-106.51293,39.3967],[-106.51309,39.39646],[-106.51329,39.39632],[-106.51332,39.39606],[-106.51317,39.39588],[-106.51315,39.39553],[-106.51293,39.39489],[-106.51285,39.39453],[-106.51292,39.39441]]}},{"type":"Feature","properties":{"trail_name":"NORRIE POWERLINE","trail_no":"3518.1","trail_class":"3","allowed_terra_use":"54321"},"geometry":{"type":"LineString","coordinates":[[-106.65716,39.33872],[-106.65698,39.33859],[-106.65704,39.33852],[-106.65701,39.33811],[-106.65712,39.338],[-106.65693,39.33752],[-106.65691,39.33719],[-106.65674,39.33691],[-106.65612,39.3365],[-106.65576,39.33643],[-106.65572,39.3362],[-106.6556,39.33615],[-106.65512,39.33601],[-106.65467,39.33608],[-106.65458,39.33605],[-106.65445,39.33577],[-106.65446,39.33525],[-106.6543,39.33514],[-106.65429,39.33506],[-106.65387,39.33488],[-106.65363,39.33461],[-106.65346,39.33453],[-106.65325,39.33457],[-106.65263,39.33493],[-106.65198,39.33502],[-106.65188,39.33496],[-106.65177,39.33472],[-106.65158,39.3346],[-106.6508,39.33434],[-106.6503,39.33427],[-106.65011,39.33404],[-106.64993,39.333],[-106.64964,39.33211],[-106.6491,39.33149],[-106.64868,39.33078],[-106.64774,39.3297],[-106.64695,39.32909],[-106.646,39.32854],[-106.64549,39.32817],[-106.64504,39.32803],[-106.64435,39.32805],[-106.64398,39.32786],[-106.64354,39.32789],[-106.64319,39.32782],[-106.64292,39.3275],[-106.64303,39.32737],[-106.64339,39.32722],[-106.64341,39.32696],[-106.64328,39.32689],[-106.64273,39.3268],[-106.64187,39.32693],[-106.64158,39.32689],[-106.64103,39.32619],[-106.64067,39.32588],[-106.64041,39.3253],[-106.63979,39.32466],[-106.63919,39.32436],[-106.63895,39.32436],[-106.63879,39.32429],[-106.63874,39.32414],[-106.6388,39.32396],[-106.63863,39.32382],[-106.63867,39.32362],[-106.63863,39.32356],[-106.63796,39.32331],[-106.63745,39.32291],[-106.63729,39.32264],[-106.63667,39.32224],[-106.63653,39.32202],[-106.63598,39.32158],[-106.63548,39.32141],[-106.63529,39.32124],[-106.63466,39.32092],[-106.63432,39.32082],[-106.63251,39.32074],[-106.6318,39.32104],[-106.63154,39.32088],[-106.6311,39.32084],[-106.63089,39.32072],[-106.63025,39.32058],[-106.62878,39.32085],[-106.62845,39.32086],[-106.62762,39.32077],[-106.6273,39.32062],[-106.62712,39.32043],[-106.62634,39.32027],[-106.62579,39.32028],[-106.62573,39.32061],[-106.62566,39.32068],[-106.62479,39.32132],[-106.62456,39.3214]]}},{"type":"Feature","properties":{"trail_name":"BURNT MOUNTAIN LOOP","trail_no":"3506.1","trail_class":"4","allowed_terra_use":"54321"},"geometry":{"type":"LineString","coordinates":[[-106.64265,39.35954],[-106.64232,39.35838],[-106.64215,39.35805],[-106.642,39.35787],[-106.64173,39.35772],[-106.64166,39.35755],[-106.64175,39.35728],[-106.64216,39.35668],[-106.64216,39.35619],[-106.64226,39.35578],[-106.64248,39.3556],[-106.64299,39.35545],[-106.64316,39.35499],[-106.64313,39.35468],[-106.64281,39.35398],[-106.6424,39.35342],[-106.64234,39.35324],[-106.64242,39.35317],[-106.64263,39.35319],[-106.64336,39.35372],[-106.64365,39.35383],[-106.64419,39.35388],[-106.64483,39.35405],[-106.64522,39.35436],[-106.64544,39.35445],[-106.64529,39.35429],[-106.64495,39.35323],[-106.64475,39.3531],[-106.6442,39.35296],[-106.64399,39.35223],[-106.64376,39.3519],[-106.64348,39.35165],[-106.64342,39.35114],[-106.64402,39.35037],[-106.64408,39.35018],[-106.64405,39.34997],[-106.64382,39.3498],[-106.64349,39.34997],[-106.64313,39.34985],[-106.64303,39.34971],[-106.64295,39.34922],[-106.6428,39.34909],[-106.64241,39.34897],[-106.64204,39.34894],[-106.64069,39.3491],[-106.6404,39.349],[-106.6401,39.34875],[-106.63993,39.3487],[-106.63971,39.34873],[-106.63929,39.34895],[-106.63888,39.34887],[-106.6382,39.34849],[-106.63789,39.34851],[-106.63754,39.34862],[-106.63691,39.34904],[-106.6363,39.34973],[-106.63601,39.34994],[-106.63563,39.35009],[-106.63474,39.35014],[-106.63452,39.3503],[-106.63437,39.35055],[-106.63432,39.35086],[-106.63363,39.35119],[-106.6335,39.35136],[-106.63332,39.35186],[-106.6328,39.35251],[-106.63282,39.35288],[-106.63323,39.35356],[-106.63322,39.35374],[-106.63306,39.35388],[-106.6326,39.35405],[-106.63245,39.3543],[-106.63206,39.3546],[-106.63173,39.35466],[-106.63151,39.35455]]}},{"type":"Feature","properties":{"trail_name":"IRONEDGE","trail_no":"1873","trail_class":"3","allowed_terra_use":"21"},"geometry":{"type":"LineString","coordinates":[[-106.65653,39.48119],[-106.65601,39.48131],[-106.65538,39.48114],[-106.65527,39.4813],[-106.6553,39.4816]]}},{"type":"Feature","properties":{"trail_name":"ASPEN-NORRIE","trail_no":"1927","trail_class":"3","allowed_terra_use":"21"},"geometry":{"type":"LineString","coordinates":[[-106.69586,39.27877],[-106.69569,39.27909],[-106.69531,39.27932],[-106.69499,39.27936],[-106.69327,39.27929],[-106.69136,39.28009],[-106.69108,39.27966],[-106.69073,39.27962],[-106.68926,39.27983],[-106.68777,39.28059],[-106.68745,39.28058],[-106.68699,39.28039],[-106.68679,39.28037],[-106.6865,39.28052],[-106.68646,39.28063],[-106.68655,39.28117],[-106.68641,39.2813],[-106.68515,39.28122],[-106.68501,39.28125],[-106.68396,39.282],[-106.68349,39.28218],[-106.68289,39.28229],[-106.6817,39.2823],[-106.68149,39.28238],[-106.68115,39.28264],[-106.68093,39.28292],[-106.68065,39.28306],[-106.68001,39.283],[-106.67981,39.28314],[-106.67962,39.28319],[-106.67923,39.28309],[-106.67829,39.28336],[-106.67846,39.2841],[-106.67802,39.28445],[-106.67721,39.28481],[-106.67695,39.28502],[-106.67688,39.28529],[-106.67693,39.28647],[-106.6768,39.28673],[-106.6729,39.28762],[-106.67135,39.28822],[-106.67111,39.28848],[-106.66891,39.28966],[-106.66763,39.29098],[-106.6654,39.29257],[-106.6633,39.29502],[-106.66273,39.29515],[-106.66266,39.29526],[-106.66165,39.29595],[-106.66091,39.29661],[-106.66072,39.29668],[-106.66049,39.29692],[-106.66053,39.29706],[-106.66014,39.29746],[-106.65968,39.29757],[-106.65933,39.29779],[-106.659,39.29822],[-106.65835,39.29884],[-106.65636,39.30015],[-106.65569,39.30096],[-106.65565,39.30109],[-106.65571,39.30121],[-106.6556,39.30175],[-106.65532,39.30189],[-106.65527,39.30217],[-106.65506,39.30225],[-106.65513,39.30267],[-106.65469,39.30307],[-106.65436,39.30322],[-106.65418,39.30339],[-106.65404,39.30342],[-106.65371,39.3033],[-106.65316,39.30295]]}},{"type":"Feature","properties":{"trail_name":"MUCKEY SUNDELL CONNECTOR","trail_no":"1862.1","trail_class":"2","allowed_terra_use":"21"},"geometry":{"type":"LineString","coordinates":[[-106.86186,39.48484],[-106.86174,39.48473]]}},{"type":"Feature","properties":{"trail_name":"MUCKEY SUNDELL CONNECTOR","trail_no":"1862.1","trail_class":"2","allowed_terra_use":"21"},"geometry":{"type":"LineString","coordinates":[[-106.86344,39.48556],[-106.8622,39.48511],[-106.86186,39.48484]]}},{"type":"Feature","properties":{"trail_name":"SNEVE GULCH","trail_no":"1872","trail_class":"2","allowed_terra_use":"321"},"geometry":{"type":"LineString","coordinates":[[-106.71667,39.48486],[-106.71563,39.48533],[-106.71523,39.48531],[-106.71483,39.4852],[-106.71406,39.4855],[-106.71323,39.48563],[-106.71296,39.48592],[-106.71263,39.48604],[-106.7121,39.48611],[-106.71096,39.48644],[-106.7107,39.48645],[-106.71023,39.48637],[-106.70971,39.48619],[-106.70931,39.48614],[-106.70873,39.48593],[-106.70787,39.48576],[-106.70762,39.48565],[-106.70754,39.48566],[-106.70744,39.48584],[-106.70734,39.48567],[-106.70692,39.48543],[-106.70537,39.4849],[-106.70377,39.48473],[-106.7032,39.48461]]}},{"type":"Feature","properties":{"trail_name":"MUCKEY SUNDELL CONNECTOR","trail_no":"1862.1","trail_class":"2","allowed_terra_use":"21"},"geometry":{"type":"LineString","coordinates":[[-106.86174,39.48473],[-106.86124,39.48422],[-106.86062,39.48286]]}},{"type":"Feature","properties":{"trail_name":"MCKENZIE GULCH","trail_no":"1869","trail_class":"3","allowed_terra_use":"321"},"geometry":{"type":"LineString","coordinates":[[-106.77341,39.49237],[-106.77461,39.49188],[-106.77497,39.49214]]}},{"type":"Feature","properties":{"trail_name":"SNEVE GULCH","trail_no":"1872","trail_class":"2","allowed_terra_use":"321"},"geometry":{"type":"LineString","coordinates":[[-106.73299,39.48131],[-106.73282,39.48144],[-106.73244,39.48152],[-106.73188,39.48181],[-106.7305,39.4822],[-106.72989,39.48232],[-106.72959,39.48232],[-106.72913,39.48246],[-106.72872,39.48244],[-106.72867,39.48237],[-106.72878,39.48212],[-106.72812,39.48181],[-106.72658,39.48206]]}},{"type":"Feature","properties":{"trail_name":"SOPRIS LAKE","trail_no":"2132","trail_class":"2","allowed_terra_use":"21"},"geometry":{"type":"LineString","coordinates":[[-106.48964,39.37845],[-106.48985,39.37834],[-106.49,39.37836],[-106.49053,39.37793],[-106.49054,39.37766],[-106.49042,39.37752],[-106.49072,39.37724],[-106.49106,39.37705],[-106.49108,39.37693],[-106.49141,39.37659],[-106.49211,39.37614],[-106.49217,39.37587],[-106.4926,39.37548],[-106.49273,39.37526],[-106.49332,39.37505],[-106.49359,39.37488],[-106.49379,39.37487],[-106.49395,39.37471],[-106.49449,39.37461],[-106.49493,39.37462],[-106.49523,39.37445],[-106.49535,39.37375],[-106.49596,39.37315],[-106.49588,39.37295],[-106.49589,39.37276],[-106.49599,39.37265],[-106.49602,39.37248],[-106.49617,39.37237],[-106.49619,39.37212],[-106.49639,39.37203],[-106.49659,39.37166],[-106.49684,39.37156],[-106.4971,39.3713],[-106.49739,39.3712],[-106.4978,39.37081],[-106.49834,39.37076],[-106.49863,39.37051],[-106.49879,39.37027],[-106.49925,39.36996],[-106.49937,39.36999],[-106.50021,39.36965],[-106.5008,39.36924],[-106.50089,39.36909],[-106.50129,39.3689],[-106.50173,39.36846]]}},{"type":"Feature","properties":{"trail_name":"IRONEDGE","trail_no":"1873","trail_class":"3","allowed_terra_use":"21"},"geometry":{"type":"LineString","coordinates":[[-106.6553,39.4816],[-106.65561,39.482],[-106.65557,39.4821],[-106.65522,39.48206],[-106.65508,39.48211],[-106.65515,39.48222],[-106.65543,39.48226],[-106.65552,39.48236],[-106.65521,39.48241],[-106.65538,39.48258],[-106.65532,39.48279],[-106.65517,39.48291],[-106.65515,39.48303],[-106.65521,39.4833],[-106.65531,39.48334],[-106.65533,39.48348],[-106.65544,39.48364],[-106.65517,39.48379],[-106.6553,39.48393],[-106.65535,39.48419],[-106.65536,39.48438],[-106.65529,39.48453],[-106.65542,39.48454],[-106.65554,39.48434],[-106.65563,39.48437],[-106.6556,39.48451],[-106.65565,39.48455],[-106.65573,39.48454],[-106.65581,39.48438],[-106.65595,39.48429],[-106.65633,39.4843],[-106.65639,39.48425],[-106.65658,39.48433],[-106.6567,39.48428],[-106.65684,39.4844],[-106.65686,39.48454],[-106.65706,39.48455],[-106.65724,39.48468],[-106.65741,39.48492],[-106.6578,39.48515],[-106.65819,39.48568],[-106.65816,39.48586],[-106.658,39.48573],[-106.65771,39.48571],[-106.6574,39.4856],[-106.65707,39.48567],[-106.65691,39.48591],[-106.65683,39.4863],[-106.65704,39.48674],[-106.65697,39.48674],[-106.65724,39.48708],[-106.65721,39.48722],[-106.65748,39.48737],[-106.65767,39.4878],[-106.6576,39.48794],[-106.65762,39.48822],[-106.65753,39.48828],[-106.6578,39.4889],[-106.65773,39.48926],[-106.65795,39.48936],[-106.65805,39.48952],[-106.65814,39.48988],[-106.65855,39.49053],[-106.65863,39.49081],[-106.6586,39.49097],[-106.65824,39.49129],[-106.65749,39.49153],[-106.65744,39.49172],[-106.6575,39.49208],[-106.65757,39.49213]]}},{"type":"Feature","properties":{"trail_name":"LAKE CHARLES","trail_no":"1899","trail_class":"3","allowed_terra_use":"21"},"geometry":{"type":"LineString","coordinates":[[-106.65594,39.48924],[-106.65426,39.48838],[-106.65345,39.48778],[-106.65307,39.48736],[-106.65282,39.4872],[-106.65109,39.48657],[-106.65024,39.48609],[-106.6494,39.48489],[-106.64872,39.48346],[-106.64846,39.48319],[-106.64786,39.48299],[-106.64696,39.48253],[-106.64604,39.48172],[-106.64376,39.48035],[-106.64306,39.48],[-106.6417,39.47987]]}},{"type":"Feature","properties":{"trail_name":"NEW YORK LAKE","trail_no":"2221","trail_class":"2","allowed_terra_use":"21"},"geometry":{"type":"LineString","coordinates":[[-106.60848,39.50099],[-106.60841,39.50078],[-106.60828,39.50064],[-106.60769,39.50044],[-106.6075,39.50047],[-106.60715,39.50036],[-106.607,39.50037],[-106.60621,39.4997],[-106.60617,39.4995],[-106.60634,39.49919],[-106.60615,39.49899],[-106.60607,39.49871]]}},{"type":"Feature","properties":{"trail_name":"BROWN'S LOOP","trail_no":"1874","trail_class":"3","allowed_terra_use":"1"},"geometry":{"type":"LineString","coordinates":[[-106.67612,39.50167],[-106.67574,39.50153],[-106.67551,39.50095],[-106.67523,39.50078],[-106.67503,39.5005],[-106.67478,39.50034],[-106.67407,39.50018],[-106.6736,39.50019],[-106.67272,39.49985],[-106.67184,39.49913],[-106.67167,39.49877],[-106.6712,39.49853],[-106.67095,39.49823],[-106.67025,39.49793],[-106.66961,39.49737],[-106.66916,39.49729],[-106.66748,39.49638],[-106.66705,39.49636],[-106.66672,39.49625],[-106.66626,39.49591],[-106.66592,39.49581],[-106.66571,39.49565],[-106.66459,39.49527],[-106.66473,39.49562],[-106.66471,39.49599],[-106.66509,39.49629],[-106.66545,39.49709],[-106.66581,39.49749],[-106.66603,39.4982],[-106.66631,39.4985],[-106.66726,39.499],[-106.66752,39.49905],[-106.66793,39.49927],[-106.6682,39.49924],[-106.66943,39.49962],[-106.66971,39.49982],[-106.66987,39.50026],[-106.67118,39.50121],[-106.67187,39.50151],[-106.67271,39.50177],[-106.6731,39.50214],[-106.67313,39.50239],[-106.67339,39.50265],[-106.67335,39.50283],[-106.6734,39.50293],[-106.67358,39.503],[-106.67404,39.50302],[-106.67445,39.50319],[-106.67476,39.50319],[-106.67509,39.50361],[-106.67592,39.5036],[-106.67623,39.5038],[-106.67662,39.50377],[-106.67694,39.50388],[-106.67723,39.50388],[-106.67751,39.50402],[-106.6776,39.50423],[-106.67782,39.50449],[-106.67804,39.50448]]}},{"type":"Feature","properties":{"trail_name":"SNEVE GULCH","trail_no":"1872","trail_class":"2","allowed_terra_use":"321"},"geometry":{"type":"LineString","coordinates":[[-106.72658,39.48206],[-106.7257,39.48214],[-106.72479,39.48235]]}},{"type":"Feature","properties":{"trail_name":"LOST LAKE","trail_no":"2224","trail_class":"2","allowed_terra_use":"21"},"geometry":{"type":"LineString","coordinates":[[-106.7965,39.4745],[-106.79654,39.47442],[-106.79639,39.47413],[-106.7964,39.47397],[-106.79628,39.47363],[-106.79653,39.47339],[-106.79654,39.47317],[-106.79633,39.47302],[-106.79627,39.47273],[-106.7961,39.47251],[-106.79574,39.47228],[-106.79558,39.47196],[-106.79519,39.47176],[-106.79502,39.47154],[-106.79484,39.47142],[-106.79474,39.47122],[-106.79502,39.47106],[-106.79507,39.47036],[-106.79554,39.4697],[-106.79554,39.46941],[-106.79577,39.46936],[-106.79611,39.46915],[-106.79629,39.46894],[-106.79637,39.46852],[-106.79672,39.46818],[-106.79683,39.46776],[-106.79673,39.46739],[-106.79676,39.46699],[-106.79658,39.4666],[-106.79659,39.46651],[-106.79648,39.46637],[-106.79637,39.46584],[-106.79626,39.46568],[-106.79502,39.46488],[-106.7946,39.46443],[-106.79459,39.46433],[-106.79427,39.46394],[-106.7943,39.46367],[-106.79417,39.46357],[-106.7941,39.46336],[-106.79373,39.46308],[-106.79317,39.46279],[-106.79268,39.46236],[-106.79247,39.462],[-106.7923,39.46199],[-106.79208,39.46174],[-106.79158,39.46049],[-106.79167,39.46005],[-106.7916,39.45983],[-106.79161,39.45938],[-106.7918,39.45896],[-106.79187,39.45858],[-106.79234,39.45792],[-106.7924,39.4576],[-106.79295,39.45723],[-106.79382,39.45639],[-106.79414,39.45629],[-106.79435,39.45633],[-106.79497,39.45628],[-106.79509,39.45621],[-106.79501,39.45615],[-106.79506,39.45604],[-106.79573,39.45583],[-106.79599,39.45554],[-106.79675,39.45552],[-106.79699,39.45543],[-106.79719,39.45545],[-106.79734,39.45532],[-106.79754,39.45529],[-106.79785,39.45494],[-106.79786,39.45486],[-106.79776,39.45479],[-106.79772,39.45464],[-106.79793,39.4543],[-106.79827,39.45429],[-106.79836,39.45406],[-106.79877,39.45401],[-106.79893,39.45386],[-106.79917,39.45382],[-106.79927,39.4537],[-106.79925,39.45346],[-106.79915,39.45334],[-106.79967,39.45307],[-106.79969,39.45282],[-106.7999,39.45247],[-106.79991,39.45202],[-106.80002,39.45169],[-106.80022,39.45176],[-106.80036,39.45164],[-106.80024,39.45147],[-106.80026,39.45116],[-106.80034,39.45104],[-106.80035,39.45088],[-106.80056,39.4508],[-106.80052,39.45073],[-106.80062,39.45064],[-106.80063,39.45057],[-106.8005,39.45041],[-106.80059,39.45029],[-106.8007,39.44977],[-106.8008,39.44964],[-106.80078,39.4495],[-106.8009,39.44922],[-106.80108,39.44885],[-106.80135,39.44857],[-106.80139,39.44827],[-106.80153,39.44819],[-106.80148,39.44811],[-106.80164,39.44785],[-106.80164,39.44772],[-106.80177,39.44757],[-106.80174,39.44745],[-106.80212,39.44706],[-106.80225,39.4465],[-106.80256,39.44593],[-106.80304,39.44539],[-106.80298,39.44531],[-106.80321,39.44465],[-106.80331,39.44388],[-106.80316,39.44357],[-106.80328,39.44356],[-106.80336,39.44341],[-106.80351,39.4433],[-106.80354,39.44289],[-106.8036,39.4428],[-106.80353,39.4426],[-106.80358,39.44236],[-106.80355,39.44215],[-106.80368,39.44188],[-106.80377,39.44145],[-106.80396,39.44128],[-106.80392,39.4412],[-106.80427,39.44086],[-106.80435,39.44068],[-106.80452,39.44057],[-106.80487,39.44044],[-106.80526,39.44046],[-106.8055,39.44035],[-106.80567,39.4402],[-106.80587,39.43979],[-106.80604,39.43968],[-106.80692,39.43963],[-106.80702,39.43955],[-106.80707,39.43928],[-106.80704,39.43906],[-106.80717,39.43886],[-106.80716,39.43853],[-106.80712,39.43802],[-106.80702,39.43784],[-106.807,39.4375],[-106.80684,39.43712]]}},{"type":"Feature","properties":{"trail_name":"LOST LAKE","trail_no":"2224","trail_class":"2","allowed_terra_use":"21"},"geometry":{"type":"LineString","coordinates":[[-106.79639,39.47461],[-106.7965,39.4745]]}},{"type":"Feature","properties":{"trail_name":"MUCKEY LAKE","trail_no":"1862","trail_class":"2","allowed_terra_use":"21"},"geometry":{"type":"LineString","coordinates":[[-106.86029,39.48297],[-106.85992,39.48307],[-106.85961,39.48344],[-106.85953,39.48398],[-106.85944,39.4841]]}},{"type":"Feature","properties":{"trail_name":"LAKE CHARLES","trail_no":"1899","trail_class":"3","allowed_terra_use":"21"},"geometry":{"type":"LineString","coordinates":[[-106.65757,39.49213],[-106.65736,39.4921],[-106.65736,39.49195],[-106.65716,39.49181],[-106.65717,39.49109],[-106.65698,39.49055],[-106.65701,39.49034],[-106.65677,39.48987],[-106.65603,39.48934]]}},{"type":"Feature","properties":{"trail_name":"IRONEDGE","trail_no":"1873","trail_class":"3","allowed_terra_use":"21"},"geometry":{"type":"LineString","coordinates":[[-106.64689,39.46491],[-106.64715,39.46492],[-106.64755,39.46511],[-106.64798,39.46547],[-106.64809,39.46575],[-106.6484,39.46597],[-106.64916,39.46615],[-106.64976,39.46599],[-106.65033,39.46593],[-106.65053,39.46605],[-106.65058,39.46626],[-106.65072,39.46645],[-106.65068,39.46656],[-106.65099,39.46668],[-106.65155,39.46644],[-106.65173,39.4665],[-106.65208,39.46709],[-106.65259,39.46751],[-106.65263,39.46775],[-106.65296,39.46819],[-106.65303,39.46825],[-106.65338,39.46813],[-106.65365,39.46833],[-106.65368,39.46855],[-106.65359,39.46896],[-106.65362,39.46927],[-106.65373,39.46941],[-106.65378,39.46964],[-106.65413,39.47003],[-106.65405,39.47028],[-106.65414,39.47058],[-106.65455,39.4709],[-106.65461,39.47101],[-106.65451,39.47117],[-106.65455,39.47132],[-106.65445,39.47172],[-106.65459,39.47192],[-106.65441,39.47221],[-106.65442,39.47237],[-106.65451,39.47251],[-106.65446,39.47279],[-106.65451,39.47281],[-106.65443,39.47297],[-106.65481,39.47333],[-106.65499,39.47487],[-106.65518,39.47534],[-106.65517,39.47545],[-106.65551,39.47581],[-106.65547,39.47586],[-106.65518,39.47585],[-106.65512,39.476],[-106.65526,39.47648],[-106.65539,39.47665],[-106.65552,39.47703],[-106.65545,39.47708],[-106.65522,39.47703],[-106.65502,39.4771],[-106.6551,39.47737],[-106.65542,39.47797],[-106.65568,39.47808],[-106.65589,39.47831],[-106.65548,39.47848],[-106.65562,39.47859],[-106.65572,39.47889],[-106.656,39.47909],[-106.65629,39.47942],[-106.65628,39.47949],[-106.65609,39.47961],[-106.65579,39.47969],[-106.6561,39.47993],[-106.65656,39.48058],[-106.65665,39.48106],[-106.65653,39.48119]]}},{"type":"Feature","properties":{"trail_name":"IRONEDGE","trail_no":"1873","trail_class":"3","allowed_terra_use":"321"},"geometry":{"type":"LineString","coordinates":[[-106.62953,39.46039],[-106.63009,39.46035],[-106.6304,39.46003],[-106.63165,39.46045],[-106.63215,39.46055],[-106.63267,39.46077],[-106.63308,39.46082]]}},{"type":"Feature","properties":{"trail_name":"SNEVE GULCH","trail_no":"1872","trail_class":"2","allowed_terra_use":"321"},"geometry":{"type":"LineString","coordinates":[[-106.72001,39.48386],[-106.71935,39.48416],[-106.71906,39.48445],[-106.71849,39.48465]]}},{"type":"Feature","properties":{"trail_name":"EAST LAKE CREEK","trail_no":"1880","trail_class":"1","allowed_terra_use":"21"},"geometry":{"type":"LineString","coordinates":[[-106.56209,39.46086],[-106.56212,39.46015],[-106.56207,39.45987],[-106.56193,39.45957],[-106.56194,39.45926],[-106.56183,39.45846],[-106.56189,39.45823],[-106.56186,39.45779],[-106.56242,39.4572],[-106.56249,39.45694],[-106.56264,39.45679],[-106.56274,39.45656],[-106.56273,39.4559],[-106.56243,39.45551],[-106.56238,39.45525],[-106.56248,39.45487],[-106.56292,39.4541],[-106.56308,39.45357],[-106.56351,39.45268],[-106.56354,39.45238],[-106.56396,39.4517],[-106.56387,39.45131],[-106.56409,39.45097],[-106.56494,39.45023],[-106.56499,39.44955],[-106.56516,39.44901],[-106.56543,39.44871],[-106.56585,39.44735],[-106.56614,39.44697],[-106.56626,39.44648],[-106.56652,39.44587],[-106.56722,39.44498],[-106.5678,39.44486]]}}]}