{"type":"FeatureCollection","features":[{"type":"Feature","properties":{},"geometry":{"type":"Polygon","coordinates":[[[-106.52878,39.29769],[-106.52893,39.29763],[-106.52884,39.29758],[-106.52873,39.29762],[-106.52878,39.29769]]]}},{"type":"Feature","properties":{},"geometry":{"type":"Polygon","coordinates":[[[-106.74417,39.42857],[-106.74386,39.42866],[-106.74324,39.42913],[-106.74276,39.42932],[-106.7427,39.42948],[-106.74273,39.42959],[-106.74332,39.42995],[-106.7436,39.42992],[-106.74412,39.4293],[-106.74417,39.42857]]]}},{"type":"Feature","properties":{},"geometry":{"type":"Polygon","coordinates":[[[-106.52913,39.42688],[-106.52913,39.42676],[-106.52893,39.42674],[-106.52845,39.42701],[-106.52833,39.42727],[-106.52903,39.42699],[-106.52913,39.42688]]]}},{"type":"Feature","properties":{},"geometry":{"type":"Polygon","coordinates":[[[-106.52159,39.42095],[-106.52156,39.42088],[-106.52134,39.42085],[-106.52115,39.42103],[-106.52133,39.42131],[-106.52117,39.42157],[-106.52113,39.42176],[-106.52126,39.42246],[-106.52112,39.42249],[-106.52075,39.42238],[-106.52061,39.4224],[-106.52041,39.42261],[-106.52015,39.42275],[-106.51998,39.42293],[-106.52,39.42302],[-106.52046,39.42295],[-106.52089,39.42299],[-106.52109,39.42269],[-106.52131,39.42266],[-106.52148,39.42249],[-106.5218,39.42252],[-106.5217,39.42203],[-106.52146,39.42188],[-106.52149,39.42129],[-106.52139,39.42102],[-106.52159,39.42099],[-106.52159,39.42095]]]}},{"type":"Feature","properties":{},"geometry":{"type":"Polygon","coordinates":[[[-106.52547,39.41184],[-106.52567,39.41176],[-106.5257,39.41153],[-106.52545,39.41164],[-106.52542,39.41174],[-106.52547,39.41184]]]}},{"type":"Feature","properties":{},"geometry":{"type":"Polygon","coordinates":[[[-106.50059,39.347],[-106.50085,39.3469],[-106.5008,39.34656],[-106.50014,39.34574],[-106.49991,39.34571],[-106.49951,39.34579],[-106.4989,39.3464],[-106.4989,39.34668],[-106.49924,39.34676],[-106.49925,39.34692],[-106.50006,39.34711],[-106.50059,39.347]]]}},{"type":"Feature","properties":{},"geometry":{"type":"Polygon","coordinates":[[[-106.5165,39.38637],[-106.51614,39.38613],[-106.51574,39.38651],[-106.51552,39.38662],[-106.51516,39.38667],[-106.51458,39.38659],[-106.51431,39.38702],[-106.51436,39.38743],[-106.51448,39.38761],[-106.51477,39.38783],[-106.51518,39.388],[-106.516,39.38787],[-106.51611,39.38766],[-106.51646,39.38753],[-106.51645,39.38736],[-106.51654,39.38719],[-106.51643,39.38695],[-106.51671,39.38673],[-106.51675,39.38664],[-106.5165,39.38637]]]}},{"type":"Feature","properties":{},"geometry":{"type":"Polygon","coordinates":[[[-106.53618,39.4597],[-106.53634,39.45944],[-106.53637,39.45871],[-106.53667,39.4584],[-106.53663,39.45822],[-106.53613,39.45816],[-106.536,39.45806],[-106.53585,39.45809],[-106.53575,39.45815],[-106.53563,39.45843],[-106.53539,39.45857],[-106.53502,39.45835],[-106.53485,39.4584],[-106.53466,39.45867],[-106.5347,39.45908],[-106.53456,39.45925],[-106.53462,39.45936],[-106.53509,39.45968],[-106.53556,39.45981],[-106.53574,39.45984],[-106.53618,39.4597]],[[-106.53598,39.45877],[-106.53616,39.45896],[-106.53612,39.459],[-106.53583,39.45892],[-106.5358,39.45883],[-106.53585,39.45875],[-106.53598,39.45877]],[[-106.53508,39.45868],[-106.53507,39.45876],[-106.53486,39.45878],[-106.53495,39.45868],[-106.53508,39.45868]]]}},{"type":"Feature","properties":{},"geometry":{"type":"Polygon","coordinates":[[[-106.51613,39.43488],[-106.5163,39.43515],[-106.51619,39.43529],[-106.51619,39.43547],[-106.51645,39.43585],[-106.51638,39.43618],[-106.51644,39.43629],[-106.51662,39.43633],[-106.51701,39.43619],[-106.51784,39.43564],[-106.51802,39.43528],[-106.5182,39.43509],[-106.51825,39.43489],[-106.51857,39.43465],[-106.51869,39.43441],[-106.51857,39.43424],[-106.51787,39.4339],[-106.51761,39.43353],[-106.51702,39.43332],[-106.5167,39.43301],[-106.51652,39.43295],[-106.51611,39.43333],[-106.51583,39.43336],[-106.51564,39.43331],[-106.51544,39.43335],[-106.51532,39.43366],[-106.51507,39.43397],[-106.51511,39.43405],[-106.51562,39.43428],[-106.51578,39.43455],[-106.51602,39.43471],[-106.51613,39.43488]]]}},{"type":"Feature","properties":{},"geometry":{"type":"Polygon","coordinates":[[[-106.83798,39.43405],[-106.83744,39.43423],[-106.83738,39.43434],[-106.83746,39.43465],[-106.83761,39.43473],[-106.83763,39.43503],[-106.83782,39.43514],[-106.83814,39.43515],[-106.83839,39.43506],[-106.83855,39.43492],[-106.83855,39.43484],[-106.83812,39.43408],[-106.83798,39.43405]]]}},{"type":"Feature","properties":{},"geometry":{"type":"Polygon","coordinates":[[[-106.67134,39.41751],[-106.67127,39.41759],[-106.67138,39.41765],[-106.67153,39.41754],[-106.67145,39.41748],[-106.67134,39.41751]]]}},{"type":"Feature","properties":{},"geometry":{"type":"Polygon","coordinates":[[[-106.53637,39.3979],[-106.53648,39.39795],[-106.53693,39.39778],[-106.5372,39.39744],[-106.5372,39.39736],[-106.53691,39.39718],[-106.53677,39.39698],[-106.53662,39.39702],[-106.53655,39.39713],[-106.53621,39.3973],[-106.53619,39.39747],[-106.53637,39.3979]]]}},{"type":"Feature","properties":{},"geometry":{"type":"Polygon","coordinates":[[[-106.57433,39.47339],[-106.57454,39.47341],[-106.57464,39.4733],[-106.57447,39.47311],[-106.57426,39.47306],[-106.5742,39.47318],[-106.57433,39.47339]]]}},{"type":"Feature","properties":{},"geometry":{"type":"Polygon","coordinates":[[[-106.56338,39.458],[-106.5639,39.45768],[-106.56389,39.45753],[-106.56369,39.45755],[-106.5635,39.45779],[-106.5633,39.45787],[-106.5633,39.45799],[-106.56338,39.458]]]}},{"type":"Feature","properties":{},"geometry":{"type":"Polygon","coordinates":[[[-106.66931,39.43382],[-106.66911,39.43345],[-106.66865,39.43293],[-106.66806,39.43191],[-106.66725,39.43165],[-106.66563,39.43157],[-106.66528,39.43185],[-106.66535,39.43212],[-106.66566,39.43267],[-106.66561,39.43302],[-106.66591,39.43333],[-106.66643,39.43343],[-106.66702,39.43341],[-106.66784,39.43355],[-106.66849,39.43381],[-106.66931,39.43382]]]}},{"type":"Feature","properties":{},"geometry":{"type":"Polygon","coordinates":[[[-106.58,39.42793],[-106.5802,39.42766],[-106.58056,39.42743],[-106.58045,39.42727],[-106.58016,39.42711],[-106.57907,39.42711],[-106.57876,39.42726],[-106.57815,39.42732],[-106.57821,39.42783],[-106.57866,39.42808],[-106.57888,39.42795],[-106.57949,39.42805],[-106.57959,39.42795],[-106.57985,39.42798],[-106.58,39.42793]]]}},{"type":"Feature","properties":{},"geometry":{"type":"Polygon","coordinates":[[[-106.55301,39.4731],[-106.55316,39.47305],[-106.55342,39.47249],[-106.55343,39.47222],[-106.55338,39.47209],[-106.55329,39.47204],[-106.55284,39.47205],[-106.5526,39.47221],[-106.55256,39.47278],[-106.55272,39.47304],[-106.55301,39.4731]]]}},{"type":"Feature","properties":{},"geometry":{"type":"Polygon","coordinates":[[[-106.54793,39.4377],[-106.54777,39.43781],[-106.54776,39.43799],[-106.54787,39.43805],[-106.54817,39.43801],[-106.54827,39.43787],[-106.54822,39.43773],[-106.5481,39.43766],[-106.54793,39.4377]]]}},{"type":"Feature","properties":{},"geometry":{"type":"Polygon","coordinates":[[[-106.60246,39.47137],[-106.60223,39.47132],[-106.60191,39.47144],[-106.60184,39.47153],[-106.60203,39.47159],[-106.60237,39.47148],[-106.60246,39.47137]]]}},{"type":"Feature","properties":{},"geometry":{"type":"Polygon","coordinates":[[[-106.62928,39.30819],[-106.62942,39.30821],[-106.62952,39.30843],[-106.6301,39.30856],[-106.63046,39.30834],[-106.63042,39.30828],[-106.62994,39.30817],[-106.62896,39.30768],[-106.6284,39.30756],[-106.62821,39.30741],[-106.62761,39.3072],[-106.62746,39.30725],[-106.62729,39.30764],[-106.6273,39.3077],[-106.62757,39.30782],[-106.62822,39.30805],[-106.62849,39.30799],[-106.62889,39.30822],[-106.62928,39.30819]]]}},{"type":"Feature","properties":{},"geometry":{"type":"Polygon","coordinates":[[[-106.64228,39.43387],[-106.64218,39.43381],[-106.64212,39.43384],[-106.64212,39.43391],[-106.64221,39.43396],[-106.64228,39.43387]]]}},{"type":"Feature","properties":{},"geometry":{"type":"Polygon","coordinates":[[[-106.65959,39.41212],[-106.65955,39.41204],[-106.65946,39.41205],[-106.65935,39.41217],[-106.65952,39.41219],[-106.65959,39.41212]]]}},{"type":"Feature","properties":{},"geometry":{"type":"Polygon","coordinates":[[[-106.67625,39.34506],[-106.67629,39.3452],[-106.67655,39.34522],[-106.67652,39.34505],[-106.6763,39.34501],[-106.67625,39.34506]]]}},{"type":"Feature","properties":{},"geometry":{"type":"Polygon","coordinates":[[[-106.50915,39.32709],[-106.50906,39.32671],[-106.50884,39.32673],[-106.50852,39.32663],[-106.50834,39.32637],[-106.50817,39.3264],[-106.50794,39.32607],[-106.50747,39.32625],[-106.50729,39.32665],[-106.50708,39.32688],[-106.50755,39.32786],[-106.50779,39.32871],[-106.50788,39.32883],[-106.50823,39.32893],[-106.5083,39.32905],[-106.50828,39.32943],[-106.50855,39.32905],[-106.50864,39.32864],[-106.5086,39.32837],[-106.50915,39.32709]]]}},{"type":"Feature","properties":{},"geometry":{"type":"Polygon","coordinates":[[[-106.54591,39.42924],[-106.54589,39.42918],[-106.54576,39.42917],[-106.54554,39.42925],[-106.54534,39.42945],[-106.54543,39.42949],[-106.54581,39.4294],[-106.54591,39.42924]]]}},{"type":"Feature","properties":{},"geometry":{"type":"Polygon","coordinates":[[[-106.81316,39.47056],[-106.81323,39.47077],[-106.81335,39.47076],[-106.8134,39.47057],[-106.81335,39.47051],[-106.81323,39.47048],[-106.81316,39.47056]]]}},{"type":"Feature","properties":{},"geometry":{"type":"Polygon","coordinates":[[[-106.82533,39.46975],[-106.82515,39.4697],[-106.8248,39.46982],[-106.8247,39.47],[-106.82468,39.47025],[-106.82546,39.47027],[-106.82553,39.47013],[-106.82552,39.46996],[-106.82533,39.46975]]]}},{"type":"Feature","properties":{},"geometry":{"type":"Polygon","coordinates":[[[-106.61402,39.49203],[-106.61402,39.49223],[-106.61408,39.49233],[-106.6142,39.49235],[-106.61436,39.49221],[-106.61436,39.49208],[-106.61429,39.49204],[-106.61402,39.49203]]]}},{"type":"Feature","properties":{},"geometry":{"type":"Polygon","coordinates":[[[-106.53087,39.44891],[-106.53072,39.4485],[-106.53036,39.44845],[-106.52996,39.44826],[-106.52962,39.44841],[-106.52962,39.44869],[-106.52949,39.44884],[-106.52929,39.44891],[-106.52863,39.44894],[-106.52799,39.4495],[-106.52801,39.45027],[-106.52798,39.45048],[-106.5279,39.45057],[-106.52756,39.45061],[-106.52708,39.45043],[-106.52706,39.45049],[-106.52667,39.45065],[-106.52658,39.45092],[-106.52602,39.45111],[-106.52586,39.45202],[-106.52611,39.45226],[-106.5269,39.4524],[-106.52727,39.45237],[-106.5275,39.45223],[-106.5276,39.45204],[-106.52839,39.45141],[-106.5287,39.45101],[-106.529,39.45083],[-106.52931,39.45052],[-106.52961,39.45042],[-106.52968,39.4502],[-106.52949,39.44997],[-106.52961,39.44976],[-106.52965,39.44919],[-106.52981,39.44902],[-106.5302,39.44899],[-106.53051,39.44919],[-106.53072,39.44919],[-106.53087,39.44891],[-106.53072,39.44905],[-106.53059,39.44901],[-106.53049,39.44884],[-106.53036,39.44895],[-106.53057,39.44862],[-106.53069,39.44863],[-106.53069,39.44885],[-106.53087,39.44891]],[[-106.52912,39.45054],[-106.52912,39.4506],[-106.52895,39.45075],[-106.52886,39.4507],[-106.52883,39.4506],[-106.52889,39.45046],[-106.52908,39.45043],[-106.52912,39.45054]],[[-106.52792,39.45111],[-106.52789,39.451],[-106.52806,39.45089],[-106.52828,39.4509],[-106.52835,39.451],[-106.52828,39.45114],[-106.52792,39.45111]],[[-106.52769,39.45126],[-106.52752,39.45127],[-106.52727,39.45108],[-106.52723,39.45092],[-106.52713,39.45087],[-106.52716,39.45072],[-106.52723,39.45068],[-106.52757,39.45089],[-106.52777,39.4511],[-106.52769,39.45126]],[[-106.52855,39.45014],[-106.52854,39.44992],[-106.52878,39.44966],[-106.5292,39.4495],[-106.52922,39.44961],[-106.52898,39.44977],[-106.52882,39.44998],[-106.52871,39.45024],[-106.52872,39.45047],[-106.52865,39.45068],[-106.52841,39.45076],[-106.52836,39.45067],[-106.52853,39.45041],[-106.52855,39.45014]]]}},{"type":"Feature","properties":{},"geometry":{"type":"Polygon","coordinates":[[[-106.51606,39.38184],[-106.51592,39.38179],[-106.51563,39.38191],[-106.51538,39.38249],[-106.5154,39.38268],[-106.51524,39.38293],[-106.51528,39.38298],[-106.51577,39.38296],[-106.5169,39.38266],[-106.51695,39.38253],[-106.51686,39.38221],[-106.51703,39.38205],[-106.51778,39.38164],[-106.51779,39.38152],[-106.51772,39.38139],[-106.51754,39.38136],[-106.5165,39.38206],[-106.51628,39.38203],[-106.51606,39.38184]]]}},{"type":"Feature","properties":{},"geometry":{"type":"Polygon","coordinates":[[[-106.66995,39.4157],[-106.66988,39.41582],[-106.67001,39.41588],[-106.67008,39.41573],[-106.66995,39.4157]]]}},{"type":"Feature","properties":{},"geometry":{"type":"Polygon","coordinates":[[[-106.64433,39.29712],[-106.64411,39.29713],[-106.64386,39.29734],[-106.64383,39.29747],[-106.6441,39.29751],[-106.6444,39.29727],[-106.64441,39.29713],[-106.64433,39.29712]]]}},{"type":"Feature","properties":{},"geometry":{"type":"Polygon","coordinates":[[[-106.57437,39.49143],[-106.57425,39.49196],[-106.57431,39.492],[-106.5747,39.4919],[-106.57472,39.49198],[-106.5746,39.4921],[-106.57459,39.49222],[-106.57517,39.49225],[-106.57545,39.49217],[-106.5755,39.49207],[-106.57536,39.49181],[-106.57486,39.49173],[-106.57454,39.49144],[-106.57437,39.49143]]]}},{"type":"Feature","properties":{},"geometry":{"type":"Polygon","coordinates":[[[-106.55014,39.46576],[-106.54999,39.46551],[-106.55001,39.46525],[-106.54974,39.46495],[-106.54959,39.46494],[-106.54925,39.46529],[-106.54921,39.4654],[-106.54931,39.46552],[-106.55014,39.46576]]]}},{"type":"Feature","properties":{},"geometry":{"type":"Polygon","coordinates":[[[-106.52248,39.48723],[-106.52247,39.48736],[-106.52259,39.48754],[-106.52294,39.48759],[-106.52304,39.48751],[-106.52297,39.48701],[-106.52255,39.48715],[-106.52248,39.48723]]]}},{"type":"Feature","properties":{},"geometry":{"type":"Polygon","coordinates":[[[-106.75781,39.45546],[-106.75782,39.45554],[-106.75818,39.45571],[-106.75824,39.45568],[-106.75812,39.45545],[-106.75786,39.45542],[-106.75781,39.45546]]]}},{"type":"Feature","properties":{},"geometry":{"type":"Polygon","coordinates":[[[-106.50514,39.34928],[-106.50505,39.3494],[-106.50533,39.34937],[-106.50537,39.34931],[-106.50524,39.34925],[-106.50514,39.34928]]]}},{"type":"Feature","properties":{},"geometry":{"type":"Polygon","coordinates":[[[-106.65332,39.32444],[-106.65322,39.32453],[-106.65325,39.32464],[-106.65441,39.32585],[-106.65451,39.32586],[-106.655,39.32554],[-106.65489,39.32534],[-106.65408,39.32471],[-106.65365,39.32446],[-106.65343,39.32439],[-106.65332,39.32444]]]}},{"type":"Feature","properties":{},"geometry":{"type":"Polygon","coordinates":[[[-106.6479,39.26517],[-106.64809,39.26502],[-106.6482,39.26484],[-106.64822,39.26466],[-106.64786,39.26471],[-106.64761,39.26489],[-106.64755,39.26526],[-106.6479,39.26517]]]}},{"type":"Feature","properties":{},"geometry":{"type":"Polygon","coordinates":[[[-106.52034,39.3611],[-106.5208,39.36078],[-106.52127,39.36064],[-106.52131,39.36028],[-106.52159,39.35988],[-106.52158,39.35944],[-106.52092,39.35899],[-106.52057,39.35885],[-106.52029,39.35854],[-106.52008,39.3585],[-106.5197,39.35854],[-106.51857,39.3589],[-106.51838,39.35946],[-106.51841,39.35961],[-106.51866,39.35968],[-106.52031,39.35981],[-106.52031,39.36011],[-106.52019,39.36028],[-106.52001,39.36034],[-106.51978,39.36053],[-106.51968,39.36087],[-106.51972,39.36094],[-106.52019,39.36116],[-106.52034,39.3611]]]}},{"type":"Feature","properties":{},"geometry":{"type":"Polygon","coordinates":[[[-106.51835,39.30937],[-106.51806,39.30909],[-106.51702,39.30858],[-106.51586,39.30833],[-106.51533,39.30801],[-106.51527,39.30801],[-106.51486,39.30848],[-106.5146,39.30861],[-106.51455,39.30871],[-106.51456,39.30889],[-106.51476,39.30951],[-106.51509,39.30986],[-106.51559,39.31016],[-106.51623,39.31032],[-106.51654,39.31031],[-106.51661,39.31012],[-106.5167,39.31008],[-106.51716,39.31015],[-106.51734,39.31051],[-106.5178,39.3109],[-106.51813,39.31112],[-106.51848,39.31119],[-106.51856,39.31123],[-106.51862,39.31137],[-106.51882,39.31141],[-106.51889,39.31139],[-106.51898,39.31118],[-106.51895,39.31081],[-106.5191,39.3107],[-106.51909,39.31063],[-106.519,39.31051],[-106.51883,39.30989],[-106.51854,39.30965],[-106.51848,39.30948],[-106.51835,39.30937]]]}},{"type":"Feature","properties":{},"geometry":{"type":"Polygon","coordinates":[[[-106.56857,39.29007],[-106.56855,39.28998],[-106.56828,39.28989],[-106.56808,39.28997],[-106.56811,39.29007],[-106.56837,39.29021],[-106.56857,39.29007]]]}},{"type":"Feature","properties":{},"geometry":{"type":"Polygon","coordinates":[[[-106.63489,39.47568],[-106.63494,39.4756],[-106.63491,39.4755],[-106.63468,39.47546],[-106.63436,39.47586],[-106.63471,39.47587],[-106.63489,39.47568]]]}},{"type":"Feature","properties":{},"geometry":{"type":"Polygon","coordinates":[[[-106.52499,39.41638],[-106.52493,39.41633],[-106.52481,39.41638],[-106.52453,39.4166],[-106.52448,39.41674],[-106.52455,39.41681],[-106.52467,39.41677],[-106.52499,39.41638]]]}},{"type":"Feature","properties":{},"geometry":{"type":"Polygon","coordinates":[[[-106.5125,39.39412],[-106.51266,39.39414],[-106.51298,39.39394],[-106.51271,39.39371],[-106.51248,39.39363],[-106.51219,39.39364],[-106.51219,39.39379],[-106.5125,39.394],[-106.5125,39.39412]]]}},{"type":"Feature","properties":{},"geometry":{"type":"Polygon","coordinates":[[[-106.64404,39.29094],[-106.64346,39.29158],[-106.6441,39.2922],[-106.64453,39.29247],[-106.64449,39.29189],[-106.64404,39.29094]]]}},{"type":"Feature","properties":{},"geometry":{"type":"Polygon","coordinates":[[[-106.52159,39.42095],[-106.52159,39.42099],[-106.52139,39.42102],[-106.52149,39.42129],[-106.52146,39.42188],[-106.5217,39.42203],[-106.52177,39.42228],[-106.52219,39.42186],[-106.52244,39.42179],[-106.52306,39.42135],[-106.52319,39.4208],[-106.52278,39.42062],[-106.5227,39.42005],[-106.52236,39.41991],[-106.52183,39.4199],[-106.52166,39.42002],[-106.52162,39.42042],[-106.52148,39.42041],[-106.52087,39.42065],[-106.52056,39.421],[-106.5202,39.42101],[-106.51984,39.42197],[-106.51988,39.42253],[-106.52015,39.42275],[-106.52069,39.42237],[-106.52112,39.42249],[-106.52126,39.42246],[-106.52113,39.42176],[-106.52117,39.42157],[-106.52133,39.42131],[-106.52115,39.42103],[-106.52134,39.42085],[-106.52156,39.42088],[-106.52159,39.42095]],[[-106.52256,39.42159],[-106.52248,39.42162],[-106.52229,39.42155],[-106.52204,39.42163],[-106.52194,39.42155],[-106.52187,39.42133],[-106.52198,39.4212],[-106.52236,39.42123],[-106.52267,39.42109],[-106.52294,39.42115],[-106.52299,39.42131],[-106.52274,39.42142],[-106.52256,39.42159]],[[-106.52071,39.42185],[-106.52055,39.42203],[-106.52041,39.42184],[-106.52031,39.4218],[-106.52034,39.42144],[-106.52042,39.42132],[-106.52078,39.4214],[-106.52092,39.4215],[-106.52083,39.42175],[-106.52071,39.42185]]]}},{"type":"Feature","properties":{},"geometry":{"type":"Polygon","coordinates":[[[-106.58489,39.49938],[-106.58438,39.49929],[-106.58352,39.49941],[-106.58327,39.49973],[-106.58299,39.49979],[-106.58289,39.49989],[-106.58222,39.50014],[-106.58124,39.50018],[-106.58109,39.50045],[-106.58088,39.50064],[-106.58061,39.50074],[-106.58029,39.50071],[-106.58007,39.50092],[-106.58007,39.50102],[-106.58034,39.50101],[-106.58051,39.50107],[-106.58054,39.50119],[-106.58032,39.50133],[-106.58054,39.50149],[-106.58062,39.50172],[-106.5808,39.50185],[-106.58093,39.50185],[-106.58106,39.50175],[-106.58124,39.50148],[-106.58295,39.50108],[-106.58307,39.5013],[-106.58338,39.5012],[-106.5839,39.50126],[-106.5842,39.50174],[-106.58446,39.50186],[-106.58505,39.50115],[-106.58521,39.50084],[-106.58587,39.50058],[-106.58598,39.50028],[-106.58622,39.50012],[-106.58612,39.49974],[-106.58576,39.49954],[-106.58567,39.49937],[-106.58552,39.49932],[-106.5852,39.4994],[-106.58489,39.49938]]]}},{"type":"Feature","properties":{},"geometry":{"type":"Polygon","coordinates":[[[-106.55404,39.43713],[-106.554,39.43692],[-106.55405,39.43666],[-106.55398,39.43659],[-106.5537,39.43652],[-106.55348,39.43655],[-106.55264,39.43679],[-106.5522,39.43714],[-106.55209,39.43745],[-106.55238,39.43767],[-106.55258,39.43795],[-106.55341,39.43804],[-106.55384,39.43772],[-106.55412,39.43762],[-106.55415,39.43754],[-106.55404,39.43713]]]}},{"type":"Feature","properties":{},"geometry":{"type":"Polygon","coordinates":[[[-106.72255,39.3568],[-106.72241,39.35684],[-106.72239,39.35692],[-106.7225,39.35702],[-106.72274,39.35705],[-106.72275,39.35689],[-106.72255,39.3568]]]}},{"type":"Feature","properties":{},"geometry":{"type":"Polygon","coordinates":[[[-106.55863,39.40593],[-106.55844,39.40588],[-106.55807,39.40609],[-106.55797,39.40618],[-106.55795,39.40638],[-106.55858,39.40647],[-106.55868,39.40619],[-106.55863,39.40593]]]}},{"type":"Feature","properties":{},"geometry":{"type":"Polygon","coordinates":[[[-106.54165,39.39394],[-106.5419,39.39402],[-106.54196,39.39389],[-106.54174,39.39375],[-106.54164,39.39381],[-106.54165,39.39394]]]}},{"type":"Feature","properties":{},"geometry":{"type":"Polygon","coordinates":[[[-106.56874,39.39174],[-106.56853,39.39186],[-106.56858,39.39201],[-106.56878,39.39205],[-106.56898,39.39195],[-106.56889,39.39178],[-106.56874,39.39174]]]}},{"type":"Feature","properties":{},"geometry":{"type":"Polygon","coordinates":[[[-106.57727,39.46575],[-106.57757,39.46556],[-106.57754,39.46535],[-106.57728,39.46534],[-106.57708,39.46542],[-106.57711,39.4657],[-106.57727,39.46575]]]}},{"type":"Feature","properties":{},"geometry":{"type":"Polygon","coordinates":[[[-106.50087,39.48517],[-106.50106,39.48515],[-106.5011,39.48507],[-106.5011,39.48499],[-106.5009,39.48484],[-106.50082,39.48486],[-106.50072,39.48509],[-106.50087,39.48517]]]}},{"type":"Feature","properties":{},"geometry":{"type":"Polygon","coordinates":[[[-106.57612,39.4737],[-106.57597,39.47372],[-106.57585,39.47389],[-106.57587,39.47406],[-106.57601,39.47421],[-106.57611,39.47409],[-106.57612,39.4737]]]}},{"type":"Feature","properties":{},"geometry":{"type":"Polygon","coordinates":[[[-106.86217,39.4825],[-106.86213,39.48263],[-106.86236,39.48274],[-106.86241,39.48258],[-106.86232,39.4825],[-106.86217,39.4825]]]}},{"type":"Feature","properties":{},"geometry":{"type":"Polygon","coordinates":[[[-106.77566,39.45015],[-106.77566,39.45011],[-106.77501,39.44996],[-106.77479,39.45003],[-106.77452,39.45],[-106.77434,39.4501],[-106.77448,39.45045],[-106.77463,39.45051],[-106.77542,39.45032],[-106.77566,39.45015]]]}},{"type":"Feature","properties":{},"geometry":{"type":"Polygon","coordinates":[[[-106.64251,39.43381],[-106.64263,39.43384],[-106.64266,39.43376],[-106.64253,39.43372],[-106.64251,39.43381]]]}},{"type":"Feature","properties":{},"geometry":{"type":"Polygon","coordinates":[[[-106.67053,39.41633],[-106.67047,39.41648],[-106.67062,39.4165],[-106.67073,39.41642],[-106.67066,39.41633],[-106.67053,39.41633]]]}},{"type":"Feature","properties":{},"geometry":{"type":"Polygon","coordinates":[[[-106.68064,39.36838],[-106.68104,39.36765],[-106.68105,39.36753],[-106.68094,39.36743],[-106.68086,39.36742],[-106.68076,39.36749],[-106.68062,39.36772],[-106.68057,39.36832],[-106.68064,39.36838]]]}},{"type":"Feature","properties":{},"geometry":{"type":"Polygon","coordinates":[[[-106.62785,39.34188],[-106.62805,39.34233],[-106.62881,39.34292],[-106.63011,39.34302],[-106.63094,39.34299],[-106.63152,39.3427],[-106.63196,39.34276],[-106.63222,39.3427],[-106.63221,39.34174],[-106.63177,39.3415],[-106.63103,39.34135],[-106.62909,39.34114],[-106.62904,39.34125],[-106.62931,39.34136],[-106.62937,39.34147],[-106.62924,39.34153],[-106.62842,39.34124],[-106.62813,39.34162],[-106.62783,39.34175],[-106.62785,39.34188]],[[-106.62825,39.34206],[-106.62816,39.34192],[-106.62819,39.34183],[-106.62918,39.34236],[-106.62923,39.34253],[-106.62852,39.34225],[-106.62825,39.34206]],[[-106.63029,39.3418],[-106.6304,39.34182],[-106.63039,39.34191],[-106.63013,39.34195],[-106.63013,39.3418],[-106.63029,39.3418]]]}},{"type":"Feature","properties":{},"geometry":{"type":"Polygon","coordinates":[[[-106.71501,39.27833],[-106.7152,39.27837],[-106.71529,39.2783],[-106.71523,39.27819],[-106.71509,39.27816],[-106.715,39.27821],[-106.71501,39.27833]]]}},{"type":"Feature","properties":{},"geometry":{"type":"Polygon","coordinates":[[[-106.52846,39.29763],[-106.52855,39.29761],[-106.52855,39.29754],[-106.52831,39.29757],[-106.52836,39.29764],[-106.52846,39.29763]]]}},{"type":"Feature","properties":{},"geometry":{"type":"Polygon","coordinates":[[[-106.66785,39.49898],[-106.66827,39.49913],[-106.66826,39.49885],[-106.66811,39.49852],[-106.66778,39.49852],[-106.66792,39.49873],[-106.66776,39.49887],[-106.66785,39.49898]]]}},{"type":"Feature","properties":{},"geometry":{"type":"Polygon","coordinates":[[[-106.57087,39.47706],[-106.57117,39.4771],[-106.57126,39.47708],[-106.57133,39.47697],[-106.57126,39.47689],[-106.57113,39.47689],[-106.57091,39.47698],[-106.57087,39.47706]]]}},{"type":"Feature","properties":{},"geometry":{"type":"Polygon","coordinates":[[[-106.57365,39.48972],[-106.57358,39.48941],[-106.5734,39.48938],[-106.57328,39.48948],[-106.57331,39.48975],[-106.57357,39.4898],[-106.57365,39.48972]]]}},{"type":"Feature","properties":{},"geometry":{"type":"Polygon","coordinates":[[[-106.55842,39.47756],[-106.55842,39.47765],[-106.55832,39.47772],[-106.55863,39.47806],[-106.55863,39.47829],[-106.55849,39.47851],[-106.55812,39.47879],[-106.55802,39.47905],[-106.55808,39.4792],[-106.5586,39.47944],[-106.55885,39.47941],[-106.55889,39.4792],[-106.55874,39.4788],[-106.55875,39.47862],[-106.55912,39.47801],[-106.55878,39.47773],[-106.55842,39.47756]]]}},{"type":"Feature","properties":{},"geometry":{"type":"Polygon","coordinates":[[[-106.65494,39.4088],[-106.65477,39.40894],[-106.65476,39.40903],[-106.65491,39.40919],[-106.655,39.40921],[-106.65519,39.40901],[-106.65527,39.40882],[-106.65513,39.40875],[-106.65494,39.4088]]]}},{"type":"Feature","properties":{},"geometry":{"type":"Polygon","coordinates":[[[-106.72062,39.35539],[-106.72036,39.3554],[-106.72042,39.3559],[-106.72056,39.3562],[-106.72086,39.3562],[-106.72109,39.35605],[-106.72108,39.35589],[-106.72091,39.35556],[-106.72062,39.35539]]]}},{"type":"Feature","properties":{},"geometry":{"type":"Polygon","coordinates":[[[-106.64473,39.29436],[-106.64469,39.29412],[-106.64457,39.29411],[-106.64449,39.29415],[-106.64433,39.29454],[-106.64445,39.29455],[-106.64473,39.29436]]]}},{"type":"Feature","properties":{},"geometry":{"type":"Polygon","coordinates":[[[-106.66597,39.25826],[-106.66577,39.25814],[-106.66531,39.25817],[-106.66517,39.25841],[-106.66481,39.25848],[-106.66445,39.25873],[-106.66427,39.2589],[-106.66429,39.25896],[-106.66484,39.2593],[-106.66558,39.25944],[-106.66603,39.2594],[-106.66609,39.2593],[-106.66598,39.25882],[-106.66606,39.25844],[-106.66597,39.25826]]]}},{"type":"Feature","properties":{},"geometry":{"type":"Polygon","coordinates":[[[-106.56644,39.42038],[-106.5664,39.42047],[-106.56653,39.42136],[-106.56668,39.42148],[-106.56672,39.42115],[-106.56652,39.42074],[-106.56644,39.42038]]]}},{"type":"Feature","properties":{},"geometry":{"type":"Polygon","coordinates":[[[-106.5699,39.44508],[-106.56939,39.4451],[-106.56922,39.44551],[-106.56926,39.44564],[-106.56958,39.44569],[-106.56964,39.44564],[-106.56973,39.44541],[-106.56986,39.44527],[-106.5699,39.44508]]]}},{"type":"Feature","properties":{},"geometry":{"type":"Polygon","coordinates":[[[-106.50522,39.39467],[-106.50533,39.3948],[-106.50549,39.39484],[-106.5057,39.39473],[-106.50618,39.39469],[-106.50674,39.3945],[-106.50694,39.39435],[-106.50682,39.39427],[-106.50638,39.3942],[-106.50606,39.39427],[-106.50611,39.39447],[-106.50578,39.39429],[-106.50501,39.39433],[-106.50502,39.3945],[-106.50522,39.39467]]]}},{"type":"Feature","properties":{},"geometry":{"type":"Polygon","coordinates":[[[-106.50759,39.39271],[-106.50739,39.39277],[-106.50734,39.39287],[-106.50743,39.39296],[-106.50775,39.39297],[-106.50802,39.39274],[-106.508,39.39269],[-106.50788,39.39267],[-106.50759,39.39271]]]}},{"type":"Feature","properties":{},"geometry":{"type":"Polygon","coordinates":[[[-106.78179,39.42688],[-106.78178,39.4268],[-106.7815,39.42667],[-106.7807,39.42657],[-106.78059,39.42659],[-106.78052,39.42669],[-106.78062,39.4274],[-106.78074,39.42755],[-106.78113,39.42781],[-106.78115,39.42805],[-106.78173,39.42839],[-106.78205,39.42846],[-106.78256,39.42841],[-106.78262,39.42831],[-106.78257,39.42816],[-106.78211,39.42789],[-106.78208,39.42775],[-106.7822,39.42759],[-106.78223,39.42744],[-106.78218,39.42737],[-106.78178,39.42725],[-106.78179,39.42688]]]}},{"type":"Feature","properties":{},"geometry":{"type":"Polygon","coordinates":[[[-106.52795,39.47203],[-106.52806,39.47207],[-106.52832,39.47199],[-106.52858,39.47158],[-106.52846,39.47157],[-106.52819,39.47181],[-106.52788,39.47186],[-106.52786,39.47193],[-106.52795,39.47203]]]}},{"type":"Feature","properties":{},"geometry":{"type":"Polygon","coordinates":[[[-106.58554,39.48586],[-106.58566,39.48563],[-106.58559,39.48547],[-106.58567,39.48513],[-106.58562,39.48504],[-106.58522,39.48521],[-106.58502,39.48521],[-106.58472,39.48543],[-106.58438,39.48544],[-106.5843,39.48556],[-106.58464,39.48603],[-106.58486,39.48609],[-106.58498,39.4862],[-106.58506,39.48641],[-106.5852,39.48641],[-106.58559,39.48617],[-106.58554,39.48586]]]}},{"type":"Feature","properties":{},"geometry":{"type":"Polygon","coordinates":[[[-106.64096,39.31641],[-106.64113,39.31648],[-106.64137,39.31647],[-106.64178,39.31626],[-106.64153,39.31622],[-106.64095,39.31635],[-106.64096,39.31641]]]}},{"type":"Feature","properties":{},"geometry":{"type":"Polygon","coordinates":[[[-106.52044,39.34335],[-106.52039,39.3431],[-106.52031,39.34309],[-106.52011,39.34324],[-106.52034,39.34337],[-106.52044,39.34335]]]}},{"type":"Feature","properties":{},"geometry":{"type":"Polygon","coordinates":[[[-106.5006,39.265],[-106.49988,39.26459],[-106.49969,39.26456],[-106.49945,39.26469],[-106.49934,39.26507],[-106.49981,39.2663],[-106.49989,39.26665],[-106.50014,39.26719],[-106.5006,39.26777],[-106.50129,39.26817],[-106.50146,39.2684],[-106.50147,39.2689],[-106.50156,39.26912],[-106.50206,39.2692],[-106.50237,39.26947],[-106.5033,39.26972],[-106.50411,39.27014],[-106.50527,39.27117],[-106.506,39.27172],[-106.5062,39.27195],[-106.50653,39.27203],[-106.50736,39.27252],[-106.50793,39.2727],[-106.5082,39.27287],[-106.50862,39.27277],[-106.50869,39.27263],[-106.50856,39.27194],[-106.50836,39.2716],[-106.50799,39.27142],[-106.50785,39.27073],[-106.50775,39.27058],[-106.50727,39.27022],[-106.50688,39.2701],[-106.50679,39.26994],[-106.507,39.26977],[-106.50735,39.26971],[-106.5078,39.26974],[-106.50808,39.26963],[-106.5084,39.2692],[-106.50853,39.26893],[-106.50847,39.26849],[-106.50822,39.26837],[-106.5078,39.2679],[-106.50657,39.26753],[-106.50616,39.26733],[-106.50497,39.26708],[-106.50422,39.267],[-106.50322,39.26671],[-106.50274,39.26623],[-106.5017,39.26572],[-106.5006,39.265]]]}},{"type":"Feature","properties":{},"geometry":{"type":"Polygon","coordinates":[[[-106.62981,39.49538],[-106.62993,39.49529],[-106.62998,39.49515],[-106.62993,39.49453],[-106.62985,39.49438],[-106.62956,39.49416],[-106.62945,39.49394],[-106.62885,39.49378],[-106.62862,39.49366],[-106.6279,39.49357],[-106.62784,39.49365],[-106.62792,39.49393],[-106.62806,39.49403],[-106.62844,39.49409],[-106.62847,39.49414],[-106.62848,39.49442],[-106.62884,39.49477],[-106.62906,39.4955],[-106.62981,39.49538]]]}},{"type":"Feature","properties":{},"geometry":{"type":"Polygon","coordinates":[[[-106.59844,39.45927],[-106.59841,39.45914],[-106.59832,39.45907],[-106.59777,39.45879],[-106.59756,39.45873],[-106.59739,39.45878],[-106.59733,39.45905],[-106.59738,39.45909],[-106.59778,39.45905],[-106.59844,39.45927]]]}},{"type":"Feature","properties":{},"geometry":{"type":"Polygon","coordinates":[[[-106.80039,39.48713],[-106.80033,39.48719],[-106.80036,39.48724],[-106.80075,39.48732],[-106.80101,39.48733],[-106.8011,39.48723],[-106.80092,39.48716],[-106.80039,39.48713]]]}},{"type":"Feature","properties":{},"geometry":{"type":"Polygon","coordinates":[[[-106.83329,39.4316],[-106.8333,39.4315],[-106.83319,39.43143],[-106.83289,39.43136],[-106.83255,39.43138],[-106.83234,39.43156],[-106.83229,39.43176],[-106.83261,39.432],[-106.83277,39.43201],[-106.83297,39.43174],[-106.83329,39.4316]]]}},{"type":"Feature","properties":{},"geometry":{"type":"Polygon","coordinates":[[[-106.58005,39.33252],[-106.58039,39.33231],[-106.58045,39.33208],[-106.58017,39.33194],[-106.57973,39.33193],[-106.57924,39.33204],[-106.57921,39.33216],[-106.57927,39.3324],[-106.57947,39.33252],[-106.58005,39.33252]]]}},{"type":"Feature","properties":{},"geometry":{"type":"Polygon","coordinates":[[[-106.84758,39.48095],[-106.84745,39.48084],[-106.84718,39.48089],[-106.84711,39.48097],[-106.84714,39.48107],[-106.84728,39.4811],[-106.84758,39.48095]]]}},{"type":"Feature","properties":{},"geometry":{"type":"Polygon","coordinates":[[[-106.55924,39.41463],[-106.5593,39.41457],[-106.55935,39.41423],[-106.55961,39.41398],[-106.55941,39.41386],[-106.55921,39.41359],[-106.55909,39.41355],[-106.55886,39.41359],[-106.55885,39.41378],[-106.55922,39.41394],[-106.55924,39.41413],[-106.5591,39.41445],[-106.55924,39.41463]]]}},{"type":"Feature","properties":{},"geometry":{"type":"Polygon","coordinates":[[[-106.54151,39.3925],[-106.54128,39.39231],[-106.54117,39.39228],[-106.54106,39.39236],[-106.54106,39.39254],[-106.54132,39.39272],[-106.54146,39.39273],[-106.54151,39.3925]]]}},{"type":"Feature","properties":{},"geometry":{"type":"Polygon","coordinates":[[[-106.56199,39.46185],[-106.56194,39.46201],[-106.56199,39.46207],[-106.56217,39.46206],[-106.56244,39.46159],[-106.56245,39.46134],[-106.56209,39.46139],[-106.56215,39.4617],[-106.56199,39.46185]]]}},{"type":"Feature","properties":{},"geometry":{"type":"Polygon","coordinates":[[[-106.54492,39.44597],[-106.54502,39.44611],[-106.5455,39.44643],[-106.54562,39.44674],[-106.54603,39.44711],[-106.54656,39.44736],[-106.54699,39.44737],[-106.54752,39.44768],[-106.54765,39.44769],[-106.54777,39.44732],[-106.54771,39.44709],[-106.5471,39.44696],[-106.54632,39.44649],[-106.54492,39.44597]]]}},{"type":"Feature","properties":{},"geometry":{"type":"Polygon","coordinates":[[[-106.51723,39.39555],[-106.51713,39.39526],[-106.51695,39.39527],[-106.51677,39.39541],[-106.51691,39.39548],[-106.51683,39.39565],[-106.51723,39.39555]]]}},{"type":"Feature","properties":{},"geometry":{"type":"Polygon","coordinates":[[[-106.5087,39.394],[-106.5089,39.39422],[-106.50904,39.39426],[-106.50929,39.39423],[-106.50938,39.39417],[-106.50938,39.3941],[-106.50901,39.39399],[-106.5087,39.394]]]}},{"type":"Feature","properties":{},"geometry":{"type":"Polygon","coordinates":[[[-106.5006,39.36782],[-106.50045,39.3679],[-106.50052,39.36825],[-106.50104,39.36817],[-106.50097,39.36828],[-106.50043,39.3685],[-106.5004,39.36857],[-106.50047,39.36896],[-106.5006,39.36902],[-106.50138,39.36856],[-106.50154,39.36824],[-106.50178,39.36828],[-106.50209,39.36808],[-106.50233,39.36785],[-106.50248,39.36733],[-106.50273,39.36695],[-106.50295,39.36626],[-106.50282,39.36574],[-106.50269,39.36569],[-106.50258,39.36602],[-106.50234,39.3661],[-106.50211,39.3661],[-106.50162,39.36639],[-106.50145,39.36662],[-106.50121,39.36739],[-106.5006,39.36782]]]}},{"type":"Feature","properties":{},"geometry":{"type":"Polygon","coordinates":[[[-106.56092,39.34306],[-106.56062,39.34287],[-106.56008,39.34299],[-106.55991,39.34316],[-106.55997,39.34336],[-106.56029,39.34359],[-106.56091,39.34347],[-106.56092,39.34306]]]}},{"type":"Feature","properties":{},"geometry":{"type":"Polygon","coordinates":[[[-106.62054,39.49237],[-106.62074,39.49236],[-106.62101,39.49215],[-106.62098,39.49191],[-106.62077,39.49175],[-106.62057,39.49175],[-106.62035,39.49186],[-106.62027,39.49199],[-106.62035,39.49222],[-106.62054,39.49237]]]}},{"type":"Feature","properties":{},"geometry":{"type":"Polygon","coordinates":[[[-106.77889,39.46739],[-106.77929,39.46694],[-106.77989,39.46672],[-106.78011,39.46655],[-106.78016,39.46628],[-106.77994,39.46547],[-106.77982,39.46531],[-106.77916,39.4649],[-106.77849,39.46436],[-106.77805,39.46385],[-106.7777,39.46364],[-106.77739,39.46359],[-106.77729,39.4637],[-106.77722,39.46397],[-106.77718,39.46447],[-106.77723,39.46491],[-106.77716,39.46539],[-106.77736,39.46575],[-106.77745,39.46609],[-106.77724,39.46659],[-106.77699,39.46675],[-106.77695,39.46701],[-106.77726,39.46728],[-106.77796,39.46751],[-106.77814,39.46753],[-106.77889,39.46739]]]}},{"type":"Feature","properties":{},"geometry":{"type":"Polygon","coordinates":[[[-106.56971,39.41155],[-106.56897,39.41186],[-106.56876,39.41231],[-106.56879,39.41237],[-106.56896,39.4124],[-106.56912,39.41236],[-106.56938,39.41215],[-106.56952,39.41218],[-106.56963,39.41238],[-106.56972,39.41243],[-106.57006,39.41197],[-106.57032,39.41204],[-106.57075,39.4119],[-106.57095,39.41203],[-106.57125,39.41181],[-106.57131,39.41165],[-106.57125,39.41157],[-106.57099,39.41151],[-106.57067,39.41175],[-106.5704,39.41162],[-106.5702,39.41166],[-106.57017,39.41157],[-106.57026,39.41131],[-106.57018,39.41123],[-106.56971,39.41155]]]}},{"type":"Feature","properties":{},"geometry":{"type":"Polygon","coordinates":[[[-106.65951,39.41639],[-106.65961,39.41638],[-106.65973,39.41618],[-106.65958,39.41621],[-106.65951,39.41639]]]}},{"type":"Feature","properties":{},"geometry":{"type":"Polygon","coordinates":[[[-106.60138,39.40289],[-106.60161,39.40282],[-106.60161,39.40276],[-106.60152,39.40271],[-106.60141,39.40274],[-106.60133,39.40279],[-106.60138,39.40289]]]}},{"type":"Feature","properties":{},"geometry":{"type":"Polygon","coordinates":[[[-106.60121,39.40213],[-106.60132,39.40199],[-106.60122,39.40193],[-106.60091,39.40212],[-106.60093,39.4022],[-106.60121,39.40213]]]}},{"type":"Feature","properties":{},"geometry":{"type":"Polygon","coordinates":[[[-106.5275,39.3626],[-106.52765,39.36251],[-106.5276,39.3624],[-106.52738,39.36252],[-106.52739,39.36259],[-106.5275,39.3626]]]}},{"type":"Feature","properties":{},"geometry":{"type":"Polygon","coordinates":[[[-106.73485,39.47944],[-106.7349,39.47951],[-106.73508,39.47951],[-106.73549,39.47934],[-106.736,39.47925],[-106.73612,39.47916],[-106.73612,39.47905],[-106.73524,39.47884],[-106.73507,39.47895],[-106.73485,39.47944]]]}},{"type":"Feature","properties":{},"geometry":{"type":"Polygon","coordinates":[[[-106.51378,39.4863],[-106.51435,39.48638],[-106.51462,39.48608],[-106.51466,39.48588],[-106.51438,39.48576],[-106.51406,39.48577],[-106.51392,39.48583],[-106.51382,39.48589],[-106.51369,39.48617],[-106.51371,39.48627],[-106.51378,39.4863]]]}},{"type":"Feature","properties":{},"geometry":{"type":"Polygon","coordinates":[[[-106.5738,39.47305],[-106.57371,39.47317],[-106.57369,39.47337],[-106.57377,39.47352],[-106.57398,39.47338],[-106.57393,39.47314],[-106.5738,39.47305]]]}},{"type":"Feature","properties":{},"geometry":{"type":"Polygon","coordinates":[[[-106.5625,39.45731],[-106.56264,39.4572],[-106.56292,39.4566],[-106.56288,39.45626],[-106.56274,39.4566],[-106.56248,39.45698],[-106.5625,39.45731]]]}},{"type":"Feature","properties":{},"geometry":{"type":"Polygon","coordinates":[[[-106.5006,39.48537],[-106.50046,39.48544],[-106.50044,39.48552],[-106.50054,39.48566],[-106.50071,39.48571],[-106.50085,39.48566],[-106.50101,39.48539],[-106.501,39.4853],[-106.50091,39.48522],[-106.5006,39.48537]]]}},{"type":"Feature","properties":{},"geometry":{"type":"Polygon","coordinates":[[[-106.63969,39.41708],[-106.63952,39.41726],[-106.63975,39.41744],[-106.64023,39.41737],[-106.64033,39.41718],[-106.64012,39.41696],[-106.63979,39.41696],[-106.63969,39.41708]]]}},{"type":"Feature","properties":{},"geometry":{"type":"Polygon","coordinates":[[[-106.56715,39.42245],[-106.56796,39.42222],[-106.56834,39.42218],[-106.56844,39.42225],[-106.56843,39.42218],[-106.56814,39.42208],[-106.56783,39.42213],[-106.56726,39.42208],[-106.56726,39.42195],[-106.56693,39.42179],[-106.56684,39.42161],[-106.56653,39.42136],[-106.56642,39.42039],[-106.56648,39.42042],[-106.56656,39.42083],[-106.56669,39.42076],[-106.56733,39.42094],[-106.56719,39.42074],[-106.5673,39.42063],[-106.56713,39.42048],[-106.56724,39.42034],[-106.56724,39.4201],[-106.56707,39.41979],[-106.56672,39.41979],[-106.56628,39.41991],[-106.56594,39.41985],[-106.56572,39.42003],[-106.5657,39.42015],[-106.56617,39.42038],[-106.56629,39.42054],[-106.56617,39.4209],[-106.56584,39.42101],[-106.56575,39.42146],[-106.56616,39.42159],[-106.56648,39.4218],[-106.56665,39.42243],[-106.56691,39.42279],[-106.56843,39.42263],[-106.56816,39.42233],[-106.5674,39.42253],[-106.56715,39.42245]]]}},{"type":"Feature","properties":{},"geometry":{"type":"Polygon","coordinates":[[[-106.58195,39.46029],[-106.58146,39.46014],[-106.58123,39.45997],[-106.58098,39.45965],[-106.58047,39.45935],[-106.57979,39.45937],[-106.57958,39.4595],[-106.57966,39.45976],[-106.57961,39.46025],[-106.57969,39.46029],[-106.58018,39.46016],[-106.58031,39.4602],[-106.58051,39.46048],[-106.58065,39.46057],[-106.58123,39.46048],[-106.58191,39.46087],[-106.58238,39.46103],[-106.58254,39.46123],[-106.58283,39.46141],[-106.58319,39.46187],[-106.58335,39.46186],[-106.58354,39.46173],[-106.58358,39.46157],[-106.58352,39.46137],[-106.58305,39.46097],[-106.58291,39.4605],[-106.58272,39.46051],[-106.58252,39.46064],[-106.58236,39.46061],[-106.58213,39.46035],[-106.58195,39.46029]]]}},{"type":"Feature","properties":{},"geometry":{"type":"Polygon","coordinates":[[[-106.67367,39.43562],[-106.67396,39.43563],[-106.67398,39.43555],[-106.67385,39.43549],[-106.6736,39.43559],[-106.67367,39.43562]]]}},{"type":"Feature","properties":{},"geometry":{"type":"Polygon","coordinates":[[[-106.60372,39.40219],[-106.60346,39.40177],[-106.60296,39.40159],[-106.60237,39.40163],[-106.60217,39.40175],[-106.60206,39.40196],[-106.60215,39.40241],[-106.60239,39.4028],[-106.60268,39.40301],[-106.60296,39.40308],[-106.60337,39.40303],[-106.6038,39.40276],[-106.60383,39.40251],[-106.60372,39.40219]]]}},{"type":"Feature","properties":{},"geometry":{"type":"Polygon","coordinates":[[[-106.60196,39.40271],[-106.602,39.40256],[-106.60173,39.40231],[-106.60155,39.40255],[-106.60175,39.40274],[-106.60196,39.40271]]]}},{"type":"Feature","properties":{},"geometry":{"type":"Polygon","coordinates":[[[-106.79092,39.36778],[-106.79118,39.36745],[-106.79151,39.3667],[-106.79183,39.36658],[-106.79269,39.36713],[-106.79364,39.36725],[-106.79425,39.3672],[-106.79448,39.36735],[-106.79449,39.36799],[-106.79459,39.36816],[-106.79534,39.3681],[-106.79609,39.36842],[-106.79623,39.36852],[-106.7963,39.3687],[-106.796,39.36944],[-106.79609,39.36958],[-106.79626,39.36955],[-106.79657,39.36935],[-106.79716,39.36922],[-106.79747,39.3692],[-106.79814,39.36929],[-106.79839,39.36961],[-106.79876,39.36964],[-106.79895,39.36974],[-106.7991,39.37019],[-106.79923,39.37038],[-106.79948,39.37036],[-106.79991,39.37],[-106.80003,39.37],[-106.80057,39.37054],[-106.80081,39.37048],[-106.80099,39.37036],[-106.80133,39.37032],[-106.80201,39.37003],[-106.80358,39.37027],[-106.80375,39.37044],[-106.80381,39.37072],[-106.80375,39.37115],[-106.80378,39.37158],[-106.80357,39.3722],[-106.80316,39.37268],[-106.80308,39.37297],[-106.80314,39.373],[-106.80399,39.37289],[-106.80427,39.37273],[-106.80477,39.37214],[-106.80503,39.37193],[-106.80554,39.37169],[-106.80575,39.37114],[-106.80601,39.37083],[-106.80712,39.37009],[-106.80749,39.36978],[-106.80783,39.36938],[-106.80793,39.36938],[-106.80793,39.36974],[-106.80801,39.36992],[-106.80831,39.37028],[-106.80851,39.37084],[-106.80858,39.37138],[-106.80892,39.37198],[-106.80901,39.37301],[-106.80888,39.37332],[-106.80829,39.37406],[-106.80825,39.37422],[-106.80853,39.37448],[-106.8086,39.37474],[-106.8087,39.37476],[-106.80881,39.37471],[-106.80916,39.37423],[-106.80991,39.37382],[-106.81026,39.37399],[-106.81038,39.37408],[-106.81048,39.37428],[-106.81064,39.37437],[-106.81127,39.37434],[-106.81189,39.37415],[-106.81238,39.37416],[-106.8127,39.37304],[-106.81315,39.37248],[-106.81323,39.37226],[-106.81294,39.37123],[-106.81302,39.37107],[-106.81318,39.37096],[-106.81329,39.36996],[-106.81354,39.36938],[-106.81395,39.36885],[-106.8143,39.36859],[-106.81441,39.36826],[-106.81476,39.36787],[-106.81508,39.36712],[-106.81531,39.36686],[-106.81609,39.36607],[-106.8173,39.36517],[-106.81766,39.36479],[-106.81803,39.36402],[-106.81852,39.36356],[-106.81699,39.36243],[-106.816,39.36181],[-106.81552,39.36212],[-106.81519,39.36308],[-106.81508,39.36326],[-106.81488,39.36338],[-106.81407,39.36347],[-106.81208,39.36353],[-106.8117,39.36344],[-106.81146,39.36368],[-106.81058,39.36382],[-106.80988,39.36383],[-106.80891,39.36371],[-106.8077,39.36396],[-106.80747,39.36379],[-106.80736,39.36328],[-106.8073,39.36325],[-106.80692,39.36351],[-106.80637,39.36362],[-106.80575,39.36352],[-106.80553,39.36342],[-106.80543,39.36327],[-106.80549,39.36287],[-106.80546,39.36276],[-106.80502,39.3631],[-106.80437,39.36317],[-106.80398,39.36309],[-106.80325,39.36312],[-106.80203,39.36303],[-106.80184,39.36255],[-106.8012,39.3627],[-106.80039,39.36274],[-106.79985,39.36258],[-106.79972,39.3624],[-106.79977,39.36199],[-106.79951,39.3615],[-106.79956,39.3611],[-106.7995,39.36101],[-106.79926,39.36114],[-106.79891,39.36152],[-106.79869,39.36167],[-106.79827,39.36171],[-106.79681,39.36141],[-106.79642,39.3611],[-106.79569,39.36117],[-106.79471,39.36094],[-106.79436,39.36095],[-106.79251,39.36073],[-106.7922,39.36065],[-106.79194,39.36043],[-106.79177,39.35978],[-106.79095,39.3602],[-106.79052,39.36024],[-106.78987,39.3599],[-106.78893,39.35973],[-106.78871,39.35947],[-106.78785,39.35942],[-106.78646,39.35898],[-106.78613,39.35863],[-106.78606,39.35788],[-106.7859,39.35794],[-106.78562,39.35831],[-106.78542,39.35837],[-106.78507,39.35831],[-106.78419,39.35789],[-106.78362,39.35771],[-106.78214,39.35776],[-106.7814,39.35762],[-106.77946,39.35704],[-106.77911,39.35649],[-106.77867,39.35689],[-106.77845,39.35699],[-106.77751,39.35705],[-106.7758,39.35639],[-106.77561,39.35614],[-106.77562,39.35579],[-106.7755,39.35574],[-106.7746,39.35619],[-106.77371,39.35645],[-106.77194,39.35651],[-106.77135,39.35627],[-106.77095,39.35635],[-106.76986,39.35623],[-106.76885,39.35649],[-106.76812,39.35655],[-106.76785,39.35687],[-106.76639,39.35699],[-106.76563,39.35685],[-106.76562,39.35717],[-106.76538,39.35734],[-106.76462,39.35747],[-106.76341,39.35757],[-106.76317,39.35751],[-106.76288,39.35726],[-106.76266,39.35739],[-106.76193,39.35749],[-106.76089,39.35732],[-106.76033,39.3571],[-106.76004,39.35684],[-106.75911,39.35656],[-106.75856,39.35619],[-106.75785,39.3562],[-106.75658,39.35612],[-106.75635,39.35598],[-106.75603,39.35593],[-106.75514,39.35605],[-106.75444,39.35627],[-106.75385,39.35663],[-106.7531,39.35722],[-106.7529,39.35724],[-106.7523,39.35748],[-106.75102,39.35766],[-106.75009,39.35762],[-106.74917,39.35729],[-106.7489,39.35709],[-106.74841,39.35647],[-106.74787,39.35635],[-106.74693,39.35656],[-106.74653,39.35682],[-106.74633,39.3572],[-106.74635,39.35823],[-106.7458,39.35867],[-106.74512,39.35894],[-106.74355,39.35933],[-106.74173,39.36038],[-106.73998,39.36121],[-106.73951,39.3613],[-106.73793,39.36122],[-106.73773,39.36139],[-106.73826,39.36178],[-106.73893,39.3621],[-106.73962,39.36233],[-106.74,39.36233],[-106.74135,39.36191],[-106.74281,39.36165],[-106.74389,39.36098],[-106.74448,39.36075],[-106.74472,39.36071],[-106.74548,39.36089],[-106.7458,39.3608],[-106.74649,39.36078],[-106.7469,39.36063],[-106.74734,39.36072],[-106.74826,39.36113],[-106.74859,39.36121],[-106.75163,39.36081],[-106.75268,39.36101],[-106.75287,39.36109],[-106.75321,39.36145],[-106.75361,39.36113],[-106.7539,39.36111],[-106.75421,39.36113],[-106.75459,39.36127],[-106.75519,39.36125],[-106.75587,39.36139],[-106.75666,39.36133],[-106.75844,39.36147],[-106.76186,39.36133],[-106.76292,39.36145],[-106.76357,39.36176],[-106.76443,39.36172],[-106.76515,39.36182],[-106.76573,39.3618],[-106.76612,39.36191],[-106.76631,39.36208],[-106.7673,39.3618],[-106.76804,39.36208],[-106.76886,39.36208],[-106.76923,39.36223],[-106.76981,39.36217],[-106.77028,39.36196],[-106.77081,39.36195],[-106.77156,39.36173],[-106.77197,39.36174],[-106.77246,39.36192],[-106.7731,39.3618],[-106.77369,39.36193],[-106.77401,39.36171],[-106.77488,39.36139],[-106.77545,39.36149],[-106.77609,39.36126],[-106.77625,39.36136],[-106.77634,39.36174],[-106.77673,39.36195],[-106.77703,39.36191],[-106.77801,39.36152],[-106.77833,39.36173],[-106.77836,39.3618],[-106.77828,39.36222],[-106.77841,39.36281],[-106.7782,39.36346],[-106.77802,39.36376],[-106.77801,39.36411],[-106.77837,39.36404],[-106.77938,39.36357],[-106.77989,39.36282],[-106.78049,39.36229],[-106.78097,39.36208],[-106.78172,39.36207],[-106.78286,39.36236],[-106.78328,39.3627],[-106.78406,39.36304],[-106.78457,39.36374],[-106.78577,39.36454],[-106.78615,39.36488],[-106.78679,39.36475],[-106.78726,39.36474],[-106.7882,39.36507],[-106.7893,39.36521],[-106.7899,39.36577],[-106.78993,39.36592],[-106.78982,39.36615],[-106.78939,39.36671],[-106.78912,39.36777],[-106.78886,39.36829],[-106.7888,39.36876],[-106.78853,39.36927],[-106.78848,39.36957],[-106.78853,39.36962],[-106.79043,39.36856],[-106.79055,39.36846],[-106.79069,39.36804],[-106.79092,39.36778]]]}},{"type":"Feature","properties":{},"geometry":{"type":"Polygon","coordinates":[[[-106.57515,39.47411],[-106.57501,39.47427],[-106.57504,39.47458],[-106.57528,39.47447],[-106.57529,39.47433],[-106.57515,39.47411]]]}},{"type":"Feature","properties":{},"geometry":{"type":"Polygon","coordinates":[[[-106.55515,39.43043],[-106.5551,39.43059],[-106.55485,39.43073],[-106.55479,39.43085],[-106.55495,39.4309],[-106.5553,39.43085],[-106.55534,39.43073],[-106.55529,39.4305],[-106.55515,39.43043]]]}},{"type":"Feature","properties":{},"geometry":{"type":"Polygon","coordinates":[[[-106.78003,39.431],[-106.78003,39.43094],[-106.77951,39.43082],[-106.77923,39.43059],[-106.77914,39.43056],[-106.77911,39.43062],[-106.77914,39.43122],[-106.77968,39.43121],[-106.78003,39.431]]]}},{"type":"Feature","properties":{},"geometry":{"type":"Polygon","coordinates":[[[-106.51061,39.43797],[-106.51058,39.43822],[-106.51039,39.43839],[-106.50987,39.43845],[-106.50966,39.43856],[-106.50962,39.43874],[-106.50967,39.43932],[-106.50989,39.43961],[-106.51003,39.43966],[-106.5101,39.43951],[-106.51018,39.43953],[-106.51038,39.44],[-106.51057,39.44004],[-106.51078,39.43998],[-106.51114,39.43955],[-106.5113,39.43912],[-106.51145,39.43899],[-106.51179,39.43844],[-106.51181,39.43821],[-106.51172,39.438],[-106.51156,39.43783],[-106.51111,39.4376],[-106.51081,39.43764],[-106.51061,39.43797]]]}},{"type":"Feature","properties":{},"geometry":{"type":"Polygon","coordinates":[[[-106.67943,39.36735],[-106.67939,39.36754],[-106.67979,39.36767],[-106.68001,39.36726],[-106.67977,39.36711],[-106.67962,39.3671],[-106.67953,39.36715],[-106.67943,39.36735]]]}},{"type":"Feature","properties":{},"geometry":{"type":"Polygon","coordinates":[[[-106.5673,39.42063],[-106.56722,39.42069],[-106.56722,39.42081],[-106.56739,39.42099],[-106.5675,39.42102],[-106.56758,39.42091],[-106.56756,39.42082],[-106.5673,39.42063]]]}},{"type":"Feature","properties":{},"geometry":{"type":"Polygon","coordinates":[[[-106.54091,39.3921],[-106.54103,39.39207],[-106.54112,39.39191],[-106.5408,39.39166],[-106.54077,39.39181],[-106.5409,39.39198],[-106.54091,39.3921]]]}},{"type":"Feature","properties":{},"geometry":{"type":"Polygon","coordinates":[[[-106.51319,39.43278],[-106.5128,39.4329],[-106.51234,39.43277],[-106.51219,39.43286],[-106.51211,39.43303],[-106.51221,39.43313],[-106.51249,39.43302],[-106.513,39.43302],[-106.51316,39.43291],[-106.51319,39.43278]]]}},{"type":"Feature","properties":{},"geometry":{"type":"Polygon","coordinates":[[[-106.77881,39.43158],[-106.77866,39.43167],[-106.77844,39.4321],[-106.77836,39.43241],[-106.77838,39.43281],[-106.77846,39.43291],[-106.77884,39.43297],[-106.77945,39.43319],[-106.77959,39.43303],[-106.77956,39.43276],[-106.77921,39.43217],[-106.77896,39.43189],[-106.77881,39.43158]]]}},{"type":"Feature","properties":{},"geometry":{"type":"Polygon","coordinates":[[[-106.6302,39.30862],[-106.63089,39.30919],[-106.63174,39.30949],[-106.63245,39.30924],[-106.63311,39.30911],[-106.63393,39.30922],[-106.63423,39.30946],[-106.6352,39.30931],[-106.63639,39.30922],[-106.63693,39.30946],[-106.63749,39.30911],[-106.63791,39.30913],[-106.63807,39.30909],[-106.63809,39.30903],[-106.63797,39.3089],[-106.63765,39.30878],[-106.63785,39.30855],[-106.63789,39.30832],[-106.63759,39.30771],[-106.63756,39.30751],[-106.63647,39.30708],[-106.63609,39.30629],[-106.63554,39.30595],[-106.63378,39.30598],[-106.63254,39.30576],[-106.63166,39.3055],[-106.63112,39.30522],[-106.63086,39.30534],[-106.63047,39.30529],[-106.62981,39.30546],[-106.62966,39.30561],[-106.62903,39.3059],[-106.62877,39.30615],[-106.62849,39.30608],[-106.62822,39.30585],[-106.62798,39.30576],[-106.6277,39.30593],[-106.62761,39.30607],[-106.62718,39.30595],[-106.62697,39.30597],[-106.62675,39.30612],[-106.6267,39.30639],[-106.62657,39.30646],[-106.62615,39.30637],[-106.62581,39.30607],[-106.62545,39.3062],[-106.62538,39.30641],[-106.62506,39.30607],[-106.62495,39.30608],[-106.62476,39.30612],[-106.62457,39.30626],[-106.62465,39.30656],[-106.62458,39.30668],[-106.62429,39.3065],[-106.62426,39.3063],[-106.62475,39.30582],[-106.62532,39.30577],[-106.62547,39.30545],[-106.625,39.30526],[-106.62462,39.30539],[-106.62406,39.30577],[-106.62381,39.30576],[-106.62281,39.30532],[-106.62228,39.30548],[-106.622,39.30577],[-106.62202,39.30588],[-106.6217,39.30617],[-106.62179,39.30656],[-106.62216,39.30684],[-106.62271,39.30698],[-106.62348,39.30735],[-106.62456,39.30738],[-106.62482,39.30754],[-106.62479,39.30769],[-106.62496,39.30782],[-106.6256,39.30796],[-106.62737,39.30805],[-106.62859,39.30862],[-106.62967,39.30869],[-106.6301,39.30856],[-106.62952,39.30843],[-106.62942,39.30821],[-106.62889,39.30822],[-106.62855,39.30801],[-106.62822,39.30805],[-106.6273,39.3077],[-106.62746,39.30725],[-106.62761,39.3072],[-106.62821,39.30741],[-106.6284,39.30756],[-106.62896,39.30768],[-106.62994,39.30817],[-106.63042,39.30828],[-106.63042,39.30841],[-106.63026,39.30843],[-106.6301,39.30856],[-106.6302,39.30862]],[[-106.6297,39.30771],[-106.62954,39.30771],[-106.62885,39.30743],[-106.62885,39.30737],[-106.62897,39.30732],[-106.6294,39.30744],[-106.62959,39.30752],[-106.6297,39.30771]],[[-106.63029,39.30815],[-106.62992,39.30809],[-106.62988,39.30799],[-106.63006,39.3079],[-106.63017,39.30795],[-106.63036,39.30784],[-106.63054,39.30802],[-106.6307,39.30803],[-106.63073,39.30809],[-106.63045,39.30824],[-106.63029,39.30815]],[[-106.63003,39.30746],[-106.62998,39.30725],[-106.63007,39.30716],[-106.63063,39.30729],[-106.63078,39.3074],[-106.63075,39.30757],[-106.63083,39.30783],[-106.63048,39.3077],[-106.63006,39.30764],[-106.63003,39.30746]],[[-106.63171,39.30797],[-106.63171,39.30836],[-106.63159,39.30842],[-106.63106,39.30845],[-106.63092,39.30825],[-106.63089,39.30807],[-106.63122,39.30779],[-106.63131,39.30753],[-106.63144,39.30755],[-106.63171,39.30797]]]}},{"type":"Feature","properties":{},"geometry":{"type":"Polygon","coordinates":[[[-106.56438,39.40428],[-106.56443,39.40439],[-106.56455,39.40439],[-106.56484,39.40392],[-106.56481,39.40378],[-106.56443,39.40358],[-106.56408,39.40359],[-106.56347,39.40331],[-106.56288,39.40364],[-106.56254,39.40369],[-106.5626,39.40396],[-106.56268,39.40405],[-106.56301,39.40415],[-106.56402,39.40384],[-106.56421,39.40387],[-106.56431,39.40396],[-106.56438,39.40428]]]}},{"type":"Feature","properties":{},"geometry":{"type":"Polygon","coordinates":[[[-106.72457,39.41357],[-106.72449,39.41362],[-106.72448,39.41375],[-106.72472,39.41379],[-106.72484,39.41371],[-106.72482,39.41357],[-106.72457,39.41357]]]}},{"type":"Feature","properties":{},"geometry":{"type":"Polygon","coordinates":[[[-106.61917,39.46909],[-106.61926,39.46916],[-106.61963,39.46914],[-106.61967,39.46892],[-106.61944,39.46881],[-106.61919,39.46885],[-106.61917,39.46909]]]}},{"type":"Feature","properties":{},"geometry":{"type":"Polygon","coordinates":[[[-106.51218,39.32317],[-106.51227,39.32348],[-106.51262,39.32355],[-106.51283,39.32349],[-106.51302,39.32323],[-106.51288,39.32313],[-106.51218,39.32317]]]}},{"type":"Feature","properties":{},"geometry":{"type":"Polygon","coordinates":[[[-106.60357,39.46157],[-106.60357,39.46167],[-106.60374,39.46197],[-106.60379,39.46219],[-106.60399,39.46251],[-106.60399,39.46271],[-106.60413,39.46293],[-106.60443,39.46309],[-106.60479,39.46313],[-106.60572,39.46296],[-106.60679,39.46299],[-106.60714,39.46282],[-106.60724,39.46287],[-106.60727,39.46312],[-106.60813,39.46325],[-106.60818,39.46314],[-106.60809,39.46297],[-106.60782,39.46276],[-106.60727,39.46274],[-106.60707,39.46261],[-106.60699,39.46212],[-106.6069,39.46202],[-106.60647,39.46211],[-106.6065,39.462],[-106.60683,39.46182],[-106.60675,39.46172],[-106.60641,39.46168],[-106.60624,39.4616],[-106.60626,39.46149],[-106.60659,39.46139],[-106.60658,39.46122],[-106.60648,39.4611],[-106.60635,39.46108],[-106.60587,39.46124],[-106.60529,39.46107],[-106.60506,39.46115],[-106.60441,39.46116],[-106.60393,39.46146],[-106.60357,39.46157]]]}},{"type":"Feature","properties":{},"geometry":{"type":"Polygon","coordinates":[[[-106.57851,39.4425],[-106.57858,39.44275],[-106.57919,39.44304],[-106.57939,39.44295],[-106.57955,39.4423],[-106.57939,39.4422],[-106.57884,39.44206],[-106.57822,39.44146],[-106.57803,39.44142],[-106.57784,39.44147],[-106.5779,39.44168],[-106.57822,39.44188],[-106.57832,39.44206],[-106.57777,39.44198],[-106.57769,39.44211],[-106.57776,39.44234],[-106.57795,39.44252],[-106.57814,39.44259],[-106.57851,39.4425]]]}},{"type":"Feature","properties":{},"geometry":{"type":"Polygon","coordinates":[[[-106.65041,39.42362],[-106.65024,39.4236],[-106.64966,39.42373],[-106.64951,39.4238],[-106.64947,39.42398],[-106.64965,39.42404],[-106.65032,39.42404],[-106.65044,39.4239],[-106.65041,39.42362]]]}},{"type":"Feature","properties":{},"geometry":{"type":"Polygon","coordinates":[[[-106.67202,39.41849],[-106.67206,39.41834],[-106.67191,39.41836],[-106.67183,39.41845],[-106.67202,39.41849]]]}},{"type":"Feature","properties":{},"geometry":{"type":"Polygon","coordinates":[[[-106.67158,39.41785],[-106.67148,39.41794],[-106.67152,39.41803],[-106.67176,39.41793],[-106.67171,39.41784],[-106.67158,39.41785]]]}},{"type":"Feature","properties":{},"geometry":{"type":"Polygon","coordinates":[[[-106.63711,39.31481],[-106.63717,39.31473],[-106.63708,39.31466],[-106.63688,39.31479],[-106.63695,39.31485],[-106.63711,39.31481]]]}},{"type":"Feature","properties":{},"geometry":{"type":"Polygon","coordinates":[[[-106.65419,39.30183],[-106.65438,39.30152],[-106.65442,39.30105],[-106.65433,39.30107],[-106.65419,39.30123],[-106.65406,39.30167],[-106.65399,39.3017],[-106.65357,39.30159],[-106.65326,39.30141],[-106.65305,39.30138],[-106.65309,39.30152],[-106.65388,39.30191],[-106.6541,39.30191],[-106.65419,39.30183]]]}},{"type":"Feature","properties":{},"geometry":{"type":"Polygon","coordinates":[[[-106.58405,39.32238],[-106.58369,39.32272],[-106.58366,39.32292],[-106.58387,39.32346],[-106.5842,39.32381],[-106.58491,39.32405],[-106.58521,39.32428],[-106.58564,39.32441],[-106.58621,39.32423],[-106.58645,39.32404],[-106.58662,39.3231],[-106.5866,39.32296],[-106.58616,39.32238],[-106.58516,39.32204],[-106.58458,39.32214],[-106.58405,39.32238]]]}},{"type":"Feature","properties":{},"geometry":{"type":"Polygon","coordinates":[[[-106.51575,39.49618],[-106.51597,39.4962],[-106.51618,39.49615],[-106.51624,39.49608],[-106.51587,39.49579],[-106.51569,39.49573],[-106.51557,39.49576],[-106.51547,39.49586],[-106.51553,39.49603],[-106.51575,39.49618]]]}},{"type":"Feature","properties":{},"geometry":{"type":"Polygon","coordinates":[[[-106.56334,39.45769],[-106.56347,39.45761],[-106.56351,39.45742],[-106.5634,39.45742],[-106.56325,39.45758],[-106.56334,39.45769]]]}},{"type":"Feature","properties":{},"geometry":{"type":"Polygon","coordinates":[[[-106.53545,39.44228],[-106.53534,39.4423],[-106.53536,39.44282],[-106.53556,39.44297],[-106.53591,39.44283],[-106.53596,39.44272],[-106.53586,39.44262],[-106.53589,39.44255],[-106.53618,39.44241],[-106.53621,39.44232],[-106.53611,39.44226],[-106.53579,39.44247],[-106.53563,39.4425],[-106.53545,39.44228]]]}},{"type":"Feature","properties":{},"geometry":{"type":"Polygon","coordinates":[[[-106.84904,39.4935],[-106.84905,39.49365],[-106.84935,39.49367],[-106.84935,39.49344],[-106.84904,39.4935]]]}},{"type":"Feature","properties":{},"geometry":{"type":"Polygon","coordinates":[[[-106.78767,39.47887],[-106.78767,39.47882],[-106.78758,39.47877],[-106.78742,39.47887],[-106.78748,39.47892],[-106.78767,39.47887]]]}},{"type":"Feature","properties":{},"geometry":{"type":"Polygon","coordinates":[[[-106.7893,39.46118],[-106.78932,39.46141],[-106.78949,39.46144],[-106.78966,39.46122],[-106.78967,39.46105],[-106.78959,39.46098],[-106.78935,39.46101],[-106.7893,39.46118]]]}},{"type":"Feature","properties":{},"geometry":{"type":"Polygon","coordinates":[[[-106.78917,39.4596],[-106.78907,39.4597],[-106.78925,39.45972],[-106.78927,39.45964],[-106.78917,39.4596]]]}},{"type":"Feature","properties":{},"geometry":{"type":"Polygon","coordinates":[[[-106.64298,39.43367],[-106.64283,39.43364],[-106.64281,39.43373],[-106.64297,39.43377],[-106.64298,39.43367]]]}},{"type":"Feature","properties":{},"geometry":{"type":"Polygon","coordinates":[[[-106.6526,39.3237],[-106.65246,39.32377],[-106.65246,39.32384],[-106.65308,39.32448],[-106.65331,39.32434],[-106.65325,39.32415],[-106.65297,39.3238],[-106.65269,39.32366],[-106.6526,39.3237]]]}},{"type":"Feature","properties":{},"geometry":{"type":"Polygon","coordinates":[[[-106.56641,39.38725],[-106.56711,39.38747],[-106.56771,39.38736],[-106.56723,39.38693],[-106.5668,39.38683],[-106.56656,39.38703],[-106.56641,39.38725]]]}},{"type":"Feature","properties":{},"geometry":{"type":"Polygon","coordinates":[[[-106.53315,39.29432],[-106.53377,39.29464],[-106.53412,39.2946],[-106.53421,39.29435],[-106.53445,39.29429],[-106.53436,39.29398],[-106.53404,39.2936],[-106.53297,39.29329],[-106.53287,39.29316],[-106.53304,39.29302],[-106.53321,39.2927],[-106.53301,39.29225],[-106.53269,39.29198],[-106.5322,39.29185],[-106.5318,39.29131],[-106.5311,39.29118],[-106.5309,39.29104],[-106.53096,39.29092],[-106.53144,39.29072],[-106.53165,39.29052],[-106.53124,39.29033],[-106.53049,39.29017],[-106.52947,39.29023],[-106.52975,39.29058],[-106.52974,39.29117],[-106.52993,39.29111],[-106.53046,39.29135],[-106.53008,39.29149],[-106.53,39.29167],[-106.53003,39.29206],[-106.53025,39.29233],[-106.5319,39.29338],[-106.53254,39.29426],[-106.53315,39.29432]],[[-106.53147,39.29132],[-106.53177,39.2914],[-106.53184,39.2915],[-106.53135,39.29146],[-106.53134,39.29136],[-106.53147,39.29132]]]}},{"type":"Feature","properties":{},"geometry":{"type":"Polygon","coordinates":[[[-106.54322,39.43698],[-106.54306,39.43708],[-106.54315,39.43722],[-106.54334,39.43734],[-106.54365,39.43733],[-106.54369,39.43708],[-106.54354,39.43695],[-106.54322,39.43698]]]}},{"type":"Feature","properties":{},"geometry":{"type":"Polygon","coordinates":[[[-106.52835,39.45073],[-106.52865,39.45068],[-106.52872,39.45047],[-106.52871,39.45024],[-106.52882,39.44998],[-106.52898,39.44977],[-106.52922,39.44961],[-106.5292,39.4495],[-106.52893,39.44956],[-106.52854,39.44992],[-106.52853,39.45041],[-106.52835,39.45073]]]}},{"type":"Feature","properties":{},"geometry":{"type":"Polygon","coordinates":[[[-106.63618,39.31429],[-106.6361,39.31428],[-106.63598,39.31444],[-106.63602,39.31453],[-106.63633,39.31441],[-106.63618,39.31429]]]}},{"type":"Feature","properties":{},"geometry":{"type":"Polygon","coordinates":[[[-106.67806,39.25688],[-106.6781,39.25697],[-106.67837,39.25707],[-106.67865,39.25697],[-106.67863,39.25687],[-106.67846,39.25663],[-106.6784,39.25663],[-106.6783,39.2568],[-106.67803,39.25671],[-106.67806,39.25688]]]}},{"type":"Feature","properties":{},"geometry":{"type":"Polygon","coordinates":[[[-106.57324,39.41268],[-106.57275,39.41299],[-106.57234,39.41302],[-106.5719,39.41289],[-106.57156,39.41299],[-106.57135,39.41317],[-106.57112,39.4136],[-106.57094,39.41407],[-106.57128,39.41443],[-106.57168,39.41454],[-106.57173,39.41461],[-106.57162,39.41504],[-106.5718,39.4153],[-106.57189,39.41556],[-106.57199,39.41555],[-106.57209,39.41543],[-106.57214,39.41489],[-106.5724,39.4147],[-106.57279,39.41458],[-106.57289,39.41465],[-106.57281,39.41488],[-106.57317,39.41496],[-106.57301,39.41453],[-106.57258,39.4144],[-106.57266,39.41425],[-106.57287,39.41424],[-106.57308,39.41405],[-106.57314,39.41389],[-106.57299,39.41368],[-106.57311,39.41346],[-106.57333,39.41339],[-106.57352,39.41372],[-106.57368,39.41379],[-106.57381,39.4138],[-106.57411,39.41365],[-106.57411,39.41332],[-106.57402,39.41315],[-106.57349,39.41289],[-106.57324,39.41268]]]}},{"type":"Feature","properties":{},"geometry":{"type":"Polygon","coordinates":[[[-106.5316,39.39186],[-106.53171,39.39175],[-106.53167,39.39134],[-106.53133,39.39129],[-106.53114,39.3915],[-106.53133,39.39174],[-106.5316,39.39186]]]}},{"type":"Feature","properties":{},"geometry":{"type":"Polygon","coordinates":[[[-106.52464,39.36423],[-106.5237,39.36326],[-106.52302,39.36269],[-106.52228,39.36235],[-106.52218,39.36232],[-106.52164,39.36244],[-106.5215,39.36255],[-106.52143,39.36272],[-106.52077,39.36292],[-106.52063,39.36311],[-106.52131,39.36352],[-106.52135,39.36366],[-106.52123,39.36377],[-106.52095,39.36376],[-106.52081,39.36394],[-106.52085,39.36417],[-106.52061,39.36415],[-106.52062,39.3643],[-106.52092,39.36446],[-106.52105,39.36445],[-106.52107,39.36456],[-106.5213,39.36463],[-106.52198,39.36465],[-106.52237,39.36473],[-106.5234,39.36471],[-106.52391,39.3646],[-106.52464,39.36423]]]}},{"type":"Feature","properties":{},"geometry":{"type":"Polygon","coordinates":[[[-106.75887,39.41762],[-106.75943,39.4178],[-106.75941,39.41745],[-106.75918,39.41729],[-106.75848,39.41715],[-106.758,39.4173],[-106.7576,39.41724],[-106.75744,39.41734],[-106.75746,39.41758],[-106.75782,39.41771],[-106.75887,39.41762]]]}},{"type":"Feature","properties":{},"geometry":{"type":"Polygon","coordinates":[[[-106.71924,39.4439],[-106.71919,39.44399],[-106.71919,39.44421],[-106.71929,39.44448],[-106.71946,39.44451],[-106.71972,39.44421],[-106.71966,39.44397],[-106.71942,39.44387],[-106.71924,39.4439]]]}},{"type":"Feature","properties":{},"geometry":{"type":"Polygon","coordinates":[[[-106.56292,39.4631],[-106.56299,39.46307],[-106.56298,39.46295],[-106.56277,39.46247],[-106.5627,39.46237],[-106.56249,39.46228],[-106.56265,39.46285],[-106.56292,39.4631]]]}},{"type":"Feature","properties":{},"geometry":{"type":"Polygon","coordinates":[[[-106.60427,39.45579],[-106.60461,39.45584],[-106.60518,39.45526],[-106.60522,39.45505],[-106.60457,39.45488],[-106.60432,39.45489],[-106.6038,39.45495],[-106.60356,39.45512],[-106.60309,39.45516],[-106.60298,39.45525],[-106.60307,39.45539],[-106.60353,39.45543],[-106.60371,39.45559],[-106.60427,39.45579]]]}},{"type":"Feature","properties":{},"geometry":{"type":"Polygon","coordinates":[[[-106.67467,39.34448],[-106.67478,39.34459],[-106.675,39.34466],[-106.6751,39.3446],[-106.67515,39.34449],[-106.67467,39.34448]]]}},{"type":"Feature","properties":{},"geometry":{"type":"Polygon","coordinates":[[[-106.53722,39.39477],[-106.53745,39.39473],[-106.53776,39.39445],[-106.53759,39.39421],[-106.53739,39.39409],[-106.53733,39.39411],[-106.53729,39.39464],[-106.53722,39.39477]]]}},{"type":"Feature","properties":{},"geometry":{"type":"Polygon","coordinates":[[[-106.52876,39.36181],[-106.52883,39.36175],[-106.52879,39.36163],[-106.52863,39.36166],[-106.52847,39.36179],[-106.52853,39.36188],[-106.52876,39.36181]]]}},{"type":"Feature","properties":{},"geometry":{"type":"Polygon","coordinates":[[[-106.52076,39.32388],[-106.52062,39.32394],[-106.52059,39.32402],[-106.52067,39.32442],[-106.52075,39.32449],[-106.52114,39.32421],[-106.52076,39.32388]]]}},{"type":"Feature","properties":{},"geometry":{"type":"Polygon","coordinates":[[[-106.82015,39.36123],[-106.82031,39.36135],[-106.82069,39.36142],[-106.82088,39.36128],[-106.82067,39.36097],[-106.82051,39.36086],[-106.82038,39.36101],[-106.8202,39.36109],[-106.82015,39.36123]]]}},{"type":"Feature","properties":{},"geometry":{"type":"Polygon","coordinates":[[[-106.52961,39.45042],[-106.52972,39.45061],[-106.52986,39.45058],[-106.52995,39.45048],[-106.5299,39.44992],[-106.52982,39.44978],[-106.5296,39.44976],[-106.52949,39.44997],[-106.52968,39.4502],[-106.52961,39.45042]]]}},{"type":"Feature","properties":{},"geometry":{"type":"Polygon","coordinates":[[[-106.53831,39.4073],[-106.53831,39.40703],[-106.53819,39.40671],[-106.53765,39.40639],[-106.53763,39.40598],[-106.5369,39.40561],[-106.53649,39.40565],[-106.53603,39.40596],[-106.53563,39.40591],[-106.53522,39.40618],[-106.53507,39.40636],[-106.53548,39.40695],[-106.53579,39.40726],[-106.53597,39.40764],[-106.53607,39.40821],[-106.53596,39.40843],[-106.53595,39.4086],[-106.53608,39.40909],[-106.53627,39.40934],[-106.53666,39.40967],[-106.5368,39.40972],[-106.53725,39.40981],[-106.53748,39.40977],[-106.53802,39.40949],[-106.53811,39.40907],[-106.53835,39.40881],[-106.53832,39.40835],[-106.53844,39.40802],[-106.53842,39.40792],[-106.53821,39.40771],[-106.53831,39.4073]]]}},{"type":"Feature","properties":{},"geometry":{"type":"Polygon","coordinates":[[[-106.52256,39.42159],[-106.52274,39.42142],[-106.52299,39.42131],[-106.52294,39.42115],[-106.52267,39.42109],[-106.52236,39.42123],[-106.52198,39.4212],[-106.52187,39.42133],[-106.52194,39.42155],[-106.52204,39.42163],[-106.52229,39.42155],[-106.52248,39.42162],[-106.52256,39.42159]]]}},{"type":"Feature","properties":{},"geometry":{"type":"Polygon","coordinates":[[[-106.52401,39.36976],[-106.52337,39.36955],[-106.5232,39.36972],[-106.52312,39.36994],[-106.52333,39.3704],[-106.52379,39.37041],[-106.52418,39.37016],[-106.52401,39.36976]]]}},{"type":"Feature","properties":{},"geometry":{"type":"Polygon","coordinates":[[[-106.57018,39.44412],[-106.56998,39.44417],[-106.56993,39.44428],[-106.56988,39.44485],[-106.57002,39.4448],[-106.57026,39.44437],[-106.5703,39.44421],[-106.57027,39.44413],[-106.57018,39.44412]]]}},{"type":"Feature","properties":{},"geometry":{"type":"Polygon","coordinates":[[[-106.52582,39.41432],[-106.5262,39.4139],[-106.52611,39.4133],[-106.52622,39.41309],[-106.52678,39.41292],[-106.52692,39.41269],[-106.52675,39.4122],[-106.52679,39.41214],[-106.52693,39.41208],[-106.52733,39.41212],[-106.52756,39.41198],[-106.52754,39.41171],[-106.52739,39.4116],[-106.5273,39.41141],[-106.52732,39.41129],[-106.52756,39.411],[-106.52762,39.41083],[-106.52751,39.41066],[-106.52731,39.4106],[-106.52689,39.4107],[-106.52669,39.41105],[-106.52621,39.41106],[-106.52579,39.41073],[-106.52557,39.41082],[-106.52561,39.41123],[-106.52531,39.41147],[-106.52515,39.41184],[-106.52524,39.41263],[-106.52549,39.413],[-106.52556,39.41332],[-106.52499,39.41335],[-106.52482,39.41345],[-106.52482,39.41359],[-106.52489,39.41406],[-106.52516,39.41437],[-106.52551,39.41464],[-106.52564,39.41439],[-106.52574,39.41429],[-106.52582,39.41432]],[[-106.52676,39.41268],[-106.52648,39.41279],[-106.52623,39.41301],[-106.52611,39.41297],[-106.52611,39.41267],[-106.52635,39.41249],[-106.52654,39.41214],[-106.5266,39.41213],[-106.52677,39.41243],[-106.52681,39.41262],[-106.52676,39.41268]],[[-106.52547,39.41432],[-106.52533,39.41426],[-106.52499,39.41374],[-106.52499,39.41352],[-106.52523,39.41351],[-106.52545,39.41362],[-106.52545,39.41387],[-106.52555,39.41411],[-106.52547,39.41432]],[[-106.52581,39.41091],[-106.52593,39.4109],[-106.52604,39.411],[-106.52603,39.4112],[-106.52591,39.4112],[-106.52579,39.4111],[-106.52581,39.41091]],[[-106.52547,39.41184],[-106.52542,39.41174],[-106.52545,39.41164],[-106.5257,39.41153],[-106.52567,39.41176],[-106.52547,39.41184]]]}},{"type":"Feature","properties":{},"geometry":{"type":"Polygon","coordinates":[[[-106.55126,39.42707],[-106.55131,39.42711],[-106.55135,39.42661],[-106.55095,39.42649],[-106.55032,39.42668],[-106.54976,39.42696],[-106.54966,39.42711],[-106.54999,39.42745],[-106.55012,39.42746],[-106.5508,39.4269],[-106.5511,39.42695],[-106.55126,39.42707]]]}},{"type":"Feature","properties":{},"geometry":{"type":"Polygon","coordinates":[[[-106.65429,39.30317],[-106.6546,39.30314],[-106.65483,39.3028],[-106.65476,39.30269],[-106.6545,39.30256],[-106.65451,39.30232],[-106.65446,39.3023],[-106.65388,39.30274],[-106.65376,39.30308],[-106.6538,39.30319],[-106.65429,39.30317]]]}},{"type":"Feature","properties":{},"geometry":{"type":"Polygon","coordinates":[[[-106.53649,39.40102],[-106.53684,39.40077],[-106.537,39.40057],[-106.53688,39.40056],[-106.53645,39.40079],[-106.5364,39.40089],[-106.53649,39.40102]]]}},{"type":"Feature","properties":{},"geometry":{"type":"Polygon","coordinates":[[[-106.53005,39.33264],[-106.53006,39.33257],[-106.52973,39.33245],[-106.52958,39.33253],[-106.52992,39.33268],[-106.53005,39.33264]]]}},{"type":"Feature","properties":{},"geometry":{"type":"Polygon","coordinates":[[[-106.74635,39.46197],[-106.74634,39.46192],[-106.74621,39.46191],[-106.74529,39.46214],[-106.74525,39.46222],[-106.74576,39.46238],[-106.746,39.46236],[-106.74607,39.46222],[-106.74635,39.46197]]]}},{"type":"Feature","properties":{},"geometry":{"type":"Polygon","coordinates":[[[-106.60848,39.46354],[-106.60843,39.46383],[-106.60851,39.46391],[-106.6087,39.46393],[-106.60875,39.46373],[-106.60848,39.46354]]]}},{"type":"Feature","properties":{},"geometry":{"type":"Polygon","coordinates":[[[-106.56522,39.45459],[-106.56529,39.45479],[-106.56523,39.45495],[-106.56558,39.45486],[-106.56548,39.45459],[-106.5653,39.45452],[-106.56522,39.45459]]]}},{"type":"Feature","properties":{},"geometry":{"type":"Polygon","coordinates":[[[-106.51348,39.43288],[-106.51352,39.43306],[-106.51369,39.43305],[-106.51381,39.43284],[-106.51378,39.4327],[-106.51364,39.4326],[-106.51354,39.43268],[-106.51348,39.43288]]]}},{"type":"Feature","properties":{},"geometry":{"type":"Polygon","coordinates":[[[-106.5273,39.42854],[-106.52729,39.42839],[-106.52714,39.42829],[-106.52698,39.42833],[-106.52681,39.42848],[-106.52687,39.42853],[-106.5273,39.42854]]]}},{"type":"Feature","properties":{},"geometry":{"type":"Polygon","coordinates":[[[-106.55077,39.42764],[-106.55102,39.42737],[-106.5509,39.42716],[-106.55068,39.42756],[-106.55077,39.42764]]]}},{"type":"Feature","properties":{},"geometry":{"type":"Polygon","coordinates":[[[-106.52761,39.47237],[-106.52726,39.47241],[-106.52706,39.47254],[-106.52698,39.4727],[-106.52701,39.4728],[-106.52739,39.4727],[-106.52753,39.47258],[-106.52761,39.47237]]]}},{"type":"Feature","properties":{},"geometry":{"type":"Polygon","coordinates":[[[-106.56507,39.45498],[-106.56498,39.45498],[-106.56481,39.45511],[-106.56454,39.45511],[-106.56464,39.4553],[-106.56464,39.45546],[-106.56471,39.45549],[-106.56481,39.45541],[-106.56507,39.45512],[-106.56507,39.45498]]]}},{"type":"Feature","properties":{},"geometry":{"type":"Polygon","coordinates":[[[-106.51567,39.4001],[-106.51578,39.40003],[-106.51588,39.39985],[-106.51595,39.39949],[-106.51572,39.39927],[-106.51576,39.39883],[-106.5152,39.39821],[-106.51485,39.39815],[-106.51453,39.39823],[-106.51439,39.39853],[-106.51453,39.3986],[-106.51481,39.39859],[-106.515,39.39875],[-106.51495,39.39911],[-106.51506,39.39939],[-106.51507,39.39973],[-106.51538,39.4001],[-106.51567,39.4001]]]}},{"type":"Feature","properties":{},"geometry":{"type":"Polygon","coordinates":[[[-106.52747,39.48174],[-106.52792,39.48192],[-106.52814,39.48192],[-106.52837,39.48165],[-106.5276,39.48156],[-106.52746,39.48165],[-106.52747,39.48174]]]}},{"type":"Feature","properties":{},"geometry":{"type":"Polygon","coordinates":[[[-106.5244,39.33021],[-106.52448,39.33013],[-106.52445,39.33003],[-106.52428,39.32997],[-106.52421,39.33002],[-106.52426,39.33015],[-106.5244,39.33021]]]}},{"type":"Feature","properties":{},"geometry":{"type":"Polygon","coordinates":[[[-106.57077,39.44711],[-106.57075,39.44703],[-106.57051,39.44708],[-106.57039,39.4473],[-106.57039,39.44751],[-106.57046,39.44754],[-106.57052,39.44748],[-106.57073,39.44725],[-106.57077,39.44711]]]}},{"type":"Feature","properties":{},"geometry":{"type":"Polygon","coordinates":[[[-106.6198,39.49478],[-106.62,39.49446],[-106.62037,39.49424],[-106.62041,39.49405],[-106.62038,39.49387],[-106.62021,39.49354],[-106.62002,39.49337],[-106.61979,39.49332],[-106.61963,39.49378],[-106.61962,39.49401],[-106.61968,39.49422],[-106.61967,39.49461],[-106.6198,39.49478]]]}},{"type":"Feature","properties":{},"geometry":{"type":"Polygon","coordinates":[[[-106.81535,39.48052],[-106.81513,39.48062],[-106.81507,39.48077],[-106.81512,39.48087],[-106.81528,39.48084],[-106.8155,39.48069],[-106.81568,39.48047],[-106.81566,39.48038],[-106.81535,39.48052]]]}},{"type":"Feature","properties":{},"geometry":{"type":"Polygon","coordinates":[[[-106.80265,39.46547],[-106.80302,39.46534],[-106.80312,39.46523],[-106.80304,39.46509],[-106.80289,39.46507],[-106.80224,39.46522],[-106.802,39.46536],[-106.80205,39.46545],[-106.80235,39.46551],[-106.80265,39.46547]]]}},{"type":"Feature","properties":{},"geometry":{"type":"Polygon","coordinates":[[[-106.60711,39.4349],[-106.60654,39.43493],[-106.60642,39.435],[-106.60652,39.43516],[-106.60741,39.43526],[-106.60723,39.43521],[-106.60711,39.4349]]]}},{"type":"Feature","properties":{},"geometry":{"type":"Polygon","coordinates":[[[-106.57788,39.37594],[-106.5788,39.37591],[-106.5787,39.37563],[-106.5784,39.37551],[-106.5779,39.37562],[-106.57788,39.37594]]]}},{"type":"Feature","properties":{},"geometry":{"type":"Polygon","coordinates":[[[-106.57133,39.38833],[-106.57194,39.38852],[-106.57223,39.38837],[-106.57224,39.38825],[-106.57181,39.38807],[-106.57151,39.38783],[-106.57075,39.38775],[-106.57101,39.38811],[-106.57102,39.38854],[-106.57133,39.38833]]]}},{"type":"Feature","properties":{},"geometry":{"type":"Polygon","coordinates":[[[-106.63248,39.42703],[-106.63278,39.42684],[-106.63278,39.42677],[-106.63248,39.42661],[-106.63243,39.42639],[-106.63209,39.4264],[-106.63198,39.42687],[-106.63187,39.42702],[-106.63191,39.42713],[-106.63221,39.42716],[-106.63248,39.42703]]]}},{"type":"Feature","properties":{},"geometry":{"type":"Polygon","coordinates":[[[-106.63002,39.30756],[-106.63006,39.30764],[-106.63048,39.3077],[-106.63083,39.30783],[-106.63075,39.30757],[-106.63078,39.3074],[-106.63048,39.30724],[-106.63007,39.30716],[-106.62998,39.30725],[-106.63002,39.30756]]]}},{"type":"Feature","properties":{},"geometry":{"type":"Polygon","coordinates":[[[-106.53633,39.3967],[-106.53676,39.39685],[-106.53682,39.39647],[-106.53671,39.39636],[-106.53674,39.39612],[-106.53666,39.39598],[-106.53659,39.39596],[-106.53632,39.39659],[-106.53633,39.3967]]]}},{"type":"Feature","properties":{},"geometry":{"type":"Polygon","coordinates":[[[-106.52423,39.3085],[-106.52476,39.30855],[-106.52491,39.30839],[-106.5247,39.30815],[-106.52448,39.3076],[-106.5241,39.30749],[-106.52389,39.30756],[-106.52383,39.30803],[-106.52394,39.30817],[-106.52408,39.30822],[-106.52423,39.3085]]]}},{"type":"Feature","properties":{},"geometry":{"type":"Polygon","coordinates":[[[-106.58202,39.4853],[-106.58189,39.48523],[-106.58149,39.48544],[-106.58106,39.48534],[-106.58087,39.48543],[-106.58075,39.48564],[-106.58084,39.48569],[-106.58126,39.48561],[-106.58165,39.4857],[-106.58187,39.48554],[-106.58202,39.4853]]]}},{"type":"Feature","properties":{},"geometry":{"type":"Polygon","coordinates":[[[-106.61845,39.47719],[-106.6183,39.47712],[-106.6181,39.47712],[-106.61813,39.47745],[-106.61822,39.47744],[-106.61845,39.47719]]]}},{"type":"Feature","properties":{},"geometry":{"type":"Polygon","coordinates":[[[-106.52367,39.41719],[-106.5236,39.4172],[-106.52361,39.41727],[-106.52401,39.4176],[-106.52434,39.41743],[-106.52444,39.41716],[-106.52439,39.4171],[-106.52425,39.41712],[-106.52388,39.41724],[-106.52367,39.41719]]]}},{"type":"Feature","properties":{},"geometry":{"type":"Polygon","coordinates":[[[-106.50037,39.48828],[-106.5002,39.48831],[-106.49979,39.48856],[-106.49969,39.4891],[-106.4999,39.48897],[-106.50039,39.48847],[-106.50047,39.4883],[-106.50037,39.48828]]]}},{"type":"Feature","properties":{},"geometry":{"type":"Polygon","coordinates":[[[-106.57747,39.35609],[-106.57766,39.35577],[-106.57764,39.35483],[-106.5775,39.3547],[-106.57686,39.35467],[-106.57616,39.355],[-106.57577,39.35547],[-106.57577,39.35636],[-106.57643,39.35634],[-106.57747,39.35609]]]}},{"type":"Feature","properties":{},"geometry":{"type":"Polygon","coordinates":[[[-106.57443,39.41105],[-106.57466,39.41122],[-106.57507,39.41177],[-106.57562,39.41183],[-106.57578,39.41201],[-106.57604,39.41213],[-106.57611,39.41229],[-106.57625,39.4124],[-106.57638,39.41241],[-106.57654,39.41232],[-106.57656,39.41223],[-106.57644,39.41195],[-106.5762,39.41181],[-106.57581,39.41171],[-106.57551,39.41139],[-106.57544,39.41137],[-106.57525,39.41158],[-106.57513,39.41154],[-106.57487,39.41121],[-106.57488,39.4109],[-106.57463,39.41083],[-106.5745,39.41086],[-106.57441,39.41096],[-106.57443,39.41105]]]}},{"type":"Feature","properties":{},"geometry":{"type":"Polygon","coordinates":[[[-106.62959,39.30752],[-106.62902,39.30733],[-106.62885,39.30737],[-106.62885,39.30743],[-106.62954,39.30771],[-106.6297,39.30771],[-106.62959,39.30752]]]}},{"type":"Feature","properties":{},"geometry":{"type":"Polygon","coordinates":[[[-106.50677,39.39404],[-106.50708,39.39412],[-106.50716,39.394],[-106.50693,39.39396],[-106.50677,39.39404]]]}},{"type":"Feature","properties":{},"geometry":{"type":"Polygon","coordinates":[[[-106.51407,39.37455],[-106.51409,39.37446],[-106.51404,39.37439],[-106.51384,39.37441],[-106.51375,39.37449],[-106.51378,39.3746],[-106.51399,39.37466],[-106.51407,39.37455]]]}},{"type":"Feature","properties":{},"geometry":{"type":"Polygon","coordinates":[[[-106.57873,39.32086],[-106.57803,39.32133],[-106.57786,39.3216],[-106.57787,39.32204],[-106.57827,39.32205],[-106.57884,39.32192],[-106.57906,39.32163],[-106.57919,39.32125],[-106.57915,39.32101],[-106.57873,39.32086]]]}},{"type":"Feature","properties":{},"geometry":{"type":"Polygon","coordinates":[[[-106.72486,39.33986],[-106.72499,39.34],[-106.72538,39.3399],[-106.72519,39.3397],[-106.72494,39.33958],[-106.72485,39.3397],[-106.72486,39.33986]]]}},{"type":"Feature","properties":{},"geometry":{"type":"Polygon","coordinates":[[[-106.58652,39.40372],[-106.58646,39.40356],[-106.58634,39.40358],[-106.58625,39.40368],[-106.5864,39.40385],[-106.58652,39.40372]]]}},{"type":"Feature","properties":{},"geometry":{"type":"Polygon","coordinates":[[[-106.51383,39.35916],[-106.51396,39.35908],[-106.51394,39.3589],[-106.51387,39.35887],[-106.51376,39.35888],[-106.51383,39.35916]]]}},{"type":"Feature","properties":{},"geometry":{"type":"Polygon","coordinates":[[[-106.5117,39.32389],[-106.5117,39.32378],[-106.51158,39.32373],[-106.51127,39.32381],[-106.51122,39.32392],[-106.51127,39.32401],[-106.5117,39.32389]]]}},{"type":"Feature","properties":{},"geometry":{"type":"Polygon","coordinates":[[[-106.58207,39.3218],[-106.58216,39.3217],[-106.58215,39.3216],[-106.58186,39.32173],[-106.58207,39.3218]]]}},{"type":"Feature","properties":{},"geometry":{"type":"Polygon","coordinates":[[[-106.84754,39.2573],[-106.84771,39.25731],[-106.84803,39.25709],[-106.84816,39.25684],[-106.84814,39.2567],[-106.848,39.25662],[-106.84783,39.25663],[-106.84753,39.25681],[-106.84736,39.25708],[-106.84754,39.2573]]]}},{"type":"Feature","properties":{},"geometry":{"type":"Polygon","coordinates":[[[-106.51829,39.49882],[-106.51863,39.49871],[-106.51868,39.49857],[-106.51823,39.49853],[-106.51808,39.4986],[-106.51817,39.49878],[-106.51829,39.49882]]]}},{"type":"Feature","properties":{},"geometry":{"type":"Polygon","coordinates":[[[-106.75291,39.4964],[-106.75307,39.49636],[-106.7531,39.49629],[-106.75271,39.49631],[-106.75277,39.49638],[-106.75291,39.4964]]]}},{"type":"Feature","properties":{},"geometry":{"type":"Polygon","coordinates":[[[-106.57332,39.47536],[-106.57341,39.4756],[-106.57337,39.47571],[-106.57296,39.47595],[-106.57313,39.47618],[-106.57279,39.47669],[-106.57298,39.47685],[-106.57337,39.47738],[-106.57397,39.47755],[-106.57438,39.47774],[-106.57475,39.47771],[-106.57503,39.47749],[-106.57553,39.47728],[-106.5759,39.47696],[-106.57623,39.47678],[-106.57615,39.47657],[-106.5759,39.47638],[-106.5757,39.47602],[-106.57518,39.47584],[-106.57529,39.47557],[-106.57526,39.47545],[-106.57475,39.47507],[-106.57451,39.47499],[-106.5742,39.47498],[-106.57352,39.47508],[-106.57339,39.47514],[-106.57332,39.47536]]]}},{"type":"Feature","properties":{},"geometry":{"type":"Polygon","coordinates":[[[-106.58422,39.48879],[-106.58409,39.4889],[-106.58419,39.4891],[-106.58433,39.48901],[-106.58434,39.48894],[-106.58429,39.48879],[-106.58422,39.48879]]]}},{"type":"Feature","properties":{},"geometry":{"type":"Polygon","coordinates":[[[-106.67083,39.43561],[-106.67072,39.43576],[-106.67081,39.43578],[-106.67099,39.43568],[-106.67097,39.43563],[-106.67083,39.43561]]]}},{"type":"Feature","properties":{},"geometry":{"type":"Polygon","coordinates":[[[-106.54063,39.39451],[-106.54069,39.39459],[-106.54086,39.39458],[-106.54101,39.39445],[-106.54093,39.39437],[-106.54063,39.39451]]]}},{"type":"Feature","properties":{},"geometry":{"type":"Polygon","coordinates":[[[-106.51446,39.35805],[-106.51451,39.35788],[-106.51447,39.35775],[-106.51438,39.35773],[-106.51417,39.35783],[-106.51385,39.3583],[-106.51383,39.35846],[-106.51408,39.35837],[-106.5143,39.35839],[-106.51446,39.35805]]]}},{"type":"Feature","properties":{},"geometry":{"type":"Polygon","coordinates":[[[-106.61131,39.34216],[-106.61129,39.34194],[-106.61141,39.34176],[-106.6113,39.34148],[-106.61124,39.34149],[-106.61116,39.34169],[-106.61097,39.34173],[-106.61094,39.34186],[-106.61107,39.34208],[-106.61102,39.34222],[-106.61107,39.34227],[-106.61131,39.34216]]]}},{"type":"Feature","properties":{},"geometry":{"type":"Polygon","coordinates":[[[-106.53033,39.32843],[-106.53035,39.32861],[-106.53079,39.3288],[-106.5311,39.32854],[-106.53066,39.3283],[-106.53039,39.32833],[-106.53033,39.32843]]]}},{"type":"Feature","properties":{},"geometry":{"type":"Polygon","coordinates":[[[-106.54852,39.26201],[-106.54874,39.2621],[-106.54884,39.26208],[-106.54899,39.26182],[-106.54892,39.26175],[-106.54838,39.26183],[-106.54841,39.26196],[-106.54852,39.26201]]]}},{"type":"Feature","properties":{},"geometry":{"type":"Polygon","coordinates":[[[-106.53604,39.44569],[-106.53614,39.44555],[-106.536,39.44545],[-106.5363,39.44525],[-106.53628,39.44518],[-106.53591,39.44528],[-106.5357,39.4455],[-106.53575,39.44567],[-106.53604,39.44569]]]}},{"type":"Feature","properties":{},"geometry":{"type":"Polygon","coordinates":[[[-106.58367,39.32281],[-106.58369,39.32272],[-106.58402,39.3224],[-106.58458,39.32214],[-106.5848,39.32178],[-106.5837,39.32116],[-106.58325,39.32117],[-106.58276,39.32203],[-106.58242,39.32244],[-106.58255,39.32273],[-106.58367,39.32281]]]}},{"type":"Feature","properties":{},"geometry":{"type":"Polygon","coordinates":[[[-106.5261,39.33042],[-106.52584,39.33041],[-106.52567,39.33056],[-106.52567,39.33084],[-106.52583,39.33097],[-106.52658,39.33072],[-106.5266,39.33042],[-106.5261,39.33042]]]}},{"type":"Feature","properties":{},"geometry":{"type":"Polygon","coordinates":[[[-106.52338,39.32818],[-106.52296,39.32828],[-106.5229,39.32846],[-106.52307,39.32886],[-106.52334,39.32916],[-106.52386,39.32943],[-106.52378,39.32936],[-106.52377,39.32921],[-106.52406,39.32902],[-106.52372,39.32866],[-106.52379,39.32831],[-106.52338,39.32818]]]}},{"type":"Feature","properties":{},"geometry":{"type":"Polygon","coordinates":[[[-106.63552,39.31314],[-106.63534,39.31321],[-106.63535,39.3133],[-106.6357,39.31336],[-106.63582,39.3135],[-106.63593,39.31337],[-106.63593,39.31318],[-106.63611,39.3131],[-106.63606,39.31299],[-106.6356,39.31286],[-106.63552,39.31314]]]}},{"type":"Feature","properties":{},"geometry":{"type":"Polygon","coordinates":[[[-106.60591,39.49943],[-106.60576,39.49943],[-106.60557,39.49969],[-106.60584,39.49979],[-106.60594,39.49975],[-106.60603,39.49959],[-106.60599,39.49946],[-106.60591,39.49943]]]}},{"type":"Feature","properties":{},"geometry":{"type":"Polygon","coordinates":[[[-106.86632,39.47654],[-106.86617,39.47655],[-106.86614,39.47663],[-106.86621,39.4768],[-106.86635,39.47675],[-106.86632,39.47654]]]}},{"type":"Feature","properties":{},"geometry":{"type":"Polygon","coordinates":[[[-106.55797,39.4008],[-106.55793,39.40071],[-106.55798,39.40069],[-106.55817,39.40074],[-106.55817,39.4005],[-106.55757,39.40061],[-106.55716,39.40051],[-106.55716,39.40071],[-106.55701,39.40094],[-106.55726,39.40137],[-106.55748,39.40143],[-106.55763,39.40139],[-106.55793,39.40113],[-106.55797,39.4008]]]}},{"type":"Feature","properties":{},"geometry":{"type":"Polygon","coordinates":[[[-106.57622,39.46901],[-106.57631,39.46883],[-106.57631,39.46867],[-106.57607,39.46849],[-106.57583,39.46848],[-106.5757,39.46819],[-106.57533,39.46833],[-106.57509,39.46861],[-106.57469,39.4689],[-106.57469,39.469],[-106.57451,39.46924],[-106.57469,39.46937],[-106.57504,39.46929],[-106.5756,39.46936],[-106.57604,39.46918],[-106.57622,39.46901]]]}},{"type":"Feature","properties":{},"geometry":{"type":"Polygon","coordinates":[[[-106.57186,39.46425],[-106.57172,39.4644],[-106.57141,39.46447],[-106.57144,39.46459],[-106.57166,39.46464],[-106.57173,39.4649],[-106.57183,39.46488],[-106.57202,39.46447],[-106.572,39.4643],[-106.57186,39.46425]]]}},{"type":"Feature","properties":{},"geometry":{"type":"Polygon","coordinates":[[[-106.54826,39.45159],[-106.54821,39.45157],[-106.548,39.45182],[-106.54805,39.45192],[-106.54832,39.45193],[-106.54843,39.45184],[-106.54836,39.45164],[-106.54826,39.45159]]]}},{"type":"Feature","properties":{},"geometry":{"type":"Polygon","coordinates":[[[-106.58838,39.45062],[-106.58831,39.45075],[-106.58833,39.45126],[-106.58855,39.45157],[-106.58859,39.45202],[-106.58944,39.45312],[-106.58958,39.45326],[-106.5899,39.45336],[-106.58979,39.45404],[-106.59002,39.45427],[-106.59022,39.45422],[-106.59025,39.45426],[-106.59025,39.45437],[-106.59009,39.4545],[-106.59005,39.45472],[-106.59033,39.45516],[-106.59065,39.45541],[-106.59136,39.45548],[-106.59231,39.45589],[-106.59236,39.4559],[-106.59235,39.45564],[-106.5924,39.45561],[-106.59251,39.45558],[-106.59279,39.45565],[-106.59282,39.45561],[-106.59253,39.45511],[-106.59261,39.45497],[-106.59279,39.4549],[-106.59277,39.4548],[-106.59252,39.45466],[-106.59231,39.45418],[-106.59233,39.45408],[-106.59253,39.45397],[-106.5925,39.45377],[-106.59235,39.45358],[-106.59165,39.45331],[-106.5914,39.45295],[-106.59135,39.4525],[-106.59125,39.45228],[-106.59081,39.45182],[-106.5906,39.45143],[-106.5897,39.45091],[-106.58869,39.45064],[-106.58838,39.45062]],[[-106.59109,39.4529],[-106.59124,39.45289],[-106.5913,39.45295],[-106.59131,39.45309],[-106.59123,39.45319],[-106.591,39.45305],[-106.59099,39.45297],[-106.59109,39.4529]]]}},{"type":"Feature","properties":{},"geometry":{"type":"Polygon","coordinates":[[[-106.81783,39.48025],[-106.81766,39.48021],[-106.81766,39.48038],[-106.8178,39.48036],[-106.81783,39.48025]]]}},{"type":"Feature","properties":{},"geometry":{"type":"Polygon","coordinates":[[[-106.79068,39.46255],[-106.79053,39.46255],[-106.7899,39.46285],[-106.78968,39.46279],[-106.78924,39.46282],[-106.7891,39.4627],[-106.78905,39.46245],[-106.7892,39.46238],[-106.78958,39.46244],[-106.78966,39.46239],[-106.78968,39.46229],[-106.78964,39.46204],[-106.78958,39.46199],[-106.78929,39.462],[-106.78897,39.46215],[-106.78881,39.46248],[-106.7884,39.46276],[-106.78834,39.46293],[-106.78885,39.46327],[-106.78891,39.46369],[-106.78914,39.46372],[-106.78924,39.46369],[-106.78957,39.46337],[-106.79,39.46322],[-106.79079,39.46279],[-106.79081,39.46274],[-106.79068,39.46255]]]}},{"type":"Feature","properties":{},"geometry":{"type":"Polygon","coordinates":[[[-106.58,39.42793],[-106.58056,39.42828],[-106.58116,39.42829],[-106.58161,39.4279],[-106.58141,39.42796],[-106.58115,39.42793],[-106.58088,39.42758],[-106.58072,39.42756],[-106.58,39.42793]]]}},{"type":"Feature","properties":{},"geometry":{"type":"Polygon","coordinates":[[[-106.52551,39.41432],[-106.52555,39.41411],[-106.52545,39.41387],[-106.52545,39.41362],[-106.52523,39.41351],[-106.52499,39.41352],[-106.52499,39.41374],[-106.52523,39.41413],[-106.52538,39.41432],[-106.52551,39.41432]]]}},{"type":"Feature","properties":{},"geometry":{"type":"Polygon","coordinates":[[[-106.67306,39.43461],[-106.67336,39.43437],[-106.67332,39.43412],[-106.67324,39.43412],[-106.67299,39.43456],[-106.67306,39.43461]]]}},{"type":"Feature","properties":{},"geometry":{"type":"Polygon","coordinates":[[[-106.67262,39.43396],[-106.67262,39.43415],[-106.67282,39.43404],[-106.67282,39.43377],[-106.67268,39.43379],[-106.67262,39.43396]]]}},{"type":"Feature","properties":{},"geometry":{"type":"Polygon","coordinates":[[[-106.69615,39.35636],[-106.69587,39.35638],[-106.69547,39.35661],[-106.6954,39.35673],[-106.69583,39.357],[-106.696,39.35689],[-106.69614,39.35668],[-106.6962,39.35652],[-106.69615,39.35636]]]}},{"type":"Feature","properties":{},"geometry":{"type":"Polygon","coordinates":[[[-106.58808,39.43125],[-106.58784,39.43118],[-106.58771,39.43102],[-106.5877,39.43063],[-106.58757,39.43045],[-106.58745,39.43053],[-106.5874,39.4307],[-106.58682,39.43061],[-106.58639,39.43067],[-106.58627,39.43061],[-106.58612,39.43027],[-106.58551,39.43022],[-106.58542,39.4303],[-106.58552,39.43048],[-106.58597,39.43047],[-106.58602,39.43064],[-106.5867,39.43123],[-106.58695,39.43128],[-106.58731,39.43122],[-106.5876,39.4313],[-106.58775,39.4318],[-106.58795,39.43201],[-106.58802,39.43187],[-106.58791,39.43145],[-106.58808,39.43125]]]}},{"type":"Feature","properties":{},"geometry":{"type":"Polygon","coordinates":[[[-106.50955,39.39474],[-106.50957,39.39483],[-106.5097,39.39487],[-106.50997,39.39481],[-106.50992,39.39467],[-106.50969,39.39467],[-106.50955,39.39474]]]}},{"type":"Feature","properties":{},"geometry":{"type":"Polygon","coordinates":[[[-106.51879,39.38974],[-106.51851,39.38982],[-106.51843,39.38994],[-106.51843,39.3904],[-106.51859,39.39054],[-106.51892,39.39046],[-106.51914,39.39029],[-106.51912,39.38985],[-106.51902,39.38975],[-106.51879,39.38974]]]}},{"type":"Feature","properties":{},"geometry":{"type":"Polygon","coordinates":[[[-106.82516,39.46921],[-106.82499,39.46925],[-106.825,39.46938],[-106.82512,39.46944],[-106.82526,39.46932],[-106.82516,39.46921]]]}},{"type":"Feature","properties":{},"geometry":{"type":"Polygon","coordinates":[[[-106.58195,39.42763],[-106.58161,39.42762],[-106.58133,39.42741],[-106.58096,39.42734],[-106.58088,39.42738],[-106.58097,39.42741],[-106.58127,39.42782],[-106.58155,39.42781],[-106.58195,39.42763]]]}},{"type":"Feature","properties":{},"geometry":{"type":"Polygon","coordinates":[[[-106.65832,39.29789],[-106.6583,39.29793],[-106.65842,39.298],[-106.65883,39.29812],[-106.65893,39.29809],[-106.65904,39.29777],[-106.65897,39.29769],[-106.65866,39.29776],[-106.65857,39.29751],[-106.6584,39.29739],[-106.6583,39.29755],[-106.65832,39.29789]]]}},{"type":"Feature","properties":{},"geometry":{"type":"Polygon","coordinates":[[[-106.5407,39.39544],[-106.54083,39.3953],[-106.54084,39.39521],[-106.54076,39.39513],[-106.54063,39.39516],[-106.54057,39.39527],[-106.54058,39.39539],[-106.5407,39.39544]]]}},{"type":"Feature","properties":{},"geometry":{"type":"Polygon","coordinates":[[[-106.54038,39.38118],[-106.54039,39.38131],[-106.54057,39.38137],[-106.54083,39.38122],[-106.54086,39.38109],[-106.54076,39.381],[-106.54068,39.38101],[-106.54038,39.38118]]]}},{"type":"Feature","properties":{},"geometry":{"type":"Polygon","coordinates":[[[-106.5755,39.47422],[-106.57544,39.47428],[-106.57548,39.47435],[-106.57556,39.47428],[-106.5755,39.47422]]]}},{"type":"Feature","properties":{},"geometry":{"type":"Polygon","coordinates":[[[-106.54199,39.43796],[-106.54198,39.43819],[-106.5422,39.43822],[-106.54228,39.43806],[-106.54221,39.43792],[-106.54199,39.43796]]]}},{"type":"Feature","properties":{},"geometry":{"type":"Polygon","coordinates":[[[-106.53599,39.41416],[-106.53649,39.41384],[-106.53668,39.4134],[-106.53624,39.41376],[-106.53595,39.4138],[-106.53585,39.41389],[-106.53566,39.41417],[-106.53538,39.41441],[-106.53547,39.41466],[-106.5357,39.41471],[-106.53581,39.41468],[-106.53586,39.4144],[-106.53599,39.41416]]]}},{"type":"Feature","properties":{},"geometry":{"type":"Polygon","coordinates":[[[-106.5132,39.39421],[-106.51327,39.39428],[-106.51362,39.39418],[-106.51371,39.39422],[-106.51402,39.39418],[-106.51415,39.39408],[-106.51417,39.39392],[-106.51407,39.39383],[-106.51387,39.39383],[-106.51332,39.39407],[-106.5132,39.39421]]]}},{"type":"Feature","properties":{},"geometry":{"type":"Polygon","coordinates":[[[-106.80175,39.48752],[-106.80193,39.48755],[-106.80204,39.48745],[-106.80202,39.48731],[-106.80182,39.48733],[-106.80171,39.48747],[-106.80175,39.48752]]]}},{"type":"Feature","properties":{},"geometry":{"type":"Polygon","coordinates":[[[-106.86137,39.481],[-106.86124,39.48106],[-106.86109,39.48155],[-106.86166,39.48173],[-106.86182,39.48149],[-106.86197,39.48143],[-106.86188,39.48114],[-106.86155,39.48111],[-106.86137,39.481]]]}},{"type":"Feature","properties":{},"geometry":{"type":"Polygon","coordinates":[[[-106.60208,39.49046],[-106.60178,39.49088],[-106.60175,39.49109],[-106.60188,39.49152],[-106.6021,39.49186],[-106.60239,39.49215],[-106.60255,39.49249],[-106.60259,39.49272],[-106.60252,39.49313],[-106.60274,39.49335],[-106.60278,39.49368],[-106.60274,39.4949],[-106.603,39.49544],[-106.60323,39.49622],[-106.60359,39.49652],[-106.60377,39.49678],[-106.60392,39.49685],[-106.60403,39.49732],[-106.60427,39.49746],[-106.60457,39.49792],[-106.6053,39.49807],[-106.60598,39.49855],[-106.60605,39.49848],[-106.60568,39.49777],[-106.60571,39.49753],[-106.60559,39.49704],[-106.60537,39.49654],[-106.60542,39.4962],[-106.60511,39.49562],[-106.60509,39.49513],[-106.60477,39.49458],[-106.60478,39.49426],[-106.60459,39.4938],[-106.60463,39.49349],[-106.60435,39.49299],[-106.60429,39.49269],[-106.604,39.49235],[-106.60387,39.49161],[-106.60395,39.4909],[-106.60381,39.49059],[-106.60355,39.49031],[-106.60336,39.49024],[-106.603,39.4903],[-106.60239,39.49056],[-106.60208,39.49046]]]}},{"type":"Feature","properties":{},"geometry":{"type":"Polygon","coordinates":[[[-106.67084,39.41698],[-106.671,39.41692],[-106.67101,39.4168],[-106.67092,39.41675],[-106.67072,39.41682],[-106.67069,39.41697],[-106.67084,39.41698]]]}},{"type":"Feature","properties":{},"geometry":{"type":"Polygon","coordinates":[[[-106.71995,39.37137],[-106.71995,39.37127],[-106.71978,39.37133],[-106.71965,39.37145],[-106.71964,39.37154],[-106.71981,39.37152],[-106.71995,39.37137]]]}},{"type":"Feature","properties":{},"geometry":{"type":"Polygon","coordinates":[[[-106.64989,39.24999],[-106.65029,39.24973],[-106.6505,39.24907],[-106.65054,39.24848],[-106.65041,39.24784],[-106.65043,39.24758],[-106.65039,39.24748],[-106.65027,39.24742],[-106.64954,39.2476],[-106.6493,39.24774],[-106.64896,39.2483],[-106.64872,39.24852],[-106.64828,39.24966],[-106.6483,39.24978],[-106.64864,39.25023],[-106.64901,39.2504],[-106.64931,39.25039],[-106.64989,39.24999]]]}},{"type":"Feature","properties":{},"geometry":{"type":"Polygon","coordinates":[[[-106.57645,39.49077],[-106.57659,39.49064],[-106.5765,39.49056],[-106.57624,39.49068],[-106.57611,39.49084],[-106.5762,39.4909],[-106.57645,39.49077]]]}},{"type":"Feature","properties":{},"geometry":{"type":"Polygon","coordinates":[[[-106.55576,39.4305],[-106.55564,39.43042],[-106.55544,39.43049],[-106.55554,39.43062],[-106.55565,39.43062],[-106.55576,39.4305]]]}},{"type":"Feature","properties":{},"geometry":{"type":"Polygon","coordinates":[[[-106.51772,39.42729],[-106.51761,39.42734],[-106.51752,39.4275],[-106.51706,39.42758],[-106.51698,39.42769],[-106.5173,39.42791],[-106.51731,39.42813],[-106.51669,39.4283],[-106.51652,39.42847],[-106.51645,39.42858],[-106.51647,39.42865],[-106.51668,39.42863],[-106.51697,39.42844],[-106.51756,39.42832],[-106.51761,39.4281],[-106.5176,39.4277],[-106.51782,39.42744],[-106.51772,39.42729]]]}},{"type":"Feature","properties":{},"geometry":{"type":"Polygon","coordinates":[[[-106.78906,39.46126],[-106.78896,39.46175],[-106.78913,39.46182],[-106.78922,39.46178],[-106.78919,39.46133],[-106.78906,39.46126]]]}},{"type":"Feature","properties":{},"geometry":{"type":"Polygon","coordinates":[[[-106.78744,39.42643],[-106.78737,39.42654],[-106.78744,39.42669],[-106.7877,39.42665],[-106.78778,39.42638],[-106.78756,39.42635],[-106.78744,39.42643]]]}},{"type":"Feature","properties":{},"geometry":{"type":"Polygon","coordinates":[[[-106.66971,39.41548],[-106.66963,39.41556],[-106.66966,39.41564],[-106.66982,39.41559],[-106.66991,39.41549],[-106.66984,39.41545],[-106.66971,39.41548]]]}},{"type":"Feature","properties":{},"geometry":{"type":"Polygon","coordinates":[[[-106.57949,39.46867],[-106.57971,39.46871],[-106.57976,39.46856],[-106.5796,39.4685],[-106.57949,39.46867]]]}},{"type":"Feature","properties":{},"geometry":{"type":"Polygon","coordinates":[[[-106.52792,39.45111],[-106.52828,39.45114],[-106.52835,39.451],[-106.52828,39.4509],[-106.52806,39.45089],[-106.52789,39.451],[-106.52792,39.45111]]]}},{"type":"Feature","properties":{},"geometry":{"type":"Polygon","coordinates":[[[-106.53087,39.44891],[-106.53069,39.44885],[-106.53069,39.44863],[-106.53063,39.44861],[-106.53054,39.44864],[-106.53036,39.44895],[-106.53049,39.44884],[-106.53059,39.44901],[-106.53072,39.44905],[-106.53087,39.44891]]]}},{"type":"Feature","properties":{},"geometry":{"type":"Polygon","coordinates":[[[-106.50416,39.39397],[-106.50432,39.39405],[-106.50448,39.39403],[-106.505,39.39381],[-106.50511,39.39367],[-106.50433,39.39382],[-106.50417,39.39389],[-106.50416,39.39397]]]}},{"type":"Feature","properties":{},"geometry":{"type":"Polygon","coordinates":[[[-106.59293,39.45288],[-106.59278,39.45271],[-106.59261,39.45264],[-106.59243,39.45272],[-106.59237,39.45295],[-106.59257,39.45301],[-106.59289,39.45298],[-106.59293,39.45288]]]}},{"type":"Feature","properties":{},"geometry":{"type":"Polygon","coordinates":[[[-106.81205,39.47002],[-106.81204,39.46991],[-106.81157,39.4698],[-106.81132,39.46991],[-106.81131,39.47011],[-106.81144,39.4703],[-106.81184,39.47049],[-106.81193,39.47034],[-106.81183,39.47013],[-106.81205,39.47002]]]}},{"type":"Feature","properties":{},"geometry":{"type":"Polygon","coordinates":[[[-106.5404,39.31073],[-106.54051,39.31066],[-106.5404,39.31058],[-106.53958,39.3108],[-106.53955,39.31092],[-106.53905,39.31115],[-106.53901,39.31133],[-106.53907,39.31153],[-106.53925,39.3116],[-106.53963,39.3113],[-106.54025,39.31109],[-106.54042,39.31089],[-106.5404,39.31073]]]}},{"type":"Feature","properties":{},"geometry":{"type":"Polygon","coordinates":[[[-106.85658,39.43418],[-106.85615,39.43418],[-106.85599,39.43447],[-106.85588,39.43456],[-106.85591,39.43471],[-106.85619,39.43498],[-106.85676,39.43478],[-106.8569,39.43463],[-106.85687,39.43441],[-106.85676,39.43421],[-106.85658,39.43418]]]}},{"type":"Feature","properties":{},"geometry":{"type":"Polygon","coordinates":[[[-106.62764,39.42638],[-106.62835,39.42639],[-106.62879,39.42653],[-106.62919,39.42652],[-106.63015,39.42664],[-106.63041,39.42647],[-106.6307,39.4265],[-106.63109,39.42604],[-106.6321,39.42546],[-106.63285,39.4252],[-106.63286,39.42512],[-106.63265,39.425],[-106.63267,39.42488],[-106.63303,39.42462],[-106.63425,39.42429],[-106.63466,39.42423],[-106.63521,39.42427],[-106.63548,39.42417],[-106.63567,39.42403],[-106.63602,39.42359],[-106.63624,39.42319],[-106.63633,39.42253],[-106.63625,39.422],[-106.63609,39.42175],[-106.63559,39.42162],[-106.63484,39.42129],[-106.63358,39.42112],[-106.63339,39.42121],[-106.63284,39.42125],[-106.63101,39.42159],[-106.63008,39.42197],[-106.62987,39.42209],[-106.62966,39.42245],[-106.62959,39.42294],[-106.62963,39.42341],[-106.62974,39.42384],[-106.6299,39.42405],[-106.63031,39.42426],[-106.63081,39.42441],[-106.63091,39.42449],[-106.63094,39.42476],[-106.63084,39.42514],[-106.63067,39.42535],[-106.63041,39.42553],[-106.63034,39.42575],[-106.63022,39.42582],[-106.62958,39.42587],[-106.62926,39.42596],[-106.62874,39.42622],[-106.62824,39.42621],[-106.62774,39.42628],[-106.62764,39.42638]]]}},{"type":"Feature","properties":{},"geometry":{"type":"Polygon","coordinates":[[[-106.632,39.36836],[-106.63198,39.3685],[-106.63247,39.3686],[-106.63259,39.36876],[-106.63291,39.36894],[-106.6331,39.36923],[-106.63337,39.36934],[-106.63366,39.36965],[-106.63379,39.36965],[-106.63399,39.36953],[-106.63434,39.36957],[-106.63443,39.36952],[-106.63422,39.36941],[-106.63418,39.36926],[-106.63391,39.36918],[-106.63385,39.36907],[-106.63364,39.36894],[-106.63358,39.3688],[-106.63361,39.36873],[-106.63346,39.36859],[-106.63321,39.36847],[-106.63221,39.36832],[-106.632,39.36836]]]}},{"type":"Feature","properties":{},"geometry":{"type":"Polygon","coordinates":[[[-106.69585,39.32439],[-106.696,39.32441],[-106.69613,39.32433],[-106.69624,39.32408],[-106.6962,39.32398],[-106.69578,39.32415],[-106.69577,39.3243],[-106.69585,39.32439]]]}},{"type":"Feature","properties":{},"geometry":{"type":"Polygon","coordinates":[[[-106.54196,39.39489],[-106.54189,39.39499],[-106.54192,39.39509],[-106.542,39.39518],[-106.54207,39.39517],[-106.54212,39.39501],[-106.54196,39.39489]]]}},{"type":"Feature","properties":{},"geometry":{"type":"Polygon","coordinates":[[[-106.86144,39.47087],[-106.86143,39.4711],[-106.86165,39.47111],[-106.8617,39.47081],[-106.86144,39.47087]]]}},{"type":"Feature","properties":{},"geometry":{"type":"Polygon","coordinates":[[[-106.62148,39.29984],[-106.622,39.3],[-106.62296,39.30013],[-106.62326,39.29985],[-106.62339,39.29953],[-106.62299,39.29921],[-106.62239,39.29896],[-106.62192,39.29889],[-106.62159,39.29905],[-106.62148,39.29984]]]}},{"type":"Feature","properties":{},"geometry":{"type":"Polygon","coordinates":[[[-106.52756,39.3316],[-106.52742,39.3317],[-106.52746,39.3319],[-106.52821,39.33231],[-106.52854,39.33241],[-106.52898,39.33224],[-106.52885,39.332],[-106.52832,39.3319],[-106.52822,39.3318],[-106.52756,39.3316]]]}},{"type":"Feature","properties":{},"geometry":{"type":"Polygon","coordinates":[[[-106.55889,39.31448],[-106.55856,39.31456],[-106.55856,39.31474],[-106.5588,39.31518],[-106.55855,39.3153],[-106.55856,39.31545],[-106.5587,39.31557],[-106.55901,39.31559],[-106.55954,39.31536],[-106.55976,39.3154],[-106.56011,39.31522],[-106.56,39.31488],[-106.55889,39.31448]]]}},{"type":"Feature","properties":{},"geometry":{"type":"Polygon","coordinates":[[[-106.6541,39.30051],[-106.65454,39.3004],[-106.65443,39.29952],[-106.65409,39.29938],[-106.65299,39.29908],[-106.65265,39.29905],[-106.65262,39.29952],[-106.65276,39.29979],[-106.65276,39.30032],[-106.65285,39.30077],[-106.65323,39.30075],[-106.6541,39.30051]]]}},{"type":"Feature","properties":{},"geometry":{"type":"Polygon","coordinates":[[[-106.60367,39.43451],[-106.60396,39.43395],[-106.60434,39.43357],[-106.60398,39.43358],[-106.60382,39.43368],[-106.60351,39.43443],[-106.6036,39.43452],[-106.60367,39.43451]]]}},{"type":"Feature","properties":{},"geometry":{"type":"Polygon","coordinates":[[[-106.53225,39.40145],[-106.53249,39.40188],[-106.53275,39.40199],[-106.53316,39.40201],[-106.53321,39.40178],[-106.53339,39.40182],[-106.53368,39.4017],[-106.53376,39.4017],[-106.53392,39.40183],[-106.53423,39.40171],[-106.53435,39.40188],[-106.53445,39.40188],[-106.53453,39.40176],[-106.53437,39.40156],[-106.53452,39.40136],[-106.53457,39.4011],[-106.53454,39.40096],[-106.53438,39.40078],[-106.5341,39.40085],[-106.53396,39.40082],[-106.53375,39.40064],[-106.53377,39.40049],[-106.53412,39.40036],[-106.53419,39.4002],[-106.53417,39.40013],[-106.53382,39.40029],[-106.5335,39.40033],[-106.53339,39.40046],[-106.53311,39.40035],[-106.53303,39.40022],[-106.5329,39.40045],[-106.53296,39.4006],[-106.53269,39.40065],[-106.53254,39.40075],[-106.53231,39.40067],[-106.53214,39.4009],[-106.53185,39.401],[-106.53189,39.40115],[-106.53225,39.40145]],[[-106.53275,39.40149],[-106.53298,39.40145],[-106.53305,39.40159],[-106.53307,39.40186],[-106.53292,39.40186],[-106.53288,39.40164],[-106.53275,39.40149]]]}},{"type":"Feature","properties":{},"geometry":{"type":"Polygon","coordinates":[[[-106.5548,39.39345],[-106.55497,39.39328],[-106.55498,39.39303],[-106.5549,39.39274],[-106.55474,39.39282],[-106.55471,39.39341],[-106.5548,39.39345]]]}},{"type":"Feature","properties":{},"geometry":{"type":"Polygon","coordinates":[[[-106.5188,39.2687],[-106.51878,39.26858],[-106.51884,39.2684],[-106.51863,39.26839],[-106.51842,39.26822],[-106.51835,39.26819],[-106.51811,39.26829],[-106.51768,39.26822],[-106.51772,39.26837],[-106.51751,39.26836],[-106.51732,39.26853],[-106.51729,39.26908],[-106.51751,39.26914],[-106.51876,39.26918],[-106.51887,39.26903],[-106.5188,39.2687]]]}},{"type":"Feature","properties":{},"geometry":{"type":"Polygon","coordinates":[[[-106.57707,39.48975],[-106.57722,39.48982],[-106.57746,39.48964],[-106.57724,39.48961],[-106.57707,39.48975]]]}},{"type":"Feature","properties":{},"geometry":{"type":"Polygon","coordinates":[[[-106.52744,39.42736],[-106.52752,39.42718],[-106.52741,39.42711],[-106.52717,39.42731],[-106.52714,39.42748],[-106.5272,39.4275],[-106.52744,39.42736]]]}},{"type":"Feature","properties":{},"geometry":{"type":"Polygon","coordinates":[[[-106.81841,39.48058],[-106.81827,39.48077],[-106.81828,39.48086],[-106.81842,39.4809],[-106.81864,39.48084],[-106.81872,39.48072],[-106.8187,39.48064],[-106.81856,39.48055],[-106.81841,39.48058]]]}},{"type":"Feature","properties":{},"geometry":{"type":"Polygon","coordinates":[[[-106.53732,39.44342],[-106.53745,39.44332],[-106.53771,39.44325],[-106.53766,39.44303],[-106.53785,39.4425],[-106.53775,39.4418],[-106.53774,39.44089],[-106.53753,39.44088],[-106.53728,39.44104],[-106.5371,39.44125],[-106.53702,39.44165],[-106.53678,39.44191],[-106.53666,39.44192],[-106.53645,39.44177],[-106.53626,39.4415],[-106.53618,39.44119],[-106.53602,39.4412],[-106.5354,39.44151],[-106.53521,39.4417],[-106.53497,39.44197],[-106.53497,39.44225],[-106.53487,39.44258],[-106.53505,39.44324],[-106.53496,39.44349],[-106.53498,39.44366],[-106.53492,39.44383],[-106.53448,39.44436],[-106.53463,39.44455],[-106.53487,39.44456],[-106.53517,39.44436],[-106.53533,39.44385],[-106.53545,39.44391],[-106.5358,39.44384],[-106.53582,39.44419],[-106.53594,39.44433],[-106.53672,39.44433],[-106.53678,39.44414],[-106.53652,39.44409],[-106.53604,39.44425],[-106.53599,39.44417],[-106.53601,39.44372],[-106.53617,39.44352],[-106.53632,39.44345],[-106.53732,39.44342]],[[-106.53545,39.44228],[-106.53563,39.4425],[-106.53579,39.44247],[-106.53611,39.44226],[-106.53621,39.44232],[-106.53618,39.44241],[-106.53589,39.44255],[-106.53586,39.44262],[-106.53596,39.44272],[-106.53591,39.44283],[-106.53556,39.44297],[-106.53536,39.44282],[-106.53534,39.4423],[-106.53545,39.44228]],[[-106.53603,39.44136],[-106.53612,39.44138],[-106.53602,39.44174],[-106.53574,39.44182],[-106.53569,39.44211],[-106.53538,39.44212],[-106.53531,39.44204],[-106.53531,39.44189],[-106.53551,39.44165],[-106.53603,39.44136]]]}},{"type":"Feature","properties":{},"geometry":{"type":"Polygon","coordinates":[[[-106.53425,39.41641],[-106.5341,39.41651],[-106.53377,39.4165],[-106.53364,39.41659],[-106.53394,39.41682],[-106.5345,39.41689],[-106.53515,39.41734],[-106.53536,39.41726],[-106.53539,39.41701],[-106.53534,39.41682],[-106.5351,39.41662],[-106.53455,39.41641],[-106.5343,39.41623],[-106.53425,39.41641]]]}},{"type":"Feature","properties":{},"geometry":{"type":"Polygon","coordinates":[[[-106.7744,39.45076],[-106.77372,39.45069],[-106.77328,39.45086],[-106.77321,39.45099],[-106.77406,39.45141],[-106.7743,39.45145],[-106.77447,39.45141],[-106.77461,39.45125],[-106.77464,39.45102],[-106.7745,39.45081],[-106.7744,39.45076]]]}},{"type":"Feature","properties":{},"geometry":{"type":"Polygon","coordinates":[[[-106.63144,39.30755],[-106.63131,39.30753],[-106.63122,39.30779],[-106.63089,39.30807],[-106.63092,39.30825],[-106.63106,39.30845],[-106.63171,39.30836],[-106.63171,39.30797],[-106.63144,39.30755]]]}},{"type":"Feature","properties":{},"geometry":{"type":"Polygon","coordinates":[[[-106.60252,39.40339],[-106.60236,39.40338],[-106.60221,39.40349],[-106.6023,39.40356],[-106.60247,39.40348],[-106.60252,39.40339]]]}},{"type":"Feature","properties":{},"geometry":{"type":"Polygon","coordinates":[[[-106.58174,39.32238],[-106.58195,39.32225],[-106.58202,39.3221],[-106.58174,39.32189],[-106.58145,39.32224],[-106.58149,39.32233],[-106.58174,39.32238]]]}},{"type":"Feature","properties":{},"geometry":{"type":"Polygon","coordinates":[[[-106.73184,39.47501],[-106.73106,39.47512],[-106.73089,39.47495],[-106.73067,39.47442],[-106.73038,39.47428],[-106.72991,39.47423],[-106.72984,39.47413],[-106.72989,39.47391],[-106.72985,39.47376],[-106.72956,39.47376],[-106.72937,39.47451],[-106.72936,39.47476],[-106.72978,39.47625],[-106.7299,39.47684],[-106.72994,39.47754],[-106.72975,39.47799],[-106.72977,39.47853],[-106.72967,39.47876],[-106.72968,39.47893],[-106.72997,39.47918],[-106.73064,39.47956],[-106.731,39.47967],[-106.73127,39.47965],[-106.7332,39.47913],[-106.73361,39.47912],[-106.73402,39.47922],[-106.73449,39.47952],[-106.73462,39.47928],[-106.73519,39.47857],[-106.73427,39.47694],[-106.73408,39.47671],[-106.73322,39.47653],[-106.73151,39.47561],[-106.73145,39.47535],[-106.73184,39.47501]]]}},{"type":"Feature","properties":{},"geometry":{"type":"Polygon","coordinates":[[[-106.72101,39.44539],[-106.72078,39.44503],[-106.72047,39.44494],[-106.72016,39.44503],[-106.71997,39.44529],[-106.71994,39.44543],[-106.72014,39.44558],[-106.72081,39.44574],[-106.72101,39.44564],[-106.72101,39.44539]]]}},{"type":"Feature","properties":{},"geometry":{"type":"Polygon","coordinates":[[[-106.53746,39.44501],[-106.53735,39.44494],[-106.53722,39.44499],[-106.53703,39.4451],[-106.53702,39.44517],[-106.53735,39.44518],[-106.53746,39.44501]]]}},{"type":"Feature","properties":{},"geometry":{"type":"Polygon","coordinates":[[[-106.75913,39.45543],[-106.75949,39.45559],[-106.7596,39.45552],[-106.75943,39.45526],[-106.75916,39.45534],[-106.75913,39.45543]]]}},{"type":"Feature","properties":{},"geometry":{"type":"Polygon","coordinates":[[[-106.8432,39.42889],[-106.84327,39.42895],[-106.84367,39.429],[-106.84376,39.42895],[-106.84376,39.42885],[-106.84333,39.42828],[-106.84333,39.42814],[-106.84351,39.42785],[-106.84344,39.42781],[-106.84314,39.42798],[-106.84306,39.4281],[-106.84303,39.42844],[-106.8432,39.42889]]]}},{"type":"Feature","properties":{},"geometry":{"type":"Polygon","coordinates":[[[-106.56931,39.42392],[-106.56911,39.4237],[-106.56853,39.42379],[-106.56857,39.42398],[-106.56877,39.4241],[-106.56931,39.42392]]]}},{"type":"Feature","properties":{},"geometry":{"type":"Polygon","coordinates":[[[-106.78742,39.42574],[-106.78743,39.42555],[-106.78736,39.42545],[-106.78705,39.42541],[-106.78669,39.4255],[-106.78663,39.42557],[-106.78662,39.4257],[-106.78713,39.42589],[-106.78734,39.42585],[-106.78742,39.42574]]]}},{"type":"Feature","properties":{},"geometry":{"type":"Polygon","coordinates":[[[-106.5807,39.49313],[-106.58061,39.49331],[-106.58065,39.49344],[-106.58072,39.49357],[-106.58084,39.49363],[-106.58183,39.49342],[-106.58217,39.493],[-106.58246,39.49289],[-106.58239,39.49272],[-106.58256,39.49255],[-106.58256,39.49233],[-106.58221,39.4919],[-106.58192,39.49191],[-106.58153,39.49203],[-106.5811,39.49241],[-106.58092,39.49305],[-106.5807,39.49313]]]}},{"type":"Feature","properties":{},"geometry":{"type":"Polygon","coordinates":[[[-106.67985,39.36499],[-106.67961,39.36499],[-106.67945,39.36508],[-106.6796,39.36515],[-106.6797,39.36514],[-106.67989,39.36509],[-106.67985,39.36499]]]}},{"type":"Feature","properties":{},"geometry":{"type":"Polygon","coordinates":[[[-106.54015,39.39889],[-106.54069,39.39869],[-106.54071,39.39857],[-106.54027,39.39811],[-106.53993,39.39792],[-106.53957,39.39789],[-106.53932,39.39796],[-106.5391,39.39817],[-106.53915,39.39864],[-106.53927,39.39885],[-106.53966,39.39898],[-106.54015,39.39889]]]}},{"type":"Feature","properties":{},"geometry":{"type":"Polygon","coordinates":[[[-106.5379,39.27798],[-106.53782,39.27793],[-106.53769,39.27801],[-106.53686,39.27798],[-106.53659,39.27805],[-106.53637,39.27838],[-106.53635,39.2785],[-106.53643,39.2787],[-106.53639,39.27882],[-106.53744,39.27905],[-106.53798,39.27903],[-106.53817,39.27883],[-106.53829,39.27839],[-106.5381,39.27831],[-106.53809,39.27819],[-106.5379,39.27798]]]}},{"type":"Feature","properties":{},"geometry":{"type":"Polygon","coordinates":[[[-106.58277,39.48424],[-106.58308,39.48423],[-106.58323,39.48418],[-106.58328,39.4841],[-106.58308,39.48401],[-106.58287,39.4841],[-106.58277,39.48424]]]}},{"type":"Feature","properties":{},"geometry":{"type":"Polygon","coordinates":[[[-106.52663,39.47989],[-106.52653,39.48001],[-106.52655,39.48018],[-106.52698,39.48032],[-106.52696,39.48009],[-106.52685,39.47996],[-106.52663,39.47989]]]}},{"type":"Feature","properties":{},"geometry":{"type":"Polygon","coordinates":[[[-106.53497,39.41947],[-106.53492,39.41951],[-106.53503,39.41992],[-106.53513,39.41999],[-106.53526,39.41996],[-106.53538,39.4196],[-106.53552,39.41943],[-106.53539,39.41938],[-106.53514,39.41951],[-106.53497,39.41947]]]}},{"type":"Feature","properties":{},"geometry":{"type":"Polygon","coordinates":[[[-106.5291,39.45046],[-106.52898,39.45043],[-106.52885,39.4505],[-106.52883,39.45061],[-106.5289,39.45074],[-106.52912,39.4506],[-106.5291,39.45046]]]}},{"type":"Feature","properties":{},"geometry":{"type":"Polygon","coordinates":[[[-106.50459,39.34938],[-106.5045,39.34932],[-106.50416,39.34941],[-106.50404,39.34952],[-106.50401,39.34966],[-106.50452,39.34951],[-106.50459,39.34946],[-106.50459,39.34938]]]}},{"type":"Feature","properties":{},"geometry":{"type":"Polygon","coordinates":[[[-106.75097,39.49459],[-106.75149,39.49448],[-106.7514,39.49435],[-106.75116,39.49425],[-106.75111,39.49431],[-106.75074,39.49443],[-106.75082,39.4946],[-106.75097,39.49459]]]}},{"type":"Feature","properties":{},"geometry":{"type":"Polygon","coordinates":[[[-106.5426,39.43578],[-106.5427,39.43582],[-106.54287,39.43569],[-106.54328,39.43517],[-106.54314,39.43487],[-106.54328,39.43453],[-106.54319,39.43444],[-106.54288,39.43441],[-106.54267,39.43463],[-106.5424,39.4348],[-106.54237,39.43495],[-106.5426,39.43522],[-106.54255,39.43537],[-106.54256,39.43577],[-106.5426,39.43578]]]}},{"type":"Feature","properties":{},"geometry":{"type":"Polygon","coordinates":[[[-106.72401,39.44975],[-106.72395,39.44986],[-106.72409,39.45001],[-106.72424,39.45006],[-106.72447,39.45004],[-106.72449,39.4499],[-106.72439,39.44977],[-106.72427,39.44972],[-106.72401,39.44975]]]}},{"type":"Feature","properties":{},"geometry":{"type":"Polygon","coordinates":[[[-106.60252,39.45649],[-106.60257,39.45653],[-106.60278,39.45637],[-106.60345,39.45618],[-106.60339,39.45612],[-106.6031,39.45611],[-106.60271,39.45617],[-106.60249,39.45633],[-106.60252,39.45649]]]}},{"type":"Feature","properties":{},"geometry":{"type":"Polygon","coordinates":[[[-106.54954,39.46151],[-106.54944,39.4615],[-106.54935,39.46159],[-106.54947,39.46175],[-106.54964,39.46174],[-106.54971,39.46162],[-106.54969,39.46155],[-106.54954,39.46151]]]}},{"type":"Feature","properties":{},"geometry":{"type":"Polygon","coordinates":[[[-106.85665,39.41512],[-106.85686,39.4152],[-106.85703,39.41511],[-106.8568,39.41461],[-106.85649,39.41484],[-106.85665,39.41512]]]}},{"type":"Feature","properties":{},"geometry":{"type":"Polygon","coordinates":[[[-106.6256,39.30591],[-106.62567,39.30586],[-106.6256,39.30579],[-106.62475,39.30582],[-106.62437,39.30615],[-106.62425,39.30642],[-106.62458,39.30668],[-106.62465,39.30656],[-106.62456,39.30634],[-106.62464,39.30619],[-106.6256,39.30591]]]}},{"type":"Feature","properties":{},"geometry":{"type":"Polygon","coordinates":[[[-106.54842,39.44307],[-106.54864,39.44316],[-106.54883,39.44313],[-106.54887,39.44305],[-106.54878,39.44295],[-106.54861,39.44293],[-106.54842,39.44307]]]}},{"type":"Feature","properties":{},"geometry":{"type":"Polygon","coordinates":[[[-106.58751,39.43047],[-106.58712,39.43059],[-106.58686,39.43043],[-106.58637,39.43042],[-106.58607,39.42998],[-106.58563,39.42967],[-106.58561,39.43008],[-106.58547,39.43016],[-106.58545,39.43024],[-106.58612,39.43027],[-106.58627,39.43061],[-106.58639,39.43067],[-106.58682,39.43061],[-106.5874,39.4307],[-106.58751,39.43047]]]}},{"type":"Feature","properties":{},"geometry":{"type":"Polygon","coordinates":[[[-106.53999,39.29506],[-106.54086,39.29446],[-106.54037,39.29427],[-106.53977,39.29444],[-106.53935,39.29481],[-106.53939,39.29522],[-106.5398,39.29526],[-106.53989,39.29523],[-106.53999,39.29506]]]}},{"type":"Feature","properties":{},"geometry":{"type":"Polygon","coordinates":[[[-106.5027,39.37018],[-106.50252,39.37029],[-106.5025,39.37039],[-106.50257,39.37043],[-106.50273,39.3703],[-106.50275,39.37021],[-106.5027,39.37018]]]}},{"type":"Feature","properties":{},"geometry":{"type":"Polygon","coordinates":[[[-106.61587,39.37774],[-106.61528,39.37758],[-106.615,39.37771],[-106.615,39.37785],[-106.61531,39.37817],[-106.61567,39.37825],[-106.61587,39.37774]]]}},{"type":"Feature","properties":{},"geometry":{"type":"Polygon","coordinates":[[[-106.65434,39.30074],[-106.65436,39.30065],[-106.6542,39.3007],[-106.65434,39.30074]]]}},{"type":"Feature","properties":{},"geometry":{"type":"Polygon","coordinates":[[[-106.5315,39.41921],[-106.53121,39.41961],[-106.53119,39.41978],[-106.53158,39.41987],[-106.5317,39.41984],[-106.5319,39.41964],[-106.5321,39.42002],[-106.5322,39.41998],[-106.53225,39.4198],[-106.5322,39.41949],[-106.5315,39.41921]]]}},{"type":"Feature","properties":{},"geometry":{"type":"Polygon","coordinates":[[[-106.5129,39.3981],[-106.51293,39.39772],[-106.51286,39.3975],[-106.5123,39.39734],[-106.51225,39.39707],[-106.5123,39.39697],[-106.51257,39.39687],[-106.51239,39.39666],[-106.51231,39.39638],[-106.51253,39.39611],[-106.51291,39.39589],[-106.51297,39.39576],[-106.5127,39.39547],[-106.5126,39.39523],[-106.51189,39.3949],[-106.51123,39.39411],[-106.51115,39.39405],[-106.51108,39.39408],[-106.51098,39.39426],[-106.511,39.39434],[-106.51117,39.3944],[-106.51112,39.39459],[-106.51074,39.39456],[-106.51038,39.39498],[-106.51013,39.3948],[-106.51008,39.39502],[-106.50981,39.3953],[-106.50984,39.39549],[-106.51039,39.39572],[-106.51049,39.39585],[-106.51051,39.39595],[-106.51038,39.39605],[-106.51038,39.39621],[-106.51016,39.39631],[-106.51008,39.39642],[-106.51017,39.39671],[-106.51012,39.39686],[-106.51036,39.39772],[-106.51059,39.39785],[-106.51086,39.39785],[-106.51094,39.39801],[-106.51134,39.39822],[-106.51179,39.39833],[-106.51277,39.39825],[-106.5129,39.39817],[-106.5129,39.3981]]]}},{"type":"Feature","properties":{},"geometry":{"type":"Polygon","coordinates":[[[-106.84516,39.46749],[-106.84525,39.46742],[-106.84514,39.46716],[-106.84468,39.46671],[-106.84386,39.46543],[-106.8433,39.46526],[-106.84239,39.46535],[-106.84232,39.46597],[-106.84245,39.46622],[-106.84269,39.46644],[-106.84353,39.46682],[-106.84437,39.46707],[-106.84516,39.46749]],[[-106.84303,39.4657],[-106.84329,39.46563],[-106.84363,39.46577],[-106.84393,39.46628],[-106.8439,39.46645],[-106.84343,39.46638],[-106.8429,39.4661],[-106.84285,39.46605],[-106.84286,39.46582],[-106.84295,39.46571],[-106.84303,39.4657]]]}},{"type":"Feature","properties":{},"geometry":{"type":"Polygon","coordinates":[[[-106.62753,39.34251],[-106.62698,39.34249],[-106.62691,39.3426],[-106.62694,39.34271],[-106.62707,39.34284],[-106.62773,39.34299],[-106.62822,39.34301],[-106.62821,39.34273],[-106.62814,39.34264],[-106.62753,39.34251]]]}},{"type":"Feature","properties":{},"geometry":{"type":"Polygon","coordinates":[[[-106.5708,39.41533],[-106.57095,39.41526],[-106.57097,39.41518],[-106.57083,39.41499],[-106.57066,39.41491],[-106.57056,39.41512],[-106.5708,39.41533]]]}},{"type":"Feature","properties":{},"geometry":{"type":"Polygon","coordinates":[[[-106.51811,39.25845],[-106.51782,39.25843],[-106.51753,39.25852],[-106.51749,39.25865],[-106.5176,39.25873],[-106.51812,39.25868],[-106.51823,39.25858],[-106.51811,39.25845]]]}},{"type":"Feature","properties":{},"geometry":{"type":"Polygon","coordinates":[[[-106.74152,39.45903],[-106.74159,39.45909],[-106.74175,39.4591],[-106.7417,39.45893],[-106.74152,39.45903]]]}},{"type":"Feature","properties":{},"geometry":{"type":"Polygon","coordinates":[[[-106.57392,39.46643],[-106.57407,39.46648],[-106.57429,39.46637],[-106.57431,39.4663],[-106.57413,39.46625],[-106.57394,39.46636],[-106.57392,39.46643]]]}},{"type":"Feature","properties":{},"geometry":{"type":"Polygon","coordinates":[[[-106.57339,39.46889],[-106.5734,39.4688],[-106.57332,39.46872],[-106.5729,39.46859],[-106.57274,39.46867],[-106.5731,39.46898],[-106.57339,39.46889]]]}},{"type":"Feature","properties":{},"geometry":{"type":"Polygon","coordinates":[[[-106.56799,39.39482],[-106.56776,39.39504],[-106.56782,39.39519],[-106.56816,39.39548],[-106.56888,39.39565],[-106.56948,39.3956],[-106.56955,39.39547],[-106.5697,39.39543],[-106.56951,39.39533],[-106.56954,39.3948],[-106.56928,39.39461],[-106.56876,39.39463],[-106.56799,39.39482]]]}},{"type":"Feature","properties":{},"geometry":{"type":"Polygon","coordinates":[[[-106.60967,39.49061],[-106.60928,39.49056],[-106.60921,39.49052],[-106.6092,39.49037],[-106.60908,39.49042],[-106.60903,39.49061],[-106.60904,39.49069],[-106.60918,39.49074],[-106.60918,39.49088],[-106.60951,39.49082],[-106.60969,39.49072],[-106.60967,39.49061]]]}},{"type":"Feature","properties":{},"geometry":{"type":"Polygon","coordinates":[[[-106.6696,39.4154],[-106.66965,39.41536],[-106.6696,39.41523],[-106.6695,39.41525],[-106.66939,39.41539],[-106.66943,39.41546],[-106.6696,39.4154]]]}},{"type":"Feature","properties":{},"geometry":{"type":"Polygon","coordinates":[[[-106.61799,39.37277],[-106.61814,39.37267],[-106.61816,39.37253],[-106.61797,39.37245],[-106.61789,39.37248],[-106.61781,39.37265],[-106.61787,39.37274],[-106.61799,39.37277]]]}},{"type":"Feature","properties":{},"geometry":{"type":"Polygon","coordinates":[[[-106.7204,39.44793],[-106.7204,39.44802],[-106.72048,39.44808],[-106.72066,39.44804],[-106.72065,39.44798],[-106.7204,39.44793]]]}},{"type":"Feature","properties":{},"geometry":{"type":"Polygon","coordinates":[[[-106.52151,39.49685],[-106.52146,39.49694],[-106.52161,39.49715],[-106.52181,39.49712],[-106.52195,39.49697],[-106.52195,39.4969],[-106.52184,39.4968],[-106.52172,39.49678],[-106.52151,39.49685]]]}},{"type":"Feature","properties":{},"geometry":{"type":"Polygon","coordinates":[[[-106.56577,39.45426],[-106.56568,39.45424],[-106.56559,39.4544],[-106.5657,39.45457],[-106.56585,39.45446],[-106.56577,39.45426]]]}},{"type":"Feature","properties":{},"geometry":{"type":"Polygon","coordinates":[[[-106.86328,39.47124],[-106.86299,39.47112],[-106.86283,39.47118],[-106.86294,39.47149],[-106.86311,39.47157],[-106.86325,39.47153],[-106.86331,39.47134],[-106.86328,39.47124]]]}},{"type":"Feature","properties":{},"geometry":{"type":"Polygon","coordinates":[[[-106.51804,39.34191],[-106.5176,39.34223],[-106.51757,39.34241],[-106.51767,39.34272],[-106.51867,39.3431],[-106.51889,39.34334],[-106.51894,39.34357],[-106.51909,39.34375],[-106.51939,39.3438],[-106.51982,39.34367],[-106.51955,39.34341],[-106.51996,39.3431],[-106.52001,39.34298],[-106.52,39.34251],[-106.5198,39.34232],[-106.51955,39.34223],[-106.5185,39.34217],[-106.51804,39.34191]]]}},{"type":"Feature","properties":{},"geometry":{"type":"Polygon","coordinates":[[[-106.61521,39.46519],[-106.61491,39.46496],[-106.61481,39.46465],[-106.61446,39.4646],[-106.61416,39.46441],[-106.614,39.46437],[-106.61366,39.46446],[-106.61347,39.46458],[-106.61333,39.4648],[-106.61332,39.46488],[-106.61355,39.46518],[-106.61347,39.46524],[-106.61344,39.46536],[-106.61366,39.46547],[-106.61394,39.46548],[-106.61435,39.46525],[-106.61491,39.46525],[-106.61521,39.46519]]]}},{"type":"Feature","properties":{},"geometry":{"type":"Polygon","coordinates":[[[-106.51663,39.40981],[-106.51698,39.40978],[-106.51699,39.40963],[-106.51681,39.40931],[-106.51663,39.40916],[-106.51634,39.4091],[-106.51622,39.40931],[-106.51637,39.40954],[-106.51673,39.40961],[-106.51663,39.40981]]]}},{"type":"Feature","properties":{},"geometry":{"type":"Polygon","coordinates":[[[-106.57939,39.49368],[-106.57965,39.49378],[-106.57971,39.49397],[-106.5798,39.49393],[-106.57998,39.49354],[-106.58003,39.49313],[-106.57968,39.49324],[-106.5795,39.49307],[-106.57944,39.49311],[-106.57932,39.49341],[-106.57939,39.49368]]]}},{"type":"Feature","properties":{},"geometry":{"type":"Polygon","coordinates":[[[-106.64847,39.42445],[-106.64881,39.42458],[-106.64893,39.42455],[-106.64896,39.42447],[-106.64886,39.42428],[-106.64854,39.42416],[-106.6484,39.42428],[-106.64839,39.42439],[-106.64847,39.42445]]]}},{"type":"Feature","properties":{},"geometry":{"type":"Polygon","coordinates":[[[-106.66891,39.41498],[-106.66897,39.41487],[-106.66882,39.41487],[-106.66873,39.41502],[-106.66891,39.41498]]]}},{"type":"Feature","properties":{},"geometry":{"type":"Polygon","coordinates":[[[-106.53115,39.39733],[-106.53138,39.39722],[-106.53141,39.39707],[-106.53123,39.39703],[-106.5309,39.39726],[-106.53062,39.39729],[-106.53045,39.39757],[-106.53021,39.39751],[-106.52998,39.3976],[-106.52988,39.3975],[-106.52972,39.39708],[-106.52948,39.39699],[-106.52929,39.39711],[-106.52941,39.39791],[-106.52959,39.39803],[-106.53008,39.39796],[-106.53033,39.39814],[-106.53044,39.3981],[-106.53068,39.39762],[-106.53115,39.39733]]]}},{"type":"Feature","properties":{},"geometry":{"type":"Polygon","coordinates":[[[-106.50589,39.32491],[-106.50605,39.32452],[-106.50591,39.32443],[-106.50589,39.32434],[-106.50595,39.32419],[-106.50628,39.32431],[-106.50636,39.32423],[-106.50622,39.32379],[-106.50613,39.32375],[-106.50618,39.32357],[-106.50652,39.32337],[-106.50666,39.32315],[-106.50666,39.32305],[-106.50621,39.32317],[-106.50553,39.32371],[-106.50554,39.32435],[-106.50589,39.32491]]]}},{"type":"Feature","properties":{},"geometry":{"type":"Polygon","coordinates":[[[-106.53189,39.29098],[-106.53185,39.29092],[-106.53171,39.29092],[-106.53173,39.29098],[-106.53189,39.29098]]]}},{"type":"Feature","properties":{},"geometry":{"type":"Polygon","coordinates":[[[-106.79238,39.30241],[-106.79224,39.30238],[-106.79213,39.30245],[-106.79235,39.30249],[-106.79238,39.30241]]]}},{"type":"Feature","properties":{},"geometry":{"type":"Polygon","coordinates":[[[-106.6256,39.42565],[-106.62521,39.42564],[-106.62426,39.42585],[-106.62395,39.42612],[-106.62342,39.42713],[-106.62257,39.42764],[-106.62208,39.42813],[-106.62163,39.42821],[-106.62159,39.42836],[-106.62164,39.42865],[-106.62117,39.429],[-106.62077,39.42959],[-106.6195,39.43003],[-106.61931,39.43042],[-106.61891,39.43058],[-106.61892,39.43065],[-106.61928,39.43081],[-106.6195,39.431],[-106.61974,39.43164],[-106.61979,39.43205],[-106.61985,39.43213],[-106.62013,39.43222],[-106.62038,39.43217],[-106.62101,39.43191],[-106.62152,39.43152],[-106.62171,39.4312],[-106.62173,39.43088],[-106.62158,39.43068],[-106.62132,39.43051],[-106.62131,39.43042],[-106.62189,39.42989],[-106.622,39.4291],[-106.62247,39.42938],[-106.62277,39.42941],[-106.62321,39.42928],[-106.6234,39.42911],[-106.62415,39.42872],[-106.62457,39.42786],[-106.62432,39.42768],[-106.62435,39.42743],[-106.62408,39.42718],[-106.62411,39.42705],[-106.62427,39.42698],[-106.62452,39.42701],[-106.62493,39.42735],[-106.6253,39.42701],[-106.62574,39.42683],[-106.62576,39.42572],[-106.6256,39.42565]]]}},{"type":"Feature","properties":{},"geometry":{"type":"Polygon","coordinates":[[[-106.58211,39.48516],[-106.58254,39.48481],[-106.58257,39.48471],[-106.58246,39.48442],[-106.58205,39.48499],[-106.58203,39.48508],[-106.58211,39.48516]]]}},{"type":"Feature","properties":{},"geometry":{"type":"Polygon","coordinates":[[[-106.57605,39.47511],[-106.57626,39.47546],[-106.57633,39.47551],[-106.57644,39.47546],[-106.57648,39.47531],[-106.57633,39.47514],[-106.57618,39.47507],[-106.57605,39.47511]]]}},{"type":"Feature","properties":{},"geometry":{"type":"Polygon","coordinates":[[[-106.55594,39.43105],[-106.55587,39.43088],[-106.55568,39.43084],[-106.55569,39.43117],[-106.55574,39.43122],[-106.55594,39.43119],[-106.55594,39.43105]]]}},{"type":"Feature","properties":{},"geometry":{"type":"Polygon","coordinates":[[[-106.80069,39.43099],[-106.80015,39.43082],[-106.8,39.43093],[-106.79991,39.43113],[-106.79969,39.43126],[-106.79966,39.4314],[-106.8001,39.43176],[-106.80069,39.43126],[-106.80078,39.43112],[-106.80069,39.43099]]]}},{"type":"Feature","properties":{},"geometry":{"type":"Polygon","coordinates":[[[-106.60312,39.43357],[-106.60323,39.43311],[-106.60272,39.43286],[-106.60232,39.43244],[-106.6019,39.43236],[-106.60159,39.43208],[-106.60101,39.4321],[-106.60042,39.43185],[-106.59955,39.43177],[-106.59927,39.43163],[-106.59894,39.43166],[-106.59851,39.43186],[-106.59818,39.43228],[-106.59793,39.43294],[-106.59796,39.43311],[-106.5981,39.4332],[-106.59863,39.43308],[-106.59949,39.43311],[-106.59985,39.43295],[-106.60067,39.43287],[-106.60073,39.43291],[-106.60075,39.43304],[-106.60044,39.43344],[-106.60046,39.4336],[-106.60137,39.43375],[-106.60201,39.43378],[-106.60312,39.43357]]]}},{"type":"Feature","properties":{},"geometry":{"type":"Polygon","coordinates":[[[-106.53118,39.29106],[-106.5313,39.29098],[-106.5312,39.29093],[-106.53107,39.291],[-106.53118,39.29106]]]}},{"type":"Feature","properties":{},"geometry":{"type":"Polygon","coordinates":[[[-106.61597,39.49196],[-106.61565,39.4921],[-106.61541,39.49247],[-106.61546,39.49259],[-106.61593,39.49258],[-106.61665,39.49224],[-106.61661,39.4921],[-106.61648,39.49204],[-106.61597,39.49196]]]}},{"type":"Feature","properties":{},"geometry":{"type":"Polygon","coordinates":[[[-106.52581,39.41091],[-106.52579,39.4111],[-106.52591,39.4112],[-106.52603,39.4112],[-106.52604,39.411],[-106.52593,39.4109],[-106.52581,39.41091]]]}},{"type":"Feature","properties":{},"geometry":{"type":"Polygon","coordinates":[[[-106.65441,39.42695],[-106.65455,39.42696],[-106.65488,39.42718],[-106.65511,39.42715],[-106.65528,39.42748],[-106.65541,39.42754],[-106.65544,39.42749],[-106.65548,39.42729],[-106.65545,39.4271],[-106.65491,39.42644],[-106.6545,39.4258],[-106.65425,39.4252],[-106.65425,39.42489],[-106.6544,39.42437],[-106.65469,39.42384],[-106.65514,39.42339],[-106.655,39.42255],[-106.65279,39.42282],[-106.65138,39.42339],[-106.65131,39.42349],[-106.65138,39.42362],[-106.65237,39.42395],[-106.65259,39.42413],[-106.65274,39.42558],[-106.65322,39.42626],[-106.6538,39.42644],[-106.65415,39.42684],[-106.65441,39.42695]]]}},{"type":"Feature","properties":{},"geometry":{"type":"Polygon","coordinates":[[[-106.63029,39.30815],[-106.63045,39.30824],[-106.63073,39.30809],[-106.6307,39.30803],[-106.63054,39.30802],[-106.63036,39.30784],[-106.63017,39.30795],[-106.63006,39.3079],[-106.62988,39.30799],[-106.62992,39.30809],[-106.63029,39.30815]]]}},{"type":"Feature","properties":{},"geometry":{"type":"Polygon","coordinates":[[[-106.58222,39.42772],[-106.58217,39.42765],[-106.58195,39.42763],[-106.58155,39.42781],[-106.58127,39.42782],[-106.58097,39.42741],[-106.58065,39.42738],[-106.5802,39.42766],[-106.58,39.42793],[-106.58072,39.42756],[-106.58088,39.42758],[-106.58105,39.42784],[-106.58123,39.42796],[-106.58141,39.42796],[-106.58222,39.42772]]]}},{"type":"Feature","properties":{},"geometry":{"type":"Polygon","coordinates":[[[-106.5507,39.40808],[-106.5507,39.40791],[-106.55045,39.40785],[-106.55047,39.408],[-106.5507,39.40808]]]}},{"type":"Feature","properties":{},"geometry":{"type":"Polygon","coordinates":[[[-106.51556,39.27001],[-106.51532,39.26996],[-106.51523,39.27009],[-106.51533,39.27016],[-106.51556,39.27001]]]}},{"type":"Feature","properties":{},"geometry":{"type":"Polygon","coordinates":[[[-106.82693,39.48621],[-106.82693,39.48648],[-106.82666,39.48674],[-106.82669,39.4869],[-106.82829,39.48679],[-106.82825,39.48672],[-106.82832,39.48648],[-106.82826,39.4861],[-106.82758,39.48634],[-106.82708,39.48616],[-106.82693,39.48621]]]}},{"type":"Feature","properties":{},"geometry":{"type":"Polygon","coordinates":[[[-106.53603,39.44136],[-106.53551,39.44165],[-106.53531,39.44189],[-106.53531,39.44204],[-106.53538,39.44212],[-106.53569,39.44211],[-106.53574,39.44182],[-106.53602,39.44174],[-106.53612,39.44138],[-106.53603,39.44136]]]}},{"type":"Feature","properties":{},"geometry":{"type":"Polygon","coordinates":[[[-106.56184,39.43461],[-106.56172,39.43472],[-106.5617,39.43486],[-106.56191,39.43493],[-106.56215,39.4349],[-106.56264,39.43448],[-106.56332,39.43444],[-106.56375,39.43413],[-106.56418,39.43414],[-106.5643,39.43399],[-106.5643,39.43386],[-106.56422,39.43373],[-106.56411,39.43369],[-106.56362,39.43366],[-106.563,39.4334],[-106.56277,39.4334],[-106.56271,39.43343],[-106.56262,39.43397],[-106.56246,39.43418],[-106.56184,39.43461]]]}},{"type":"Feature","properties":{},"geometry":{"type":"Polygon","coordinates":[[[-106.55257,39.41028],[-106.55261,39.41008],[-106.55235,39.40968],[-106.55223,39.40895],[-106.5521,39.40871],[-106.55189,39.40859],[-106.55136,39.40866],[-106.55079,39.40851],[-106.5507,39.40887],[-106.5504,39.40916],[-106.5504,39.40938],[-106.5505,39.40956],[-106.55102,39.4099],[-106.55171,39.41023],[-106.55233,39.41031],[-106.55257,39.41028]]]}},{"type":"Feature","properties":{},"geometry":{"type":"Polygon","coordinates":[[[-106.59921,39.46018],[-106.599,39.46017],[-106.59894,39.46028],[-106.59897,39.46038],[-106.59905,39.46044],[-106.59922,39.46041],[-106.5993,39.46028],[-106.59921,39.46018]]]}},{"type":"Feature","properties":{},"geometry":{"type":"Polygon","coordinates":[[[-106.56543,39.4749],[-106.5653,39.47499],[-106.56527,39.47522],[-106.56576,39.47497],[-106.56566,39.47484],[-106.56543,39.4749]]]}},{"type":"Feature","properties":{},"geometry":{"type":"Polygon","coordinates":[[[-106.56672,39.4734],[-106.56666,39.47335],[-106.56655,39.47343],[-106.56652,39.47371],[-106.56675,39.47359],[-106.56678,39.47347],[-106.56672,39.4734]]]}},{"type":"Feature","properties":{},"geometry":{"type":"Polygon","coordinates":[[[-106.50756,39.37415],[-106.50726,39.37409],[-106.50699,39.3739],[-106.50683,39.3739],[-106.5065,39.37396],[-106.50607,39.37432],[-106.50616,39.37443],[-106.50704,39.3745],[-106.50755,39.37429],[-106.50756,39.37415]]]}},{"type":"Feature","properties":{},"geometry":{"type":"Polygon","coordinates":[[[-106.59346,39.43206],[-106.59316,39.43241],[-106.59323,39.43248],[-106.5936,39.4326],[-106.59414,39.4325],[-106.59459,39.43249],[-106.59514,39.4327],[-106.59518,39.43248],[-106.59507,39.43233],[-106.59471,39.43214],[-106.59466,39.43198],[-106.59487,39.43199],[-106.59525,39.43215],[-106.59542,39.43236],[-106.5956,39.43231],[-106.59569,39.43206],[-106.59561,39.43177],[-106.59495,39.4318],[-106.59466,39.43195],[-106.59426,39.43185],[-106.59394,39.43192],[-106.59387,39.43175],[-106.59342,39.43165],[-106.59321,39.43177],[-106.59322,39.43193],[-106.59346,39.43206]]]}},{"type":"Feature","properties":{},"geometry":{"type":"Polygon","coordinates":[[[-106.67332,39.43605],[-106.67314,39.43606],[-106.67306,39.43614],[-106.6734,39.43618],[-106.67344,39.43613],[-106.67332,39.43605]]]}},{"type":"Feature","properties":{},"geometry":{"type":"Polygon","coordinates":[[[-106.64193,39.434],[-106.64189,39.43394],[-106.64177,39.43396],[-106.64176,39.43407],[-106.64196,39.43418],[-106.642,39.43409],[-106.64193,39.434]]]}},{"type":"Feature","properties":{},"geometry":{"type":"Polygon","coordinates":[[[-106.6403,39.42103],[-106.64017,39.42088],[-106.64002,39.42088],[-106.63999,39.42095],[-106.64009,39.42118],[-106.64031,39.42137],[-106.64038,39.42123],[-106.6403,39.42103]]]}},{"type":"Feature","properties":{},"geometry":{"type":"Polygon","coordinates":[[[-106.53147,39.29132],[-106.53134,39.29136],[-106.53135,39.29146],[-106.53184,39.2915],[-106.53177,39.2914],[-106.53147,39.29132]]]}},{"type":"Feature","properties":{},"geometry":{"type":"Polygon","coordinates":[[[-106.57315,39.49071],[-106.57299,39.49055],[-106.57274,39.49061],[-106.5724,39.49112],[-106.57239,39.49126],[-106.57272,39.4909],[-106.57299,39.49084],[-106.57315,39.49071]]]}},{"type":"Feature","properties":{},"geometry":{"type":"Polygon","coordinates":[[[-106.53359,39.4245],[-106.53378,39.42435],[-106.53375,39.42427],[-106.5333,39.42421],[-106.53338,39.42445],[-106.53359,39.4245]]]}},{"type":"Feature","properties":{},"geometry":{"type":"Polygon","coordinates":[[[-106.6059,39.49919],[-106.6061,39.49908],[-106.60608,39.49892],[-106.60599,39.4989],[-106.60582,39.49901],[-106.60579,39.49908],[-106.6059,39.49919]]]}},{"type":"Feature","properties":{},"geometry":{"type":"Polygon","coordinates":[[[-106.57113,39.39249],[-106.57119,39.39233],[-106.57107,39.39226],[-106.57042,39.39241],[-106.57048,39.39256],[-106.57069,39.39263],[-106.57099,39.39259],[-106.57113,39.39249]]]}},{"type":"Feature","properties":{},"geometry":{"type":"Polygon","coordinates":[[[-106.60582,39.33388],[-106.6055,39.33418],[-106.60523,39.33464],[-106.60505,39.33483],[-106.60523,39.33509],[-106.60605,39.33503],[-106.60695,39.33527],[-106.60789,39.33534],[-106.6082,39.33525],[-106.6091,39.33464],[-106.60907,39.33421],[-106.60891,39.33415],[-106.60867,39.33386],[-106.60844,39.33371],[-106.60767,39.33382],[-106.60734,39.33375],[-106.60689,39.33394],[-106.60658,39.33392],[-106.6064,39.33374],[-106.60626,39.33373],[-106.60582,39.33388]]]}},{"type":"Feature","properties":{},"geometry":{"type":"Polygon","coordinates":[[[-106.52387,39.32916],[-106.52377,39.32921],[-106.52378,39.32936],[-106.52398,39.32954],[-106.52418,39.32957],[-106.52419,39.32938],[-106.52401,39.32919],[-106.52387,39.32916]]]}},{"type":"Feature","properties":{},"geometry":{"type":"Polygon","coordinates":[[[-106.5018,39.48418],[-106.5018,39.48443],[-106.50197,39.48447],[-106.50208,39.48437],[-106.50205,39.48421],[-106.50195,39.48415],[-106.5018,39.48418]]]}},{"type":"Feature","properties":{},"geometry":{"type":"Polygon","coordinates":[[[-106.52769,39.45126],[-106.52777,39.4511],[-106.52757,39.45089],[-106.52723,39.45068],[-106.52716,39.45072],[-106.52713,39.45087],[-106.52723,39.45092],[-106.52727,39.45108],[-106.52752,39.45127],[-106.52769,39.45126]]]}},{"type":"Feature","properties":{},"geometry":{"type":"Polygon","coordinates":[[[-106.87493,39.4923],[-106.87511,39.49238],[-106.87518,39.49233],[-106.87511,39.492],[-106.8749,39.49206],[-106.87484,39.49219],[-106.87493,39.4923]]]}},{"type":"Feature","properties":{},"geometry":{"type":"Polygon","coordinates":[[[-106.86497,39.47039],[-106.86483,39.47049],[-106.86495,39.4706],[-106.86514,39.4706],[-106.86512,39.47045],[-106.86497,39.47039]]]}},{"type":"Feature","properties":{},"geometry":{"type":"Polygon","coordinates":[[[-106.55919,39.34076],[-106.55936,39.34105],[-106.55967,39.3412],[-106.55996,39.34117],[-106.56014,39.34103],[-106.56022,39.34085],[-106.55919,39.34076]]]}},{"type":"Feature","properties":{},"geometry":{"type":"Polygon","coordinates":[[[-106.60065,39.4716],[-106.60065,39.47183],[-106.60084,39.4719],[-106.60099,39.47189],[-106.60117,39.47178],[-106.6013,39.47159],[-106.60136,39.47094],[-106.60101,39.47043],[-106.60092,39.47014],[-106.60005,39.47035],[-106.60044,39.47089],[-106.60065,39.4716]]]}},{"type":"Feature","properties":{},"geometry":{"type":"Polygon","coordinates":[[[-106.56508,39.43514],[-106.56539,39.43526],[-106.56585,39.4357],[-106.56593,39.43517],[-106.56603,39.43504],[-106.56628,39.43498],[-106.56684,39.43512],[-106.56712,39.43489],[-106.56778,39.43495],[-106.56787,39.43488],[-106.56779,39.43475],[-106.56732,39.43452],[-106.56708,39.43451],[-106.56664,39.43469],[-106.56642,39.43469],[-106.56591,39.43434],[-106.56527,39.43469],[-106.56455,39.43471],[-106.56436,39.43483],[-106.56431,39.43516],[-106.56441,39.43533],[-106.56471,39.43516],[-106.56508,39.43514]]]}},{"type":"Feature","properties":{},"geometry":{"type":"Polygon","coordinates":[[[-106.51488,39.39078],[-106.51479,39.39105],[-106.51441,39.39128],[-106.51428,39.3914],[-106.51424,39.39156],[-106.5143,39.39173],[-106.51455,39.39193],[-106.51476,39.39234],[-106.51519,39.39256],[-106.51541,39.3926],[-106.51587,39.39254],[-106.51619,39.39234],[-106.5163,39.39222],[-106.51631,39.39209],[-106.51613,39.39181],[-106.51551,39.39113],[-106.51507,39.39102],[-106.51512,39.39072],[-106.51488,39.39078]]]}},{"type":"Feature","properties":{},"geometry":{"type":"Polygon","coordinates":[[[-106.63094,39.47422],[-106.63088,39.47437],[-106.63074,39.47443],[-106.63076,39.4745],[-106.63122,39.47474],[-106.63147,39.47472],[-106.63151,39.47463],[-106.63145,39.47441],[-106.63109,39.47415],[-106.63094,39.47422]]]}},{"type":"Feature","properties":{},"geometry":{"type":"Polygon","coordinates":[[[-106.64112,39.43579],[-106.64149,39.43572],[-106.64154,39.43561],[-106.64118,39.43517],[-106.64108,39.43512],[-106.6409,39.43518],[-106.6407,39.43549],[-106.64085,39.43567],[-106.64112,39.43579]]]}},{"type":"Feature","properties":{},"geometry":{"type":"Polygon","coordinates":[[[-106.55433,39.41182],[-106.55471,39.4114],[-106.55474,39.41134],[-106.55469,39.41127],[-106.55436,39.41109],[-106.55402,39.41078],[-106.55365,39.41063],[-106.55331,39.41034],[-106.55321,39.41031],[-106.55335,39.41063],[-106.55318,39.41068],[-106.55317,39.41101],[-106.55323,39.41111],[-106.55361,39.4113],[-106.55421,39.41182],[-106.55433,39.41182]]]}},{"type":"Feature","properties":{},"geometry":{"type":"Polygon","coordinates":[[[-106.60982,39.39225],[-106.61001,39.39223],[-106.61004,39.39218],[-106.61008,39.39201],[-106.61,39.3919],[-106.60987,39.39189],[-106.60976,39.39198],[-106.60982,39.39225]]]}},{"type":"Feature","properties":{},"geometry":{"type":"Polygon","coordinates":[[[-106.51651,39.26952],[-106.51664,39.26944],[-106.51657,39.26933],[-106.51634,39.26943],[-106.51651,39.26952]]]}},{"type":"Feature","properties":{},"geometry":{"type":"Polygon","coordinates":[[[-106.54159,39.43808],[-106.54172,39.43826],[-106.54194,39.43819],[-106.54194,39.43806],[-106.54172,39.43796],[-106.54159,39.43808]]]}},{"type":"Feature","properties":{},"geometry":{"type":"Polygon","coordinates":[[[-106.52676,39.41268],[-106.52681,39.41262],[-106.52677,39.41243],[-106.5266,39.41213],[-106.52654,39.41214],[-106.52635,39.41249],[-106.52611,39.41267],[-106.52611,39.41297],[-106.52623,39.41301],[-106.52648,39.41279],[-106.52676,39.41268]]]}},{"type":"Feature","properties":{},"geometry":{"type":"Polygon","coordinates":[[[-106.80301,39.46834],[-106.80317,39.46831],[-106.80307,39.46816],[-106.80277,39.46807],[-106.80269,39.46814],[-106.80275,39.46831],[-106.80301,39.46834]]]}},{"type":"Feature","properties":{},"geometry":{"type":"Polygon","coordinates":[[[-106.55293,39.43131],[-106.55281,39.43139],[-106.55281,39.4315],[-106.55292,39.43153],[-106.55314,39.43144],[-106.55314,39.43133],[-106.55293,39.43131]]]}},{"type":"Feature","properties":{},"geometry":{"type":"Polygon","coordinates":[[[-106.83381,39.43601],[-106.83403,39.43628],[-106.8342,39.43635],[-106.83438,39.43636],[-106.83455,39.43629],[-106.83441,39.43595],[-106.83425,39.43578],[-106.83385,39.43573],[-106.83378,39.43584],[-106.83381,39.43601]]]}},{"type":"Feature","properties":{},"geometry":{"type":"Polygon","coordinates":[[[-106.64375,39.43333],[-106.6439,39.43332],[-106.64389,39.43323],[-106.64376,39.43319],[-106.64375,39.43333]]]}},{"type":"Feature","properties":{},"geometry":{"type":"Polygon","coordinates":[[[-106.64713,39.42568],[-106.64678,39.42551],[-106.64666,39.42556],[-106.64666,39.42645],[-106.64681,39.42648],[-106.64699,39.42632],[-106.64768,39.42609],[-106.64767,39.42598],[-106.64752,39.42585],[-106.64713,39.42568]]]}},{"type":"Feature","properties":{},"geometry":{"type":"Polygon","coordinates":[[[-106.64794,39.42497],[-106.64805,39.4252],[-106.64818,39.42527],[-106.64858,39.42519],[-106.64855,39.42508],[-106.648,39.42455],[-106.64752,39.42456],[-106.64736,39.42464],[-106.64742,39.42475],[-106.64794,39.42497]]]}},{"type":"Feature","properties":{},"geometry":{"type":"Polygon","coordinates":[[[-106.54386,39.37214],[-106.54374,39.37206],[-106.54323,39.37201],[-106.54285,39.37178],[-106.54294,39.37162],[-106.5429,39.37153],[-106.54249,39.37141],[-106.54162,39.3718],[-106.54147,39.37197],[-106.54173,39.3729],[-106.54206,39.37329],[-106.54225,39.37335],[-106.54323,39.37293],[-106.54358,39.37248],[-106.54388,39.37236],[-106.54386,39.37214]]]}},{"type":"Feature","properties":{},"geometry":{"type":"Polygon","coordinates":[[[-106.85753,39.29216],[-106.85777,39.29214],[-106.85777,39.29202],[-106.85759,39.29204],[-106.85751,39.29209],[-106.85753,39.29216]]]}},{"type":"Feature","properties":{},"geometry":{"type":"Polygon","coordinates":[[[-106.65778,39.49195],[-106.65805,39.49209],[-106.65865,39.49206],[-106.65872,39.49198],[-106.65858,39.49186],[-106.65819,39.49179],[-106.65778,39.49154],[-106.6577,39.49167],[-106.65778,39.49195]]]}},{"type":"Feature","properties":{},"geometry":{"type":"Polygon","coordinates":[[[-106.58367,39.4873],[-106.58355,39.48743],[-106.58343,39.488],[-106.58348,39.48807],[-106.58374,39.48804],[-106.58383,39.4879],[-106.58371,39.48765],[-106.58367,39.4873]]]}},{"type":"Feature","properties":{},"geometry":{"type":"Polygon","coordinates":[[[-106.57679,39.47679],[-106.5769,39.47691],[-106.5772,39.477],[-106.5776,39.47695],[-106.57792,39.47677],[-106.57819,39.47652],[-106.57794,39.47647],[-106.57794,39.47636],[-106.57821,39.47619],[-106.57821,39.47594],[-106.57849,39.47561],[-106.57855,39.47501],[-106.57849,39.4749],[-106.57804,39.47459],[-106.57811,39.47418],[-106.57809,39.47402],[-106.57792,39.47389],[-106.5778,39.47348],[-106.57763,39.47342],[-106.57694,39.47336],[-106.57675,39.47361],[-106.57677,39.47378],[-106.57709,39.47404],[-106.57714,39.47431],[-106.57709,39.47452],[-106.57726,39.47496],[-106.5777,39.47528],[-106.57771,39.47542],[-106.57743,39.47616],[-106.57724,39.47629],[-106.57706,39.47657],[-106.57679,39.47679]]]}},{"type":"Feature","properties":{},"geometry":{"type":"Polygon","coordinates":[[[-106.53601,39.44372],[-106.53599,39.44417],[-106.53604,39.44425],[-106.5364,39.4441],[-106.53678,39.44414],[-106.53686,39.44384],[-106.53732,39.44342],[-106.53632,39.44345],[-106.53617,39.44352],[-106.53601,39.44372]]]}},{"type":"Feature","properties":{},"geometry":{"type":"Polygon","coordinates":[[[-106.50195,39.37063],[-106.50205,39.37061],[-106.50215,39.37038],[-106.5019,39.37035],[-106.50166,39.37047],[-106.50171,39.37057],[-106.50195,39.37063]]]}},{"type":"Feature","properties":{},"geometry":{"type":"Polygon","coordinates":[[[-106.76029,39.45569],[-106.76028,39.45577],[-106.76062,39.45571],[-106.76058,39.45558],[-106.76045,39.45549],[-106.76035,39.45554],[-106.76029,39.45569]]]}},{"type":"Feature","properties":{},"geometry":{"type":"Polygon","coordinates":[[[-106.64671,39.31525],[-106.64676,39.31491],[-106.64644,39.31426],[-106.64638,39.31274],[-106.64604,39.31198],[-106.64601,39.31161],[-106.64543,39.31152],[-106.64453,39.31182],[-106.64425,39.3124],[-106.64423,39.31296],[-106.64385,39.31341],[-106.64354,39.31442],[-106.64361,39.31489],[-106.64379,39.3153],[-106.64381,39.31571],[-106.64467,39.3162],[-106.64598,39.31709],[-106.64715,39.31726],[-106.64778,39.31725],[-106.64755,39.31641],[-106.64744,39.31555],[-106.64686,39.31498],[-106.64671,39.31525]]]}},{"type":"Feature","properties":{},"geometry":{"type":"Polygon","coordinates":[[[-106.51543,39.49643],[-106.51574,39.49638],[-106.51584,39.49649],[-106.51585,39.49662],[-106.51595,39.49669],[-106.51613,39.49666],[-106.51645,39.49624],[-106.51649,39.49614],[-106.51644,39.49599],[-106.51616,39.49569],[-106.5157,39.49551],[-106.51544,39.49547],[-106.51532,39.4954],[-106.51527,39.49528],[-106.51509,39.4952],[-106.51465,39.49515],[-106.51445,39.49557],[-106.51478,39.496],[-106.51509,39.49626],[-106.51511,39.49642],[-106.5152,39.49649],[-106.51543,39.49643]],[[-106.51575,39.49618],[-106.51553,39.49603],[-106.51547,39.49586],[-106.51557,39.49576],[-106.51569,39.49573],[-106.51587,39.49579],[-106.51624,39.49608],[-106.51618,39.49615],[-106.51597,39.4962],[-106.51575,39.49618]]]}},{"type":"Feature","properties":{},"geometry":{"type":"Polygon","coordinates":[[[-106.51375,39.40943],[-106.51397,39.40943],[-106.51403,39.40919],[-106.51433,39.4092],[-106.5146,39.40881],[-106.5143,39.40881],[-106.51411,39.40893],[-106.51373,39.40893],[-106.5138,39.40912],[-106.51364,39.40935],[-106.51375,39.40943]]]}},{"type":"Feature","properties":{},"geometry":{"type":"Polygon","coordinates":[[[-106.84913,39.48007],[-106.84936,39.48006],[-106.84949,39.47994],[-106.84925,39.4798],[-106.84911,39.4798],[-106.84894,39.47991],[-106.84892,39.47999],[-106.84913,39.48007]]]}},{"type":"Feature","properties":{},"geometry":{"type":"Polygon","coordinates":[[[-106.56715,39.42245],[-106.5674,39.42253],[-106.56816,39.42233],[-106.56834,39.42255],[-106.56841,39.42255],[-106.56849,39.42242],[-106.56844,39.42225],[-106.56819,39.42219],[-106.56715,39.42245]]]}},{"type":"Feature","properties":{},"geometry":{"type":"Polygon","coordinates":[[[-106.56866,39.4435],[-106.56845,39.44353],[-106.56818,39.4438],[-106.56786,39.44368],[-106.56774,39.44374],[-106.56774,39.44421],[-106.56765,39.44459],[-106.56778,39.44484],[-106.56833,39.44495],[-106.56854,39.44481],[-106.56871,39.44424],[-106.56883,39.44408],[-106.5688,39.44371],[-106.56866,39.4435]]]}},{"type":"Feature","properties":{},"geometry":{"type":"Polygon","coordinates":[[[-106.57788,39.49486],[-106.57815,39.4949],[-106.5784,39.49481],[-106.57874,39.49425],[-106.57851,39.49431],[-106.57842,39.49421],[-106.57831,39.49422],[-106.57801,39.49475],[-106.57788,39.49486]]]}},{"type":"Feature","properties":{},"geometry":{"type":"Polygon","coordinates":[[[-106.8601,39.49463],[-106.86016,39.49455],[-106.86013,39.49445],[-106.85991,39.49439],[-106.85996,39.49457],[-106.8601,39.49463]]]}},{"type":"Feature","properties":{},"geometry":{"type":"Polygon","coordinates":[[[-106.79887,39.48678],[-106.79886,39.48667],[-106.79872,39.48665],[-106.79859,39.48673],[-106.79855,39.48683],[-106.79867,39.4869],[-106.79887,39.48678]]]}},{"type":"Feature","properties":{},"geometry":{"type":"Polygon","coordinates":[[[-106.50786,39.27078],[-106.50839,39.2705],[-106.50847,39.27027],[-106.50826,39.26987],[-106.50806,39.26963],[-106.5078,39.26974],[-106.50735,39.26971],[-106.50685,39.26985],[-106.50679,39.26994],[-106.50688,39.2701],[-106.50727,39.27022],[-106.50763,39.27045],[-106.50786,39.27078]]]}},{"type":"Feature","properties":{},"geometry":{"type":"Polygon","coordinates":[[[-106.5625,39.31884],[-106.56232,39.31891],[-106.56227,39.31905],[-106.56257,39.31929],[-106.56317,39.31916],[-106.56322,39.31901],[-106.56314,39.31884],[-106.5629,39.31874],[-106.5625,39.31884]]]}},{"type":"Feature","properties":{},"geometry":{"type":"Polygon","coordinates":[[[-106.61841,39.46835],[-106.61842,39.46828],[-106.61817,39.46806],[-106.61812,39.46791],[-106.61827,39.46768],[-106.61823,39.46755],[-106.61803,39.46746],[-106.61771,39.46744],[-106.61757,39.46759],[-106.6176,39.46781],[-106.61768,39.46823],[-106.61785,39.46847],[-106.61802,39.46854],[-106.61831,39.46849],[-106.61841,39.46835]]]}},{"type":"Feature","properties":{},"geometry":{"type":"Polygon","coordinates":[[[-106.50135,39.48566],[-106.50109,39.48554],[-106.50087,39.4857],[-106.50085,39.48577],[-106.50125,39.48576],[-106.50135,39.48566]]]}},{"type":"Feature","properties":{},"geometry":{"type":"Polygon","coordinates":[[[-106.62163,39.46177],[-106.62154,39.46181],[-106.62152,39.46192],[-106.62204,39.46209],[-106.62239,39.46205],[-106.62257,39.46191],[-106.62251,39.46172],[-106.62235,39.46156],[-106.62213,39.46157],[-106.62163,39.46177]]]}},{"type":"Feature","properties":{},"geometry":{"type":"Polygon","coordinates":[[[-106.65206,39.32294],[-106.6521,39.32328],[-106.65233,39.32368],[-106.6527,39.32352],[-106.65223,39.323],[-106.65206,39.32294]]]}},{"type":"Feature","properties":{},"geometry":{"type":"Polygon","coordinates":[[[-106.524,39.3087],[-106.52392,39.3086],[-106.52382,39.30857],[-106.52361,39.30865],[-106.52373,39.30876],[-106.52397,39.30877],[-106.524,39.3087]]]}},{"type":"Feature","properties":{},"geometry":{"type":"Polygon","coordinates":[[[-106.54095,39.29508],[-106.54118,39.29507],[-106.54137,39.29492],[-106.54134,39.29479],[-106.54122,39.29473],[-106.54092,39.29485],[-106.54086,39.2949],[-106.54095,39.29508]]]}},{"type":"Feature","properties":{},"geometry":{"type":"Polygon","coordinates":[[[-106.75852,39.4168],[-106.7584,39.41679],[-106.75841,39.41697],[-106.75861,39.41706],[-106.75876,39.41703],[-106.75864,39.41683],[-106.75852,39.4168]]]}},{"type":"Feature","properties":{},"geometry":{"type":"Polygon","coordinates":[[[-106.57899,39.35464],[-106.5794,39.35476],[-106.57995,39.35471],[-106.58031,39.35431],[-106.58021,39.35413],[-106.57986,39.35409],[-106.57947,39.3542],[-106.57899,39.35464]]]}},{"type":"Feature","properties":{},"geometry":{"type":"Polygon","coordinates":[[[-106.5101,39.25769],[-106.50876,39.25787],[-106.50901,39.25824],[-106.50979,39.25865],[-106.51051,39.25848],[-106.5101,39.25769]]]}},{"type":"Feature","properties":{},"geometry":{"type":"Polygon","coordinates":[[[-106.66707,39.4987],[-106.66709,39.49895],[-106.66724,39.49902],[-106.66785,39.49898],[-106.66776,39.49887],[-106.66792,39.49873],[-106.66778,39.49852],[-106.66797,39.49849],[-106.66881,39.49896],[-106.66904,39.49899],[-106.66926,39.49889],[-106.66934,39.49855],[-106.66902,39.49767],[-106.66846,39.49737],[-106.66627,39.49669],[-106.66573,39.49672],[-106.66557,39.49684],[-106.66553,39.49709],[-106.6654,39.49733],[-106.66583,39.49802],[-106.66607,39.49824],[-106.66695,39.49855],[-106.66707,39.4987]]]}},{"type":"Feature","properties":{},"geometry":{"type":"Polygon","coordinates":[[[-106.55608,39.43129],[-106.55597,39.43136],[-106.5559,39.43151],[-106.55592,39.43169],[-106.55602,39.43179],[-106.55631,39.43179],[-106.55658,39.43198],[-106.55697,39.43183],[-106.55748,39.43174],[-106.55777,39.43161],[-106.55781,39.43153],[-106.55764,39.43129],[-106.5576,39.43101],[-106.55736,39.4309],[-106.55693,39.43087],[-106.55659,39.43114],[-106.55608,39.43129]]]}},{"type":"Feature","properties":{},"geometry":{"type":"Polygon","coordinates":[[[-106.67957,39.36481],[-106.67945,39.36482],[-106.67938,39.36491],[-106.67974,39.36489],[-106.6798,39.36484],[-106.67957,39.36481]]]}},{"type":"Feature","properties":{},"geometry":{"type":"Polygon","coordinates":[[[-106.63674,39.31504],[-106.63685,39.31497],[-106.63677,39.31488],[-106.63662,39.31496],[-106.63663,39.31503],[-106.63674,39.31504]]]}},{"type":"Feature","properties":{},"geometry":{"type":"Polygon","coordinates":[[[-106.53178,39.39677],[-106.5317,39.39667],[-106.53155,39.39667],[-106.53146,39.39681],[-106.5315,39.39694],[-106.53166,39.39693],[-106.53178,39.39677]]]}},{"type":"Feature","properties":{},"geometry":{"type":"Polygon","coordinates":[[[-106.53599,39.41943],[-106.53624,39.41948],[-106.53628,39.41934],[-106.53596,39.41908],[-106.53575,39.41906],[-106.53565,39.41919],[-106.53568,39.41942],[-106.53582,39.41949],[-106.53599,39.41943]]]}},{"type":"Feature","properties":{},"geometry":{"type":"Polygon","coordinates":[[[-106.59935,39.47214],[-106.59924,39.47197],[-106.59887,39.4718],[-106.59835,39.47135],[-106.59737,39.47137],[-106.59737,39.47177],[-106.59797,39.47222],[-106.59855,39.47227],[-106.59935,39.47214]]]}},{"type":"Feature","properties":{},"geometry":{"type":"Polygon","coordinates":[[[-106.73887,39.41694],[-106.73912,39.41696],[-106.7391,39.41678],[-106.7388,39.41673],[-106.73874,39.41681],[-106.73887,39.41694]]]}},{"type":"Feature","properties":{},"geometry":{"type":"Polygon","coordinates":[[[-106.67672,39.34515],[-106.67673,39.34527],[-106.67694,39.34528],[-106.67701,39.34524],[-106.67703,39.34507],[-106.67698,39.34502],[-106.67676,39.34501],[-106.67672,39.34515]]]}},{"type":"Feature","properties":{},"geometry":{"type":"Polygon","coordinates":[[[-106.65391,39.26475],[-106.65393,39.26439],[-106.65388,39.26427],[-106.6537,39.2642],[-106.65352,39.26426],[-106.65241,39.26532],[-106.65215,39.26562],[-106.65215,39.26577],[-106.6525,39.26585],[-106.65286,39.26584],[-106.65312,39.26581],[-106.65353,39.26565],[-106.65377,39.26531],[-106.65391,39.26475]]]}},{"type":"Feature","properties":{},"geometry":{"type":"Polygon","coordinates":[[[-106.51898,39.31531],[-106.51862,39.31534],[-106.51854,39.31541],[-106.51854,39.31554],[-106.51891,39.31552],[-106.51906,39.31543],[-106.51898,39.31531]]]}},{"type":"Feature","properties":{},"geometry":{"type":"Polygon","coordinates":[[[-106.71916,39.44266],[-106.71948,39.44278],[-106.71968,39.44274],[-106.7198,39.4425],[-106.71979,39.44241],[-106.71939,39.44229],[-106.71913,39.4425],[-106.71865,39.44257],[-106.71858,39.44268],[-106.7187,39.44279],[-106.71916,39.44266]]]}},{"type":"Feature","properties":{},"geometry":{"type":"Polygon","coordinates":[[[-106.51382,39.43084],[-106.51358,39.43107],[-106.51321,39.4312],[-106.51314,39.43131],[-106.51315,39.43143],[-106.51385,39.43109],[-106.51389,39.43096],[-106.51382,39.43084]]]}},{"type":"Feature","properties":{},"geometry":{"type":"Polygon","coordinates":[[[-106.52071,39.42185],[-106.52083,39.42175],[-106.52092,39.4215],[-106.52078,39.4214],[-106.52042,39.42132],[-106.52034,39.42144],[-106.52031,39.4218],[-106.52041,39.42184],[-106.52055,39.42203],[-106.52071,39.42185]]]}},{"type":"Feature","properties":{},"geometry":{"type":"Polygon","coordinates":[[[-106.5641,39.4544],[-106.56402,39.45436],[-106.56352,39.45458],[-106.56345,39.45469],[-106.56394,39.45457],[-106.5641,39.4544]]]}},{"type":"Feature","properties":{},"geometry":{"type":"Polygon","coordinates":[[[-106.50387,39.37027],[-106.5035,39.37014],[-106.50283,39.37054],[-106.50251,39.37063],[-106.5024,39.37054],[-106.50229,39.37056],[-106.50221,39.37073],[-106.50233,39.37149],[-106.50217,39.37174],[-106.50177,39.37187],[-106.50155,39.37218],[-106.50159,39.37241],[-106.5017,39.37243],[-106.50228,39.37227],[-106.50245,39.37214],[-106.5027,39.37213],[-106.5029,39.3719],[-106.50332,39.37185],[-106.50373,39.37139],[-106.50404,39.37125],[-106.50422,39.37084],[-106.50444,39.37068],[-106.50444,39.37055],[-106.50434,39.37037],[-106.50387,39.37027]]]}},{"type":"Feature","properties":{},"geometry":{"type":"Polygon","coordinates":[[[-106.82952,39.45371],[-106.82944,39.45371],[-106.82935,39.45403],[-106.8294,39.45452],[-106.82958,39.45466],[-106.82973,39.45457],[-106.82981,39.45418],[-106.82972,39.45388],[-106.82952,39.45371]]]}},{"type":"Feature","properties":{},"geometry":{"type":"Polygon","coordinates":[[[-106.58092,39.37601],[-106.5812,39.37634],[-106.58148,39.37648],[-106.58151,39.37623],[-106.58164,39.37596],[-106.58152,39.37581],[-106.58123,39.3758],[-106.58092,39.37601]]]}},{"type":"Feature","properties":{},"geometry":{"type":"Polygon","coordinates":[[[-106.57894,39.44847],[-106.57891,39.44873],[-106.5788,39.44894],[-106.57886,39.44903],[-106.57911,39.44878],[-106.57939,39.44837],[-106.57955,39.44795],[-106.57952,39.44789],[-106.57934,39.44777],[-106.579,39.44777],[-106.57847,39.4479],[-106.57801,39.44813],[-106.57808,39.44824],[-106.57807,39.44841],[-106.57813,39.44844],[-106.57857,39.44828],[-106.57872,39.44842],[-106.57891,39.44839],[-106.57894,39.44847]]]}},{"type":"Feature","properties":{},"geometry":{"type":"Polygon","coordinates":[[[-106.67322,39.43471],[-106.67314,39.43486],[-106.67319,39.43491],[-106.67351,39.43465],[-106.67322,39.43471]]]}},{"type":"Feature","properties":{},"geometry":{"type":"Polygon","coordinates":[[[-106.58523,39.42991],[-106.58539,39.43001],[-106.58547,39.43016],[-106.58559,39.43013],[-106.58559,39.4299],[-106.58553,39.42981],[-106.58523,39.42985],[-106.58523,39.42991]]]}},{"type":"Feature","properties":{},"geometry":{"type":"Polygon","coordinates":[[[-106.60035,39.40153],[-106.60033,39.40164],[-106.60046,39.40176],[-106.60056,39.40178],[-106.60078,39.40165],[-106.60054,39.4014],[-106.60035,39.40153]]]}},{"type":"Feature","properties":{},"geometry":{"type":"Polygon","coordinates":[[[-106.86674,39.43156],[-106.86648,39.43152],[-106.86651,39.43176],[-106.86691,39.43219],[-106.86707,39.43219],[-106.86713,39.43195],[-106.86674,39.43156]]]}},{"type":"Feature","properties":{},"geometry":{"type":"Polygon","coordinates":[[[-106.5766,39.49014],[-106.57684,39.4901],[-106.5769,39.49],[-106.57676,39.48998],[-106.5766,39.49014]]]}},{"type":"Feature","properties":{},"geometry":{"type":"Polygon","coordinates":[[[-106.57396,39.46822],[-106.57392,39.46817],[-106.57381,39.4682],[-106.57362,39.46832],[-106.57357,39.46825],[-106.57363,39.46811],[-106.57348,39.46812],[-106.57312,39.46841],[-106.57311,39.46849],[-106.57327,39.46858],[-106.57354,39.4686],[-106.57393,39.46837],[-106.57396,39.46822]]]}},{"type":"Feature","properties":{},"geometry":{"type":"Polygon","coordinates":[[[-106.5201,39.40578],[-106.51929,39.40555],[-106.51887,39.40554],[-106.51869,39.40562],[-106.5186,39.40573],[-106.51859,39.40588],[-106.51866,39.40651],[-106.51874,39.40672],[-106.51893,39.40683],[-106.5193,39.4069],[-106.5202,39.40695],[-106.52095,39.4068],[-106.52121,39.40664],[-106.52125,39.40631],[-106.52107,39.40607],[-106.52045,39.40581],[-106.5201,39.40578]]]}},{"type":"Feature","properties":{},"geometry":{"type":"Polygon","coordinates":[[[-106.86208,39.48222],[-106.86214,39.48216],[-106.86186,39.48213],[-106.86175,39.48226],[-106.86182,39.48239],[-106.86193,39.48239],[-106.86208,39.48222]]]}},{"type":"Feature","properties":{},"geometry":{"type":"Polygon","coordinates":[[[-106.86156,39.36915],[-106.86333,39.36942],[-106.86387,39.3694],[-106.86315,39.36878],[-106.86264,39.36855],[-106.86062,39.3684],[-106.86004,39.36854],[-106.8592,39.36896],[-106.8586,39.36933],[-106.8581,39.36984],[-106.85944,39.36967],[-106.86085,39.36924],[-106.86156,39.36915]]]}},{"type":"Feature","properties":{},"geometry":{"type":"Polygon","coordinates":[[[-106.67238,39.43377],[-106.67243,39.43384],[-106.6725,39.43381],[-106.67254,39.43357],[-106.67248,39.4335],[-106.67235,39.43353],[-106.67238,39.43377]]]}},{"type":"Feature","properties":{},"geometry":{"type":"Polygon","coordinates":[[[-106.62776,39.42466],[-106.6278,39.42448],[-106.62731,39.42441],[-106.62725,39.42485],[-106.62764,39.42488],[-106.62776,39.42466]]]}},{"type":"Feature","properties":{},"geometry":{"type":"Polygon","coordinates":[[[-106.65381,39.30116],[-106.65368,39.30128],[-106.6537,39.30141],[-106.65392,39.30141],[-106.65409,39.30123],[-106.65392,39.30111],[-106.65381,39.30116]]]}},{"type":"Feature","properties":{},"geometry":{"type":"Polygon","coordinates":[[[-106.53159,39.29109],[-106.5315,39.29108],[-106.53146,39.29116],[-106.53168,39.29115],[-106.53168,39.2911],[-106.53159,39.29109]]]}},{"type":"Feature","properties":{},"geometry":{"type":"Polygon","coordinates":[[[-106.60161,39.48625],[-106.60158,39.48639],[-106.60164,39.48669],[-106.60158,39.48677],[-106.60151,39.48675],[-106.6014,39.48643],[-106.60133,39.48654],[-106.60135,39.48678],[-106.60149,39.48697],[-106.60176,39.48703],[-106.60157,39.48716],[-106.60153,39.48728],[-106.60168,39.48753],[-106.60186,39.48765],[-106.60199,39.48761],[-106.60218,39.48708],[-106.6021,39.48705],[-106.60187,39.48733],[-106.60179,39.48735],[-106.60179,39.48724],[-106.60198,39.48706],[-106.602,39.48692],[-106.60187,39.48682],[-106.60181,39.48649],[-106.60161,39.48625]]]}},{"type":"Feature","properties":{},"geometry":{"type":"Polygon","coordinates":[[[-106.60276,39.4614],[-106.60253,39.46135],[-106.60247,39.46143],[-106.60248,39.46161],[-106.60281,39.46163],[-106.60285,39.46153],[-106.60276,39.4614]]]}},{"type":"Feature","properties":{},"geometry":{"type":"Polygon","coordinates":[[[-106.85262,39.49234],[-106.85255,39.49241],[-106.85254,39.49259],[-106.8527,39.49265],[-106.85282,39.4926],[-106.85292,39.49246],[-106.85262,39.49234]]]}},{"type":"Feature","properties":{},"geometry":{"type":"Polygon","coordinates":[[[-106.79902,39.48683],[-106.79893,39.48694],[-106.7991,39.48712],[-106.79932,39.48699],[-106.79929,39.48678],[-106.79915,39.48677],[-106.79902,39.48683]]]}},{"type":"Feature","properties":{},"geometry":{"type":"Polygon","coordinates":[[[-106.84179,39.48498],[-106.84199,39.48488],[-106.84198,39.48472],[-106.84171,39.4846],[-106.84146,39.48462],[-106.84138,39.48478],[-106.84142,39.48496],[-106.84179,39.48498]]]}},{"type":"Feature","properties":{},"geometry":{"type":"Polygon","coordinates":[[[-106.75883,39.45478],[-106.75881,39.4549],[-106.75898,39.45488],[-106.75897,39.45481],[-106.75883,39.45478]]]}},{"type":"Feature","properties":{},"geometry":{"type":"Polygon","coordinates":[[[-106.60857,39.38908],[-106.60872,39.38919],[-106.60882,39.38917],[-106.60889,39.38899],[-106.60883,39.38885],[-106.60868,39.38883],[-106.60857,39.38908]]]}},{"type":"Feature","properties":{},"geometry":{"type":"Polygon","coordinates":[[[-106.82095,39.38666],[-106.82115,39.3866],[-106.82119,39.38651],[-106.82102,39.38644],[-106.82086,39.38647],[-106.82081,39.38653],[-106.82095,39.38666]]]}},{"type":"Feature","properties":{},"geometry":{"type":"Polygon","coordinates":[[[-106.54964,39.43858],[-106.54944,39.43833],[-106.54941,39.43795],[-106.5491,39.43796],[-106.54871,39.43809],[-106.54883,39.43817],[-106.5488,39.43831],[-106.54887,39.43838],[-106.54923,39.43838],[-106.54946,39.43856],[-106.54964,39.43858]]]}},{"type":"Feature","properties":{},"geometry":{"type":"Polygon","coordinates":[[[-106.51867,39.49825],[-106.51918,39.4981],[-106.51922,39.49797],[-106.51903,39.49777],[-106.51878,39.49777],[-106.51864,39.49791],[-106.51856,39.49815],[-106.51867,39.49825]]]}},{"type":"Feature","properties":{},"geometry":{"type":"Polygon","coordinates":[[[-106.52247,39.47513],[-106.52214,39.47508],[-106.52119,39.47533],[-106.52041,39.4757],[-106.52026,39.47589],[-106.52031,39.47603],[-106.52062,39.47608],[-106.52129,39.47598],[-106.5216,39.47558],[-106.52233,39.47528],[-106.52247,39.47513]]]}},{"type":"Feature","properties":{},"geometry":{"type":"Polygon","coordinates":[[[-106.5209,39.42712],[-106.52107,39.42701],[-106.52108,39.42685],[-106.52093,39.42685],[-106.52059,39.42712],[-106.5206,39.42721],[-106.52067,39.42721],[-106.5209,39.42712]]]}},{"type":"Feature","properties":{},"geometry":{"type":"Polygon","coordinates":[[[-106.81369,39.47965],[-106.81351,39.4798],[-106.81373,39.47983],[-106.81399,39.47967],[-106.81383,39.47961],[-106.81369,39.47965]]]}},{"type":"Feature","properties":{},"geometry":{"type":"Polygon","coordinates":[[[-106.8633,39.47209],[-106.8635,39.47196],[-106.86342,39.47183],[-106.86322,39.47185],[-106.86305,39.47196],[-106.86299,39.47227],[-106.86313,39.47232],[-106.8633,39.47209]]]}},{"type":"Feature","properties":{},"geometry":{"type":"Polygon","coordinates":[[[-106.60904,39.43395],[-106.60923,39.4337],[-106.60922,39.43359],[-106.60905,39.43353],[-106.60854,39.43359],[-106.6086,39.43373],[-106.60904,39.43395]]]}},{"type":"Feature","properties":{},"geometry":{"type":"Polygon","coordinates":[[[-106.58552,39.43048],[-106.58511,39.43075],[-106.58606,39.43122],[-106.5867,39.43123],[-106.58602,39.43064],[-106.58597,39.43047],[-106.58552,39.43048]]]}},{"type":"Feature","properties":{},"geometry":{"type":"Polygon","coordinates":[[[-106.6408,39.31648],[-106.64076,39.31631],[-106.64036,39.31628],[-106.64015,39.3162],[-106.63876,39.31511],[-106.63833,39.31489],[-106.63828,39.3149],[-106.63826,39.31505],[-106.63789,39.31535],[-106.63766,39.31516],[-106.63718,39.31546],[-106.63704,39.31545],[-106.63691,39.31553],[-106.63699,39.31568],[-106.63771,39.31607],[-106.63822,39.31649],[-106.63867,39.31658],[-106.63921,39.3168],[-106.63999,39.31691],[-106.64019,39.31702],[-106.64055,39.31672],[-106.64083,39.31661],[-106.6408,39.31648]]]}},{"type":"Feature","properties":{},"geometry":{"type":"Polygon","coordinates":[[[-106.5369,39.395],[-106.53663,39.39497],[-106.53588,39.39514],[-106.53586,39.39527],[-106.53595,39.39541],[-106.536,39.39571],[-106.53614,39.39578],[-106.53687,39.39514],[-106.5369,39.395]]]}},{"type":"Feature","properties":{},"geometry":{"type":"Polygon","coordinates":[[[-106.52896,39.4263],[-106.5291,39.4264],[-106.52944,39.42616],[-106.52939,39.4261],[-106.5292,39.42611],[-106.52896,39.4263]]]}},{"type":"Feature","properties":{},"geometry":{"type":"Polygon","coordinates":[[[-106.85179,39.49277],[-106.85157,39.49288],[-106.85186,39.49283],[-106.85179,39.49277]]]}},{"type":"Feature","properties":{},"geometry":{"type":"Polygon","coordinates":[[[-106.5105,39.49374],[-106.51109,39.49431],[-106.51143,39.49452],[-106.51156,39.49453],[-106.51161,39.49445],[-106.51163,39.49414],[-106.51221,39.49393],[-106.51234,39.49382],[-106.51198,39.49354],[-106.51171,39.49346],[-106.51127,39.49354],[-106.51071,39.49352],[-106.5105,39.49363],[-106.5105,39.49374]]]}},{"type":"Feature","properties":{},"geometry":{"type":"Polygon","coordinates":[[[-106.67991,39.36524],[-106.6796,39.36522],[-106.67952,39.36527],[-106.67963,39.36533],[-106.67991,39.36524]]]}},{"type":"Feature","properties":{},"geometry":{"type":"Polygon","coordinates":[[[-106.65523,39.32598],[-106.65531,39.32614],[-106.65551,39.32609],[-106.65536,39.32598],[-106.65523,39.32598]]]}},{"type":"Feature","properties":{},"geometry":{"type":"Polygon","coordinates":[[[-106.5728,39.42652],[-106.57314,39.4264],[-106.57365,39.42588],[-106.57347,39.42566],[-106.57338,39.42521],[-106.57326,39.42508],[-106.57313,39.42505],[-106.57305,39.42507],[-106.57299,39.42535],[-106.57277,39.42528],[-106.57259,39.42508],[-106.5727,39.42484],[-106.57199,39.42447],[-106.5716,39.42409],[-106.57139,39.42401],[-106.57113,39.42407],[-106.57102,39.42424],[-106.57112,39.42469],[-106.5711,39.4249],[-106.57078,39.42564],[-106.57089,39.42581],[-106.57111,39.42591],[-106.57118,39.42605],[-106.57108,39.42637],[-106.57126,39.42645],[-106.57214,39.42626],[-106.57257,39.4265],[-106.5728,39.42652]]]}},{"type":"Feature","properties":{},"geometry":{"type":"Polygon","coordinates":[[[-106.54247,39.39265],[-106.54225,39.39256],[-106.54219,39.39262],[-106.54225,39.39273],[-106.54238,39.39279],[-106.54247,39.39265]]]}},{"type":"Feature","properties":{},"geometry":{"type":"Polygon","coordinates":[[[-106.52994,39.32352],[-106.52954,39.32352],[-106.52908,39.32393],[-106.52902,39.32418],[-106.52923,39.32447],[-106.52929,39.3245],[-106.52936,39.32431],[-106.52948,39.32418],[-106.52979,39.32406],[-106.53,39.32363],[-106.52994,39.32352]]]}},{"type":"Feature","properties":{},"geometry":{"type":"Polygon","coordinates":[[[-106.50654,39.32399],[-106.50657,39.32403],[-106.50689,39.32352],[-106.50681,39.32341],[-106.50651,39.32359],[-106.50657,39.32378],[-106.50652,39.32387],[-106.50654,39.32399]]]}},{"type":"Feature","properties":{},"geometry":{"type":"Polygon","coordinates":[[[-106.55932,39.31559],[-106.55927,39.31562],[-106.55927,39.31573],[-106.55943,39.31579],[-106.55958,39.31575],[-106.55953,39.31564],[-106.55932,39.31559]]]}},{"type":"Feature","properties":{},"geometry":{"type":"Polygon","coordinates":[[[-106.51129,39.25781],[-106.51114,39.25796],[-106.51117,39.25806],[-106.51126,39.25806],[-106.51136,39.25795],[-106.51129,39.25781]]]}},{"type":"Feature","properties":{},"geometry":{"type":"Polygon","coordinates":[[[-106.84033,39.40439],[-106.84048,39.40426],[-106.84043,39.40406],[-106.84021,39.4041],[-106.84011,39.40425],[-106.84017,39.40438],[-106.84033,39.40439]]]}},{"type":"Feature","properties":{},"geometry":{"type":"Polygon","coordinates":[[[-106.8646,39.49244],[-106.86522,39.49222],[-106.86507,39.49186],[-106.86487,39.49187],[-106.8645,39.49222],[-106.86449,39.49236],[-106.8646,39.49244]]]}},{"type":"Feature","properties":{},"geometry":{"type":"Polygon","coordinates":[[[-106.6256,39.34268],[-106.62659,39.34272],[-106.6264,39.34248],[-106.62611,39.34232],[-106.62583,39.34225],[-106.6256,39.34242],[-106.62591,39.34245],[-106.62597,39.34252],[-106.62573,39.34257],[-106.6256,39.34268]]]}},{"type":"Feature","properties":{},"geometry":{"type":"Polygon","coordinates":[[[-106.54051,39.31066],[-106.54068,39.31062],[-106.54078,39.31055],[-106.54078,39.31047],[-106.54044,39.31051],[-106.5404,39.31058],[-106.54051,39.31066]]]}},{"type":"Feature","properties":{},"geometry":{"type":"Polygon","coordinates":[[[-106.5757,39.46548],[-106.57577,39.46554],[-106.57606,39.46536],[-106.57588,39.4653],[-106.5757,39.46548]]]}},{"type":"Feature","properties":{},"geometry":{"type":"Polygon","coordinates":[[[-106.75261,39.49577],[-106.75244,39.4959],[-106.75247,39.49606],[-106.75296,39.49604],[-106.75298,39.49593],[-106.75292,39.49584],[-106.75261,39.49577]]]}},{"type":"Feature","properties":{},"geometry":{"type":"Polygon","coordinates":[[[-106.52152,39.32223],[-106.52165,39.32202],[-106.52161,39.3219],[-106.52148,39.32179],[-106.52123,39.32185],[-106.51967,39.32121],[-106.51894,39.32113],[-106.51867,39.32136],[-106.51868,39.32178],[-106.51902,39.32214],[-106.51966,39.3223],[-106.52042,39.32231],[-106.52097,39.32249],[-106.52157,39.32253],[-106.52152,39.32223]]]}},{"type":"Feature","properties":{},"geometry":{"type":"Polygon","coordinates":[[[-106.51599,39.48324],[-106.51628,39.48305],[-106.51636,39.48272],[-106.51661,39.48258],[-106.51659,39.48242],[-106.51645,39.48234],[-106.51577,39.48232],[-106.51536,39.48211],[-106.51463,39.48202],[-106.51432,39.48213],[-106.51353,39.48208],[-106.51329,39.48226],[-106.51334,39.48247],[-106.51392,39.48274],[-106.51414,39.48313],[-106.51418,39.48336],[-106.51434,39.48341],[-106.51475,39.48317],[-106.51576,39.48329],[-106.51599,39.48324]]]}},{"type":"Feature","properties":{},"geometry":{"type":"Polygon","coordinates":[[[-106.54425,39.42934],[-106.5442,39.42947],[-106.54433,39.42957],[-106.54452,39.42949],[-106.54467,39.42929],[-106.54444,39.42926],[-106.54425,39.42934]]]}},{"type":"Feature","properties":{},"geometry":{"type":"Polygon","coordinates":[[[-106.66972,39.34468],[-106.66971,39.34462],[-106.66942,39.34463],[-106.66962,39.34477],[-106.66969,39.34476],[-106.66972,39.34468]]]}},{"type":"Feature","properties":{},"geometry":{"type":"Polygon","coordinates":[[[-106.53519,39.40207],[-106.53547,39.40207],[-106.53556,39.40201],[-106.53558,39.4019],[-106.53541,39.4018],[-106.53519,39.40182],[-106.53507,39.40196],[-106.53519,39.40207]]]}},{"type":"Feature","properties":{},"geometry":{"type":"Polygon","coordinates":[[[-106.5393,39.39052],[-106.53926,39.39045],[-106.53891,39.39043],[-106.53881,39.39052],[-106.5389,39.39065],[-106.53906,39.39071],[-106.53926,39.39069],[-106.53932,39.39059],[-106.5393,39.39052]]]}},{"type":"Feature","properties":{},"geometry":{"type":"Polygon","coordinates":[[[-106.61804,39.31994],[-106.61837,39.31985],[-106.61841,39.31966],[-106.61824,39.31959],[-106.61794,39.31965],[-106.61789,39.31979],[-106.61804,39.31994]]]}},{"type":"Feature","properties":{},"geometry":{"type":"Polygon","coordinates":[[[-106.51998,39.25543],[-106.51976,39.25509],[-106.51949,39.25484],[-106.51937,39.25475],[-106.51921,39.25474],[-106.51869,39.25541],[-106.51867,39.25553],[-106.51875,39.25572],[-106.51872,39.25625],[-106.51883,39.2564],[-106.51917,39.25661],[-106.52026,39.25627],[-106.52022,39.25581],[-106.51998,39.25543]]]}},{"type":"Feature","properties":{},"geometry":{"type":"Polygon","coordinates":[[[-106.57128,39.47336],[-106.57123,39.47349],[-106.57144,39.4736],[-106.57157,39.47389],[-106.57144,39.47425],[-106.57144,39.47462],[-106.57155,39.47474],[-106.57168,39.47473],[-106.57216,39.47445],[-106.57222,39.4743],[-106.57213,39.47417],[-106.57219,39.47403],[-106.57213,39.47397],[-106.57196,39.47398],[-106.57192,39.47391],[-106.57202,39.47353],[-106.57162,39.4733],[-106.57128,39.47336]]]}},{"type":"Feature","properties":{},"geometry":{"type":"Polygon","coordinates":[[[-106.56221,39.46092],[-106.56262,39.46075],[-106.5625,39.46049],[-106.56228,39.46054],[-106.56222,39.46062],[-106.56216,39.46087],[-106.56221,39.46092]]]}},{"type":"Feature","properties":{},"geometry":{"type":"Polygon","coordinates":[[[-106.86359,39.46911],[-106.8635,39.46913],[-106.86348,39.46926],[-106.86364,39.4693],[-106.86368,39.46918],[-106.86359,39.46911]]]}},{"type":"Feature","properties":{},"geometry":{"type":"Polygon","coordinates":[[[-106.79166,39.29742],[-106.79172,39.29778],[-106.79195,39.29825],[-106.79218,39.29843],[-106.7927,39.29866],[-106.79317,39.29874],[-106.79351,39.29866],[-106.79372,39.29854],[-106.79376,39.29833],[-106.7921,39.29737],[-106.79166,39.29742]]]}},{"type":"Feature","properties":{},"geometry":{"type":"Polygon","coordinates":[[[-106.51115,39.44981],[-106.51133,39.44976],[-106.51143,39.44949],[-106.51142,39.44928],[-106.51122,39.44901],[-106.51133,39.44879],[-106.51113,39.44872],[-106.51072,39.44874],[-106.51031,39.44897],[-106.5103,39.44913],[-106.51071,39.44934],[-106.51091,39.4497],[-106.5111,39.44983],[-106.51115,39.44981]]]}},{"type":"Feature","properties":{},"geometry":{"type":"Polygon","coordinates":[[[-106.58714,39.47378],[-106.58698,39.47339],[-106.58667,39.47321],[-106.5862,39.47313],[-106.58538,39.47284],[-106.58473,39.47297],[-106.58458,39.47295],[-106.58429,39.47276],[-106.58392,39.47287],[-106.58315,39.47291],[-106.58273,39.47305],[-106.58219,39.47313],[-106.58187,39.47327],[-106.58176,39.47357],[-106.5818,39.47375],[-106.58219,39.47398],[-106.58222,39.47413],[-106.58215,39.47426],[-106.58242,39.47454],[-106.58244,39.47463],[-106.58294,39.47471],[-106.58339,39.47502],[-106.58409,39.47509],[-106.58425,39.47525],[-106.58494,39.4752],[-106.58543,39.475],[-106.58611,39.475],[-106.58624,39.47495],[-106.58637,39.47478],[-106.58716,39.47443],[-106.5873,39.4741],[-106.58714,39.47378]]]}},{"type":"Feature","properties":{},"geometry":{"type":"Polygon","coordinates":[[[-106.65809,39.29889],[-106.65829,39.29892],[-106.65836,39.29879],[-106.65827,39.29873],[-106.65812,39.29875],[-106.65809,39.29889]]]}},{"type":"Feature","properties":{},"geometry":{"type":"Polygon","coordinates":[[[-106.56019,39.38178],[-106.5593,39.38171],[-106.55886,39.38184],[-106.55879,39.38195],[-106.55912,39.38226],[-106.5594,39.38233],[-106.5605,39.38211],[-106.56077,39.38198],[-106.56086,39.38186],[-106.56083,39.38172],[-106.56069,39.38164],[-106.56019,39.38178]]]}},{"type":"Feature","properties":{},"geometry":{"type":"Polygon","coordinates":[[[-106.60664,39.29695],[-106.60704,39.29587],[-106.60689,39.29555],[-106.60624,39.29515],[-106.60597,39.29515],[-106.60564,39.29531],[-106.6054,39.2956],[-106.6054,39.2958],[-106.60548,39.29605],[-106.60578,39.29647],[-106.60638,39.29688],[-106.60664,39.29695]]]}},{"type":"Feature","properties":{},"geometry":{"type":"Polygon","coordinates":[[[-106.5137,39.43164],[-106.51387,39.43168],[-106.51401,39.43162],[-106.51422,39.43143],[-106.51427,39.43103],[-106.51416,39.4307],[-106.51409,39.43134],[-106.5137,39.43164]]]}},{"type":"Feature","properties":{},"geometry":{"type":"Polygon","coordinates":[[[-106.52977,39.45953],[-106.52974,39.4594],[-106.52946,39.45942],[-106.52913,39.45971],[-106.52913,39.45979],[-106.52928,39.45982],[-106.52977,39.45953]]]}},{"type":"Feature","properties":{},"geometry":{"type":"Polygon","coordinates":[[[-106.61979,39.43205],[-106.61974,39.43164],[-106.6195,39.431],[-106.61928,39.43081],[-106.61892,39.43065],[-106.61891,39.43058],[-106.61897,39.43053],[-106.61826,39.43075],[-106.61742,39.43126],[-106.61737,39.43159],[-106.61799,39.43172],[-106.61804,39.43193],[-106.61798,39.4321],[-106.61834,39.43214],[-106.61918,39.4324],[-106.61943,39.43231],[-106.61949,39.43211],[-106.61979,39.43205]]]}},{"type":"Feature","properties":{},"geometry":{"type":"Polygon","coordinates":[[[-106.56347,39.39015],[-106.56285,39.39033],[-106.56276,39.39056],[-106.56282,39.39094],[-106.56316,39.39107],[-106.56341,39.39101],[-106.56358,39.3907],[-106.56363,39.39037],[-106.56347,39.39015]]]}},{"type":"Feature","properties":{},"geometry":{"type":"Polygon","coordinates":[[[-106.63657,39.30501],[-106.63647,39.3051],[-106.63625,39.30516],[-106.63629,39.30529],[-106.63642,39.30529],[-106.637,39.30501],[-106.63717,39.3048],[-106.63684,39.30489],[-106.63667,39.30487],[-106.63657,39.30501]]]}},{"type":"Feature","properties":{},"geometry":{"type":"Polygon","coordinates":[[[-106.57384,39.41876],[-106.57332,39.41896],[-106.57333,39.41921],[-106.57347,39.41927],[-106.57366,39.41914],[-106.57373,39.41932],[-106.5738,39.41932],[-106.57396,39.41884],[-106.57393,39.41877],[-106.57384,39.41876]]]}},{"type":"Feature","properties":{},"geometry":{"type":"Polygon","coordinates":[[[-106.58123,39.49088],[-106.581,39.49082],[-106.58088,39.49086],[-106.58078,39.49101],[-106.58081,39.49113],[-106.58098,39.49116],[-106.58117,39.49107],[-106.58126,39.49097],[-106.58123,39.49088]]]}},{"type":"Feature","properties":{},"geometry":{"type":"Polygon","coordinates":[[[-106.57584,39.49103],[-106.57642,39.49033],[-106.57609,39.49038],[-106.57601,39.49008],[-106.5759,39.49009],[-106.57563,39.4904],[-106.57503,39.49054],[-106.57492,39.49067],[-106.57489,39.49089],[-106.575,39.491],[-106.5755,39.49081],[-106.57564,39.49081],[-106.57584,39.49103]]]}},{"type":"Feature","properties":{},"geometry":{"type":"Polygon","coordinates":[[[-106.57103,39.46559],[-106.57084,39.46558],[-106.57071,39.46564],[-106.57079,39.46595],[-106.57095,39.46602],[-106.57106,39.46596],[-106.57103,39.46559]]]}},{"type":"Feature","properties":{},"geometry":{"type":"Polygon","coordinates":[[[-106.84768,39.49329],[-106.84788,39.49324],[-106.84788,39.49317],[-106.84776,39.49311],[-106.84765,39.49315],[-106.84761,39.4933],[-106.84768,39.49329]]]}},{"type":"Feature","properties":{},"geometry":{"type":"Polygon","coordinates":[[[-106.50494,39.4684],[-106.50409,39.46844],[-106.50392,39.4689],[-106.50394,39.46993],[-106.50382,39.47013],[-106.50328,39.47068],[-106.50312,39.47144],[-106.50323,39.47173],[-106.50347,39.47192],[-106.50366,39.47224],[-106.50349,39.4725],[-106.50414,39.47406],[-106.50455,39.47467],[-106.50483,39.4749],[-106.50519,39.47486],[-106.50534,39.47478],[-106.50577,39.47423],[-106.50569,39.47419],[-106.50546,39.47369],[-106.50495,39.47337],[-106.50504,39.47287],[-106.50562,39.47253],[-106.50599,39.47221],[-106.50601,39.472],[-106.50593,39.47183],[-106.50549,39.47141],[-106.50533,39.47094],[-106.50485,39.47055],[-106.50484,39.47042],[-106.50511,39.47028],[-106.50518,39.47012],[-106.50528,39.46968],[-106.50558,39.46917],[-106.50559,39.46886],[-106.50502,39.46858],[-106.50494,39.4684]]]}},{"type":"Feature","properties":{},"geometry":{"type":"Polygon","coordinates":[[[-106.64781,39.42505],[-106.64767,39.42493],[-106.64721,39.42488],[-106.64704,39.42503],[-106.64699,39.42539],[-106.64734,39.42538],[-106.64758,39.42571],[-106.64799,39.42576],[-106.64813,39.42567],[-106.64815,39.42553],[-106.64781,39.42505]]]}},{"type":"Feature","properties":{},"geometry":{"type":"Polygon","coordinates":[[[-106.60866,39.39237],[-106.60856,39.39236],[-106.60845,39.39252],[-106.60863,39.3928],[-106.60875,39.39272],[-106.60877,39.39262],[-106.60866,39.39237]]]}},{"type":"Feature","properties":{},"geometry":{"type":"Polygon","coordinates":[[[-106.53356,39.39304],[-106.53377,39.39293],[-106.53384,39.39273],[-106.53413,39.39247],[-106.5341,39.39233],[-106.53395,39.39212],[-106.53332,39.39173],[-106.5327,39.39181],[-106.53257,39.39175],[-106.53246,39.39177],[-106.53234,39.39206],[-106.53162,39.39206],[-106.53146,39.39215],[-106.53148,39.39234],[-106.5318,39.39259],[-106.5321,39.39302],[-106.53264,39.39295],[-106.53292,39.39301],[-106.5332,39.39292],[-106.53356,39.39304]]]}},{"type":"Feature","properties":{},"geometry":{"type":"Polygon","coordinates":[[[-106.58452,39.48405],[-106.58435,39.48402],[-106.58416,39.48409],[-106.58373,39.48494],[-106.5835,39.48509],[-106.58343,39.48532],[-106.58327,39.48544],[-106.58333,39.48554],[-106.58404,39.48559],[-106.58433,39.48501],[-106.58465,39.48472],[-106.58481,39.48432],[-106.58474,39.48422],[-106.58456,39.48417],[-106.58452,39.48405]]]}},{"type":"Feature","properties":{},"geometry":{"type":"Polygon","coordinates":[[[-106.5506,39.44645],[-106.55022,39.44634],[-106.5501,39.44634],[-106.55005,39.44642],[-106.55026,39.44655],[-106.55045,39.44659],[-106.5506,39.44645]]]}},{"type":"Feature","properties":{},"geometry":{"type":"Polygon","coordinates":[[[-106.54328,39.42604],[-106.54318,39.42592],[-106.54292,39.426],[-106.5427,39.42618],[-106.54265,39.42626],[-106.54277,39.42654],[-106.54277,39.42666],[-106.54226,39.42679],[-106.54209,39.42698],[-106.54206,39.42722],[-106.54214,39.42729],[-106.54224,39.42724],[-106.54243,39.42695],[-106.54252,39.42694],[-106.54286,39.42715],[-106.54317,39.42704],[-106.54346,39.42645],[-106.54328,39.42604]]]}},{"type":"Feature","properties":{},"geometry":{"type":"Polygon","coordinates":[[[-106.76066,39.45581],[-106.76075,39.45595],[-106.76077,39.45578],[-106.76066,39.45581]]]}},{"type":"Feature","properties":{},"geometry":{"type":"Polygon","coordinates":[[[-106.58069,39.46762],[-106.58086,39.46843],[-106.58105,39.46855],[-106.58138,39.46856],[-106.58189,39.46843],[-106.58195,39.46832],[-106.58196,39.46807],[-106.58246,39.46803],[-106.58275,39.46774],[-106.58282,39.46758],[-106.58267,39.46692],[-106.5826,39.46682],[-106.58237,39.46672],[-106.58168,39.46681],[-106.58144,39.46706],[-106.58125,39.46753],[-106.58104,39.46765],[-106.58069,39.46762]],[[-106.58156,39.46765],[-106.58156,39.4675],[-106.58162,39.46743],[-106.58171,39.46746],[-106.58176,39.46751],[-106.58173,39.46762],[-106.58156,39.46765]],[[-106.58177,39.46722],[-106.58173,39.46705],[-106.58185,39.467],[-106.58194,39.46704],[-106.5819,39.46715],[-106.58177,39.46722]],[[-106.58122,39.46792],[-106.58121,39.46786],[-106.58129,39.46778],[-106.58141,39.46782],[-106.58138,39.46792],[-106.58122,39.46792]]]}},{"type":"Feature","properties":{},"geometry":{"type":"Polygon","coordinates":[[[-106.67058,39.43504],[-106.67066,39.4349],[-106.67036,39.43498],[-106.67058,39.43504]]]}},{"type":"Feature","properties":{},"geometry":{"type":"Polygon","coordinates":[[[-106.67107,39.41718],[-106.67111,39.41706],[-106.67089,39.41703],[-106.67088,39.41715],[-106.67096,39.41721],[-106.67107,39.41718]]]}},{"type":"Feature","properties":{},"geometry":{"type":"Polygon","coordinates":[[[-106.52054,39.26865],[-106.52067,39.26833],[-106.52057,39.26818],[-106.52057,39.26803],[-106.52049,39.26796],[-106.52032,39.26812],[-106.52039,39.26825],[-106.52034,39.26846],[-106.52054,39.26865]]]}},{"type":"Feature","properties":{},"geometry":{"type":"Polygon","coordinates":[[[-106.54474,39.42943],[-106.54471,39.42962],[-106.54483,39.42968],[-106.54522,39.42955],[-106.54503,39.42934],[-106.54478,39.42936],[-106.54474,39.42943]]]}},{"type":"Feature","properties":{},"geometry":{"type":"Polygon","coordinates":[[[-106.51078,39.39381],[-106.51053,39.39382],[-106.51007,39.39404],[-106.51032,39.39419],[-106.51048,39.39421],[-106.51078,39.39381]]]}},{"type":"Feature","properties":{},"geometry":{"type":"Polygon","coordinates":[[[-106.76723,39.43546],[-106.76705,39.43558],[-106.7669,39.43579],[-106.76676,39.43605],[-106.76678,39.43617],[-106.76733,39.43611],[-106.76783,39.43588],[-106.76785,39.43578],[-106.76773,39.43564],[-106.76735,39.43544],[-106.76723,39.43546]]]}},{"type":"Feature","properties":{},"geometry":{"type":"Polygon","coordinates":[[[-106.57163,39.38542],[-106.57103,39.38539],[-106.57086,39.38555],[-106.5709,39.38578],[-106.5712,39.38587],[-106.57162,39.38587],[-106.57193,39.38572],[-106.57193,39.3855],[-106.57163,39.38542]]]}},{"type":"Feature","properties":{},"geometry":{"type":"Polygon","coordinates":[[[-106.55731,39.32446],[-106.55644,39.32432],[-106.55641,39.32456],[-106.55661,39.32472],[-106.55692,39.32481],[-106.55727,39.32474],[-106.55731,39.32446]]]}},{"type":"Feature","properties":{},"geometry":{"type":"Polygon","coordinates":[[[-106.54956,39.33404],[-106.54996,39.33413],[-106.55043,39.33411],[-106.55085,39.33369],[-106.55139,39.33371],[-106.55149,39.33358],[-106.55144,39.33329],[-106.55111,39.33314],[-106.55062,39.33313],[-106.54997,39.33349],[-106.54961,39.33382],[-106.54956,39.33404]]]}},{"type":"Feature","properties":{},"geometry":{"type":"Polygon","coordinates":[[[-106.50095,39.48487],[-106.50097,39.48476],[-106.50128,39.48457],[-106.50161,39.48458],[-106.50166,39.48419],[-106.50175,39.48408],[-106.50198,39.4841],[-106.50208,39.48419],[-106.50224,39.48373],[-106.50113,39.48323],[-106.5006,39.48319],[-106.50032,39.48366],[-106.50026,39.48437],[-106.5,39.48461],[-106.49951,39.48484],[-106.49847,39.48505],[-106.4977,39.48484],[-106.49735,39.48469],[-106.49704,39.48467],[-106.49623,39.48494],[-106.49614,39.48561],[-106.49601,39.48586],[-106.49556,39.486],[-106.49552,39.48648],[-106.49448,39.48763],[-106.49441,39.48789],[-106.49452,39.48804],[-106.49564,39.4882],[-106.49541,39.488],[-106.49471,39.48792],[-106.49459,39.4878],[-106.49512,39.48738],[-106.49555,39.48714],[-106.49589,39.48683],[-106.49601,39.48664],[-106.49613,39.48603],[-106.4963,39.4856],[-106.49634,39.48524],[-106.49647,39.48509],[-106.49697,39.48478],[-106.49744,39.48478],[-106.49758,39.48493],[-106.49752,39.48525],[-106.49755,39.48539],[-106.49776,39.48556],[-106.49819,39.48567],[-106.49951,39.48495],[-106.49983,39.48483],[-106.49998,39.48484],[-106.49996,39.48491],[-106.49864,39.48567],[-106.49815,39.48584],[-106.49796,39.48581],[-106.49744,39.48549],[-106.49734,39.48522],[-106.49737,39.48499],[-106.49733,39.48491],[-106.49685,39.48493],[-106.49661,39.48511],[-106.49652,39.48526],[-106.49644,39.48611],[-106.49612,39.48679],[-106.49579,39.48716],[-106.49494,39.48766],[-106.49492,39.48775],[-106.49542,39.4878],[-106.49592,39.48817],[-106.496,39.48799],[-106.49597,39.48761],[-106.49602,39.48747],[-106.49641,39.48707],[-106.49685,39.4869],[-106.49699,39.48676],[-106.49793,39.48629],[-106.5,39.48611],[-106.5006,39.48595],[-106.50093,39.4858],[-106.50085,39.48577],[-106.50087,39.4857],[-106.50104,39.48555],[-106.50119,39.48555],[-106.50135,39.48566],[-106.50156,39.48539],[-106.50158,39.48522],[-106.50106,39.48495],[-106.50109,39.48513],[-106.50075,39.48515],[-106.50072,39.48509],[-106.50082,39.48486],[-106.50095,39.48487]],[[-106.5006,39.48537],[-106.50091,39.48522],[-106.501,39.4853],[-106.50101,39.48539],[-106.50085,39.48566],[-106.50071,39.48571],[-106.50054,39.48566],[-106.50044,39.48552],[-106.50046,39.48544],[-106.5006,39.48537]],[[-106.49662,39.48671],[-106.49658,39.48682],[-106.49636,39.4869],[-106.49619,39.48712],[-106.49604,39.48719],[-106.49633,39.48669],[-106.4965,39.48665],[-106.49662,39.48671]],[[-106.49686,39.48634],[-106.497,39.48625],[-106.49706,39.48637],[-106.49697,39.48648],[-106.49666,39.4865],[-106.49666,39.48642],[-106.49686,39.48634]],[[-106.50057,39.48457],[-106.5006,39.48454],[-106.50057,39.48457]]]}},{"type":"Feature","properties":{},"geometry":{"type":"Polygon","coordinates":[[[-106.54701,39.42826],[-106.54689,39.42814],[-106.54674,39.42817],[-106.54668,39.42831],[-106.54673,39.42847],[-106.54683,39.42855],[-106.54697,39.42851],[-106.54701,39.42826]]]}},{"type":"Feature","properties":{},"geometry":{"type":"Polygon","coordinates":[[[-106.84739,39.48238],[-106.84752,39.48221],[-106.84739,39.48209],[-106.84724,39.48222],[-106.84726,39.4823],[-106.84739,39.48238]]]}},{"type":"Feature","properties":{},"geometry":{"type":"Polygon","coordinates":[[[-106.80628,39.4345],[-106.80611,39.4346],[-106.80603,39.43476],[-106.80601,39.43528],[-106.80591,39.43547],[-106.80592,39.4356],[-106.80616,39.43571],[-106.80628,39.43589],[-106.80641,39.43668],[-106.80667,39.4368],[-106.80693,39.43715],[-106.80716,39.43727],[-106.80723,39.43723],[-106.80728,39.43708],[-106.80723,39.43664],[-106.80748,39.4363],[-106.80748,39.43593],[-106.80725,39.4355],[-106.80661,39.43506],[-106.80645,39.43452],[-106.80628,39.4345]]]}},{"type":"Feature","properties":{},"geometry":{"type":"Polygon","coordinates":[[[-106.59466,39.43198],[-106.59471,39.43214],[-106.59507,39.43233],[-106.59518,39.43248],[-106.59514,39.43276],[-106.59543,39.43277],[-106.59546,39.43256],[-106.59536,39.43222],[-106.59487,39.43199],[-106.59466,39.43198]]]}},{"type":"Feature","properties":{},"geometry":{"type":"Polygon","coordinates":[[[-106.52545,39.41488],[-106.52554,39.41489],[-106.52571,39.4148],[-106.52585,39.41445],[-106.5258,39.41429],[-106.52564,39.41439],[-106.52545,39.41488]]]}},{"type":"Feature","properties":{},"geometry":{"type":"Polygon","coordinates":[[[-106.8145,39.48014],[-106.81435,39.48027],[-106.81436,39.48042],[-106.8145,39.48041],[-106.81465,39.48026],[-106.8145,39.48014]]]}},{"type":"Feature","properties":{},"geometry":{"type":"Polygon","coordinates":[[[-106.56592,39.45418],[-106.56549,39.45419],[-106.56517,39.45429],[-106.56493,39.45446],[-106.56473,39.45478],[-106.56423,39.45527],[-106.56422,39.45574],[-106.56454,39.45588],[-106.56514,39.45592],[-106.56525,39.45536],[-106.56569,39.455],[-106.56595,39.45452],[-106.56601,39.4543],[-106.56592,39.45418]],[[-106.56507,39.45498],[-106.56507,39.45512],[-106.56481,39.45541],[-106.56471,39.45549],[-106.56464,39.45546],[-106.56464,39.4553],[-106.56454,39.45511],[-106.56481,39.45511],[-106.56498,39.45498],[-106.56507,39.45498]],[[-106.56522,39.45459],[-106.5653,39.45452],[-106.56548,39.45459],[-106.56558,39.45486],[-106.56523,39.45495],[-106.56529,39.45479],[-106.56522,39.45459]],[[-106.56577,39.45426],[-106.56585,39.45446],[-106.5657,39.45457],[-106.56559,39.4544],[-106.56568,39.45424],[-106.56577,39.45426]]]}},{"type":"Feature","properties":{},"geometry":{"type":"Polygon","coordinates":[[[-106.54328,39.42866],[-106.54326,39.42872],[-106.54345,39.42896],[-106.54374,39.42893],[-106.54415,39.42873],[-106.54454,39.42822],[-106.54461,39.42771],[-106.54477,39.42723],[-106.54567,39.42716],[-106.5466,39.42694],[-106.54702,39.42696],[-106.54772,39.42689],[-106.54781,39.42675],[-106.54774,39.42623],[-106.54729,39.42606],[-106.546,39.42615],[-106.54559,39.4255],[-106.5453,39.42561],[-106.5451,39.4261],[-106.54505,39.42645],[-106.54496,39.42666],[-106.54426,39.42711],[-106.54418,39.42781],[-106.54383,39.42816],[-106.54374,39.42835],[-106.54345,39.42848],[-106.54328,39.42866]]]}},{"type":"Feature","properties":{},"geometry":{"type":"Polygon","coordinates":[[[-106.58748,39.49186],[-106.5874,39.49177],[-106.58725,39.49178],[-106.58716,39.492],[-106.58687,39.49215],[-106.58691,39.49232],[-106.58721,39.49248],[-106.58738,39.49248],[-106.58741,39.49245],[-106.58726,39.4922],[-106.58748,39.492],[-106.58748,39.49186]]]}},{"type":"Feature","properties":{},"geometry":{"type":"Polygon","coordinates":[[[-106.87218,39.44344],[-106.87206,39.44349],[-106.87216,39.44371],[-106.87243,39.44383],[-106.87269,39.4438],[-106.87273,39.44364],[-106.87269,39.44338],[-106.87238,39.4433],[-106.87218,39.44344]]]}},{"type":"Feature","properties":{},"geometry":{"type":"Polygon","coordinates":[[[-106.55609,39.40029],[-106.5562,39.40012],[-106.55598,39.39979],[-106.55598,39.39953],[-106.5559,39.39939],[-106.55583,39.39939],[-106.55563,39.39966],[-106.55546,39.39974],[-106.55411,39.39998],[-106.5539,39.40017],[-106.5545,39.40042],[-106.55539,39.40031],[-106.55582,39.40039],[-106.55609,39.40029]]]}},{"type":"Feature","properties":{},"geometry":{"type":"Polygon","coordinates":[[[-106.62953,39.29084],[-106.62958,39.29049],[-106.62943,39.29006],[-106.62912,39.28985],[-106.62861,39.28982],[-106.62835,39.28955],[-106.62827,39.28904],[-106.62847,39.28806],[-106.62831,39.28785],[-106.62783,39.28766],[-106.62667,39.28755],[-106.62624,39.28764],[-106.62585,39.28782],[-106.62576,39.28838],[-106.626,39.28959],[-106.62625,39.28983],[-106.62747,39.29022],[-106.62805,39.29069],[-106.62827,39.29126],[-106.62836,39.29206],[-106.62853,39.29227],[-106.62881,39.29227],[-106.62918,39.29201],[-106.62953,39.29084]]]}},{"type":"Feature","properties":{},"geometry":{"type":"Polygon","coordinates":[[[-106.54815,39.35076],[-106.54827,39.35068],[-106.54818,39.35053],[-106.54794,39.35056],[-106.54796,39.35066],[-106.54815,39.35076]]]}},{"type":"Feature","properties":{},"geometry":{"type":"Polygon","coordinates":[[[-106.80904,39.41943],[-106.80904,39.41882],[-106.80896,39.41882],[-106.8084,39.41927],[-106.80844,39.41938],[-106.80868,39.41957],[-106.80882,39.4198],[-106.80904,39.41975],[-106.80908,39.41963],[-106.80904,39.41943]]]}},{"type":"Feature","properties":{},"geometry":{"type":"Polygon","coordinates":[[[-106.79511,39.48644],[-106.79516,39.48617],[-106.79536,39.48605],[-106.79524,39.48586],[-106.79509,39.48582],[-106.79498,39.48586],[-106.79479,39.48633],[-106.79492,39.48646],[-106.79511,39.48644]]]}},{"type":"Feature","properties":{},"geometry":{"type":"Polygon","coordinates":[[[-106.813,39.4802],[-106.81299,39.4803],[-106.81305,39.4803],[-106.81322,39.48013],[-106.81311,39.48012],[-106.813,39.4802]]]}}]}